day,fin_sum,ctl_sum,fin_articles,ctl_articles,sha256_of_row,bank_run,federal_reserve,financial_crisis,great_depression,inflation,recession,stock_market,stock_market_crash,human,moon,mount_everest,photosynthesis,volcano,water
2015-07-01,14035,34140,8,6,8f81a6af67fc4ad5,759,173,670,5252,2536,837,3151,657,5752,7909,7366,3530,4109,5474
2015-07-02,13209,32850,8,6,f60c3bedeb30be91,602,212,587,4619,2739,816,3000,634,6011,7707,6945,3369,3656,5162
2015-07-03,11925,29341,8,6,05fa42f05beb541c,435,168,462,4186,2113,1001,2940,620,5383,7590,6120,2804,3280,4164
2015-07-04,10952,28452,8,6,8c28cb58f0d197dd,400,178,372,3967,2234,798,2468,535,5076,7309,6746,2410,2905,4006
2015-07-05,11952,32652,8,6,425103b437158815,690,159,520,4908,2017,700,2262,696,6153,6926,7822,3005,4221,4525
2015-07-06,15686,33349,8,6,33205237ecfff53c,965,207,749,6116,2670,1028,3016,935,6089,6517,7804,3592,4192,5155
2015-07-07,15442,33055,8,6,7488510e8acb54c5,691,220,649,5534,2798,1201,3408,941,5966,6780,7084,3590,4390,5245
2015-07-08,18785,33814,8,6,2d18a1e587b2b903,662,216,696,6275,2754,1147,4533,2502,5570,6265,7000,6138,3805,5036
2015-07-09,16284,31120,8,6,c4dbef5d83fd3ae9,510,197,633,5738,2512,932,4266,1496,5627,6270,7105,3269,3834,5015
2015-07-10,12751,28701,8,6,5b3acd8561960ecb,377,197,488,4774,2149,853,3011,902,5316,5795,6227,2942,3604,4817
2015-07-11,10066,26108,8,6,cccea593c2e82606,295,160,350,3883,1723,565,2459,631,5069,5274,6023,2570,3505,3667
2015-07-12,11348,31100,8,6,d6a5c10385df11fb,394,178,558,4354,2081,809,2296,678,5714,6007,7155,3040,4593,4591
2015-07-13,13519,34865,8,6,1d04bb028c2108b5,605,199,602,4931,2655,721,3072,734,6525,7406,7649,3584,4670,5031
2015-07-14,14133,47039,8,6,1b987db618a2dea2,524,190,607,5202,3071,812,3084,643,5957,20031,7720,3511,4503,5317
2015-07-15,13692,42768,8,6,8a72cf4cc40461ed,397,208,629,5069,2633,1120,2937,699,5901,15387,8090,3502,4230,5658
2015-07-16,13034,39157,8,6,dd706d2efd129e43,371,216,537,4751,2593,992,2941,633,5750,13444,7555,3071,3833,5504
2015-07-17,11781,31124,8,6,e7db31f8942a1091,328,237,446,4645,2189,665,2549,722,5145,9292,6575,2463,3288,4361
2015-07-18,9256,29820,8,6,0bdb030ae0aef632,269,129,346,3504,1824,554,2123,507,4999,8167,6818,2462,3560,3814
2015-07-19,10256,33301,8,6,2a4472edbdc87474,297,153,449,4162,1922,584,2101,588,5772,8084,7507,3100,4044,4794
2015-07-20,13142,36302,8,6,0c34317c4585f37d,417,175,584,5029,2516,764,2948,709,6344,9652,7452,3410,4171,5273
2015-07-21,12831,35888,8,6,273b0fa47987716d,371,199,499,4757,2334,706,2955,1010,5807,9179,7599,3714,4212,5377
2015-07-22,12471,33460,8,6,70ee3d5fc2dcb0af,304,166,557,4511,2514,796,2973,650,5642,7815,7269,3572,4023,5139
2015-07-23,12707,33344,8,6,c3fecc0641930b0d,349,262,557,4484,2593,725,3078,659,5677,7780,7271,3449,4090,5077
2015-07-24,11495,31831,8,6,42da99a85675a5bc,271,172,453,4021,2340,668,2979,591,5491,7338,6533,2768,3366,6335
2015-07-25,9573,28380,8,6,bd2f74e6c38afabf,242,171,360,3491,1892,542,2357,518,5305,6926,6547,2457,3225,3920
2015-07-26,10548,33126,8,6,fa4d37455933f596,234,180,446,4217,1989,619,2282,581,6179,7409,7808,3255,3957,4518
2015-07-27,13034,34672,8,6,23dc421e808709ae,271,214,546,4637,2603,727,3020,1016,6554,7195,7604,4134,3941,5244
2015-07-28,13029,33822,8,6,4a47ffd7662a466c,315,183,491,4644,2646,829,3136,785,6179,6828,7046,4678,3731,5360
2015-07-29,13452,36170,8,6,1a83742f87b675be,332,237,551,4617,2714,744,3551,706,6284,6919,7105,4438,4110,7314
2015-07-30,12169,33304,8,6,060fec022ffb33b5,324,195,455,4266,2529,679,3061,660,6160,7750,7073,3748,3458,5115
2015-07-31,10637,33423,8,6,f32db9cf515555cd,249,177,406,3527,2244,867,2575,592,6199,10352,6543,2904,3015,4410
2015-08-01,9664,32345,8,6,1c29e24d3213d3f3,230,168,393,3259,1868,698,2416,632,5285,9971,6519,2687,2673,5210
2015-08-02,9898,33115,8,6,89ac132f6d18f5b4,201,138,371,3799,1980,596,2287,526,5938,7631,7506,3832,3569,4639
2015-08-03,12338,31987,8,6,d762270dd2e3cca9,262,157,450,3826,3334,758,2855,696,5803,6348,7076,4383,3446,4931
2015-08-04,13202,34251,8,6,bf8db8db27967fbd,353,170,549,4395,3098,870,3057,710,6048,6372,8038,4668,3760,5365
2015-08-05,12781,35577,8,6,574aa1c4a45bf82e,346,202,552,4162,2932,882,3059,646,5676,6847,9762,4325,3628,5339
2015-08-06,12879,35301,8,6,a1fc03f2eef75b5a,357,177,473,4284,2916,745,3200,727,5762,8341,8391,4102,3553,5152
2015-08-07,11729,32060,8,6,f91f2470af11127d,265,216,452,3874,2509,867,2833,713,5385,6565,9168,3038,3125,4779
2015-08-08,9741,36015,8,6,6e6cdf231eeb3d00,263,109,372,3532,1911,625,2467,462,4999,5317,15478,2776,2900,4545
2015-08-09,10682,33274,8,6,e0580b502b771928,239,159,452,3842,2202,556,2652,580,5783,5626,9667,3740,3481,4977
2015-08-10,12341,33506,8,6,b151784ec458946b,279,195,516,4065,2637,747,3284,618,5729,5551,8430,4677,3607,5512
2015-08-11,13387,33829,8,6,1dfd8bc8786052c1,352,215,555,4444,2792,1131,3189,709,6023,5985,7956,4452,3609,5804
2015-08-12,14162,33105,8,6,4a8e1f6fe1afdf40,351,218,682,4631,3266,844,3349,821,6053,5853,7795,3831,3547,6026
2015-08-13,13331,32664,8,6,74c2768014e1448d,332,176,523,4500,2996,966,3186,652,5956,6714,7256,3786,3469,5483
2015-08-14,11616,28552,8,6,21bc0fc39bc7d584,310,173,485,3948,2584,665,2825,626,5332,6315,7055,2826,2581,4443
2015-08-15,9806,26338,8,6,aefc9b98474bf415,202,140,359,3534,2159,665,2273,474,5816,4618,6903,2429,2617,3955
2015-08-16,11166,32019,8,6,3ea4febd318e45c8,284,132,441,4203,2407,622,2478,599,6576,5201,8129,3091,3886,5136
2015-08-17,13490,33602,8,6,262ebc65926114c0,344,217,601,4698,3142,751,3056,681,6083,5567,8161,4155,4006,5630
2015-08-18,18480,37677,8,6,44796c537fa5cc0a,311,166,591,9155,3540,883,3044,790,6562,5820,9347,5538,4045,6365
2015-08-19,14905,34721,8,6,0f7a07bdd6616e5a,352,145,591,5073,3086,1646,3209,803,6411,6145,7981,4246,4101,5837
2015-08-20,14041,38974,8,6,26e27c6f4014da16,311,161,570,4857,3054,798,3121,1169,6152,6015,7440,3584,10130,5653
2015-08-21,16258,30214,8,6,584dcb737413cf56,351,155,574,4631,2882,889,3406,3370,6177,5922,7305,3073,3073,4664
2015-08-22,12574,27536,8,6,f8cb1c4f86e612b9,294,170,469,4022,2128,656,2741,2094,6134,5578,6440,2577,2817,3990
2015-08-23,15367,32056,8,6,c05e6c9a7adb95db,273,159,576,6728,2630,766,2675,1560,6000,6204,7867,3376,3752,4857
2015-08-24,36840,35159,8,6,f292d8e700f3a40e,614,228,1227,8151,3386,1621,8776,12837,6488,6254,9005,4218,3634,5560
2015-08-25,31508,35015,8,6,1275a797cbc53df4,491,217,1105,8147,3500,1445,10125,6478,6471,6858,7988,4259,3825,5614
2015-08-26,22318,35703,8,6,58d14e0b8d231643,350,176,793,6505,3191,1239,6687,3377,6835,6922,7619,4219,3935,6173
2015-08-27,17955,34898,8,6,826549f15b90b311,353,173,662,5652,2900,1047,5386,1782,6291,6976,8328,4163,3432,5708
2015-08-28,14855,32507,8,6,d14ef1df51ed3ecb,329,209,563,4936,2479,993,4047,1299,6655,7686,7360,3179,2917,4710
2015-08-29,11505,30860,8,6,3fc0d9faa9f95d79,252,153,560,3850,2038,757,2971,924,5672,8896,7584,2421,2443,3844
2015-08-30,13002,37085,8,6,4b421ec70d199a2a,271,181,568,4658,2498,826,2979,1021,6023,8215,11243,3164,3477,4963
2015-08-31,16236,53101,8,6,13a20900cabe1288,321,190,577,6011,3013,1112,3772,1240,6551,7425,24788,4514,3898,5925
2015-09-01,20547,44307,8,6,11b2512109278e90,338,195,612,6074,3110,4316,4206,1696,6718,7367,15427,4883,3756,6156
2015-09-02,19674,44589,8,6,7396b778852b9cc8,332,174,719,6384,3136,3505,3988,1436,7753,6853,14320,5022,3874,6767
2015-09-03,17112,40548,8,6,3843cda141bc7ee2,362,175,605,6241,3155,1720,3778,1076,7017,6833,11857,4768,3834,6239
2015-09-04,14641,36540,8,6,86d93ed12675ab09,305,178,536,5232,2715,1136,3337,1202,7487,5780,10806,3814,3437,5216
2015-09-05,11733,33123,8,6,a8ec9cb04835f82d,217,120,384,4091,2688,856,2601,776,5968,5789,11782,2862,2665,4057
2015-09-06,13214,37473,8,6,e49212ddd6edd5ef,259,176,510,5253,2613,853,2693,857,6140,6528,12572,3666,3449,5118
2015-09-07,16311,43185,8,6,2cbdffc3ef82bb65,342,154,628,6453,3066,1220,3362,1086,7259,6560,15509,4258,3534,6065
2015-09-08,18167,46493,8,6,73300ac11483dab0,420,211,742,7385,3431,1277,3496,1205,7283,6471,15655,5257,4253,7574
2015-09-09,18582,44584,8,6,f3fe0a0d84d82ba6,401,186,705,7607,3365,1316,3813,1189,7272,6630,13446,5782,4312,7142
2015-09-10,17765,48559,8,6,05715c65e6b5184e,351,191,678,7379,3385,1292,3397,1092,11284,7083,13284,5612,4518,6778
2015-09-11,15298,47213,8,6,d1220a1e5f29f540,358,210,533,5795,2876,1235,3214,1077,9439,6674,16761,4551,4058,5730
2015-09-12,11492,41077,8,6,549cabce8358ea02,252,175,479,4350,1983,844,2629,780,8651,6065,15224,3361,3184,4592
2015-09-13,14669,47861,8,6,9233e946f921fd97,327,173,610,6139,3082,844,2539,955,8319,7105,18087,4499,3902,5949
2015-09-14,22388,55254,8,6,1df75eb0956e5c8f,5030,217,728,7193,3558,1281,3220,1161,8179,7343,19810,5839,7005,7078
2015-09-15,17805,51681,8,6,9e48e272f41f9086,458,206,708,6977,3945,1217,3287,1007,8180,7577,17674,5874,5020,7356
2015-09-16,16250,49964,8,6,c0dcb34f3e587818,402,251,552,6752,3329,1019,3013,932,7883,7298,17862,5818,4194,6909
2015-09-17,16486,54539,8,6,289af69df778c8fc,438,386,651,6624,3689,1045,2795,858,8104,7490,22405,5642,4263,6635
2015-09-18,16481,57638,8,6,283b84f734a4fb5c,413,1049,495,6541,3265,967,2956,795,7302,7180,29593,4324,3766,5473
2015-09-19,11055,61522,8,6,0e4009e2f1ec58dc,273,212,415,4088,2345,647,2481,594,7039,6804,37990,3045,2546,4098
2015-09-20,13399,74424,8,6,79e95a32836aaaba,319,225,468,5801,2696,796,2460,634,7359,7347,45533,5093,3545,5547
2015-09-21,16402,71243,8,6,44d52e9a9b9ee051,426,223,617,6900,3324,988,3055,869,7721,7932,38494,6090,4325,6681
2015-09-22,16095,68200,8,6,dfe86fab280365ff,487,202,575,6535,3245,1033,3064,954,8050,8326,34085,6454,4387,6898
2015-09-23,15869,65057,8,6,96d7281ee15ac2de,372,194,606,6548,3096,1147,2986,920,7591,8137,32971,6316,3991,6051
2015-09-24,14591,68482,8,6,d088ec1a73042dfc,356,196,532,6169,2708,986,2817,827,7866,8697,36676,5455,3967,5821
2015-09-25,13204,65566,8,6,69ecaa0c05757ed8,323,174,515,5441,2558,791,2670,732,7793,9536,34864,4567,3472,5334
2015-09-26,9387,71003,8,6,a945d080e01e7a91,247,154,366,3571,1812,550,2198,489,6545,9979,44150,3747,2527,4055
2015-09-27,11916,93336,8,6,3bd22b49995d03ba,255,176,495,4857,2459,761,2281,632,7381,22509,50758,4432,3166,5090
2015-09-28,16173,114996,8,6,8ddc6b8931a24df2,425,183,672,6442,3252,1058,3046,1095,8007,49205,39691,6116,4320,7657
2015-09-29,77328,80604,8,6,70ff285f86a1fec9,402,152,611,66996,3656,1174,3262,1075,8863,19123,32662,6575,4843,8538
2015-09-30,40661,63910,8,6,64aff105249e7592,398,169,664,30600,3558,1061,3301,910,7550,10455,27890,6426,4426,7163
2015-10-01,14606,53481,8,6,2229f547484747ce,378,185,590,6016,2853,913,2821,850,5816,8310,23067,5747,4150,6391
2015-10-02,12873,50357,8,6,0f79002157fd76fa,304,145,571,5106,2511,924,2588,724,5938,8162,22141,4836,3696,5584
2015-10-03,9730,47052,8,6,a8f8ddd6060dc200,235,109,416,3714,1922,600,2269,465,5079,6933,24525,3363,2715,4437
2015-10-04,11982,55832,8,6,50208ca6b2766145,293,141,518,4951,2427,705,2374,573,6015,7434,28003,5190,3674,5516
2015-10-05,15533,56451,8,6,d6a80a467c4f1016,440,203,638,6365,3115,993,3036,743,6681,8178,22599,7422,4587,6984
2015-10-06,16319,52174,8,6,20d7c1454e2a7e67,430,165,677,6901,3164,992,3153,837,6911,7599,18480,7448,4810,6926
2015-10-07,16608,52134,8,6,6669458ff03c90b8,431,191,692,6926,3196,1090,3313,769,6862,7633,17709,7371,4948,7611
2015-10-08,16227,50023,8,6,fb65ecbaa26ae9c4,442,232,642,6676,3174,989,3281,791,6570,7506,17072,6921,4872,7082
2015-10-09,13757,43387,8,6,1e0a27784fda27ae,389,165,528,5391,2801,950,2828,705,5856,7086,15733,5215,3895,5602
2015-10-10,10177,38613,8,6,597b32e9f5898c4b,310,154,448,3754,1980,627,2483,421,5105,5909,16685,3408,2878,4628
2015-10-11,12122,44772,8,6,b384bbaa91777326,381,146,533,4784,2572,748,2379,579,5620,6409,18756,4839,3507,5641
2015-10-12,15895,49532,8,6,a65b20983efff218,474,220,691,6654,3321,1093,2749,693,6584,7476,17063,6720,4753,6936
2015-10-13,17318,48200,8,6,660dfa07e493b62a,582,195,693,7178,3650,1249,2965,806,6440,7322,14232,7365,5409,7432
2015-10-14,17222,47549,8,6,c0b21ded604bc97b,540,247,665,6861,3705,1194,3014,996,6435,7183,13860,7616,5240,7215
2015-10-15,16967,45740,8,6,d82d4edfa75ecf68,545,208,661,7164,3388,1047,3156,798,6747,7334,12203,7351,5036,7069
2015-10-16,13959,41031,8,6,0fc61acb705a8544,429,163,536,5861,2627,868,2790,685,6159,6882,11977,6062,4057,5894
2015-10-17,10650,35454,8,6,3d9512561f5899a2,279,164,455,4417,2054,626,2164,491,5148,6519,12386,3625,3110,4666
2015-10-18,12255,40821,8,6,aa0c92f36926999b,338,139,547,5360,2422,706,2201,542,5876,6579,14078,4953,3815,5520
2015-10-19,17449,47405,8,6,a053b5a61d8ae591,479,153,658,8049,2991,1064,3119,936,6750,7538,13105,7509,5215,7288
2015-10-20,16640,46766,8,6,47181b7d2ef633ae,487,178,682,7430,3116,1100,2853,794,6588,7897,11494,7465,6340,6982
2015-10-21,15990,46028,8,6,4063582cef2a8b42,477,176,642,7375,2888,1016,2616,800,6091,7314,11165,7469,6996,6993
2015-10-22,15646,44335,8,6,6fee4a9a0912c446,491,187,638,7232,2972,961,2375,790,5990,7513,11724,6681,5767,6660
2015-10-23,14370,47164,8,6,2e422060563f5ad2,373,171,518,6408,2523,761,2481,1135,5938,7201,18240,5363,4608,5814
2015-10-24,10809,47224,8,6,ed77feddb80115d8,313,145,449,4203,1982,598,2112,1007,4986,6138,24518,3200,3480,4902
2015-10-25,12077,55085,8,6,8476c43cdca353f1,355,201,544,5141,2369,612,2161,694,5436,7005,28060,4413,4316,5855
2015-10-26,16213,58121,8,6,e6229ab41be6d286,504,217,746,7151,2927,955,2858,855,6616,8735,23273,6826,5289,7382
2015-10-27,16325,54763,8,6,637f4455196f74a9,467,224,721,7145,3025,948,2889,906,6185,9511,18535,7299,5729,7504
2015-10-28,16344,50309,8,6,914219bbbae65b1f,529,288,662,7013,3291,885,2841,835,6369,8265,16393,6998,5454,6830
2015-10-29,16558,48095,8,6,2894aee43a2a1061,540,267,656,7321,2950,980,2834,1010,5986,7685,15660,7336,5020,6408
2015-10-30,13470,44472,8,6,9519889bd43e1ee5,402,220,561,5759,2494,813,2483,738,5265,9063,15464,5212,4196,5272
2015-10-31,10221,38343,8,6,ecff2828290a6093,294,146,413,4370,1987,575,1989,447,4864,6693,16118,3178,3239,4251
2015-11-01,14433,45431,8,6,4924845b7dc98e4a,321,633,521,7058,2551,639,2189,521,5494,6367,19519,4195,4663,5193
2015-11-02,16623,54342,8,6,303be5fb9d227e12,511,196,683,7716,2936,1011,2761,809,6319,7100,18674,6767,6527,8955
2015-11-03,16845,57443,8,6,bfe5a7aac55bda41,635,256,731,7401,3074,989,2869,890,7149,6961,18306,7206,11102,6719
2015-11-04,17096,55089,8,6,94ecb1504e6b09f0,504,272,718,7553,3173,968,2980,928,6372,7593,15160,7444,11696,6824
2015-11-05,16567,52938,8,6,06c14da10bf6015d,564,214,672,7472,3091,906,2870,778,6511,7033,16082,7165,9455,6692
2015-11-06,14509,44477,8,6,8a55425671ac09b0,416,231,581,6426,2703,817,2591,744,6275,6659,14109,6087,5770,5577
2015-11-07,10686,38089,8,6,353e361f1d939222,286,179,446,4160,2583,596,1890,546,5372,5444,15552,3463,4085,4173
2015-11-08,11753,46792,8,6,e062ff093feabc60,361,156,582,5427,2176,711,1812,528,6006,6368,18560,4291,6465,5102
2015-11-09,16577,58439,8,6,0c94b3150d453585,539,196,722,7716,3118,908,2578,800,7355,7866,15791,12042,8637,6748
2015-11-10,16065,51947,8,6,2c71d16632b3a0a6,514,266,734,7507,2877,860,2449,858,8150,8437,13669,7185,7551,6955
2015-11-11,14915,46724,8,6,c4a64df92d247819,551,255,683,6580,2750,910,2304,882,7323,7957,13213,5862,6450,5919
2015-11-12,16142,46438,8,6,a6fc507e99e88f7a,566,253,708,7417,2897,895,2502,904,6554,7251,12898,6758,6472,6505
2015-11-13,14064,39401,8,6,d8af70a2300e4b20,500,192,704,6044,2507,766,2497,854,5494,6078,11583,5633,5167,5446
2015-11-14,9706,32847,8,6,b965e6614087ee8b,307,157,426,3784,1973,547,2038,474,5099,5136,11621,3055,3614,4322
2015-11-15,12533,40168,8,6,dc964b93f2109605,387,174,574,5139,2344,634,2266,1015,5334,6001,14032,4408,5154,5239
2015-11-16,17616,45543,8,6,0d7e1f246f15cea6,561,214,748,7237,3263,1736,3053,804,6168,6827,12396,6636,6668,6848
2015-11-17,19185,45951,8,6,7a194975294dd806,568,236,765,8627,3844,1244,3020,881,6687,6978,11165,7114,6890,7117
2015-11-18,17054,44451,8,6,0dce9abfcfa798a3,575,227,757,7276,3318,1089,2923,889,6446,6989,11023,6782,6276,6935
2015-11-19,16851,45533,8,6,b09a24ab9a4bbc20,590,246,753,7214,3360,969,2910,809,6811,7386,12423,6567,5797,6549
2015-11-20,13784,39600,8,6,7437599a195cf5eb,470,198,547,5663,2809,870,2588,639,5976,6625,11765,5475,4298,5461
2015-11-21,10168,34553,8,6,75f894d4165c9648,326,149,465,3825,2258,605,2123,417,4775,5612,13490,3157,3201,4318
2015-11-22,12015,42382,8,6,31c5878986ba9c28,412,151,549,4791,2650,733,2226,503,5758,6397,15995,4267,4829,5136
2015-11-23,15378,46771,8,6,8c010885c3ea673e,583,210,665,6359,3126,910,2804,721,6648,8277,13765,5774,5880,6427
2015-11-24,15449,48119,8,6,33b3869d0ce4655f,570,241,745,6367,3017,983,2842,684,11156,8155,11437,5606,5628,6137
2015-11-25,13430,40889,8,6,c9940e61d4b86a24,451,172,608,5213,2902,831,2638,615,6582,8202,11126,4218,5070,5691
2015-11-26,12353,35993,8,6,c66f284038c4673e,387,169,577,4717,2656,774,2567,506,5410,7390,10381,3636,4094,5082
2015-11-27,12678,35056,8,6,72c56a1312f4dfea,360,185,550,4338,3092,649,2869,635,6111,7212,10803,3064,3593,4273
2015-11-28,10431,33713,8,6,e23a9615ac385e30,314,149,482,3957,2101,584,2230,614,5820,5968,12097,2942,2929,3957
2015-11-29,12785,39911,8,6,01d4c3b304e7ab7b,467,179,598,5333,2666,706,2186,650,6315,6419,14207,4074,3868,5028
2015-11-30,17160,43548,8,6,3fb6092ea653ce9f,674,240,822,7107,3526,944,2872,975,6605,6989,12787,5880,5110,6177
2015-12-01,17583,44739,8,6,198dba52e16acc1b,754,230,789,7342,3400,1148,2917,1003,7262,7190,11131,6491,6178,6487
2015-12-02,17743,42829,8,6,32018be1f05bcbd2,690,279,759,7824,3313,1050,2871,957,7350,6647,10545,6362,5490,6435
2015-12-03,16907,42266,8,6,25b00e4548a22a6c,588,242,760,7363,3336,948,2706,964,7155,6559,10045,6281,5919,6307
2015-12-04,15499,38922,8,6,1002e14f5cf27655,685,247,569,6440,2946,1301,2421,890,7279,6431,9553,5355,4747,5557
2015-12-05,10465,30876,8,6,c19d3eee0da947d7,375,151,497,3920,2062,971,2021,468,5628,5333,9783,2943,3195,3994
2015-12-06,13116,36230,8,6,4e4baa8da9e88913,817,211,577,5370,2500,850,2201,590,6106,5692,11506,4137,3893,4896
2015-12-07,17644,42885,8,6,b0887c5f7150230a,816,242,800,7563,3138,1246,2773,1066,7317,6957,10761,5969,5609,6272
2015-12-08,17769,46286,8,6,e4cc566315d2f221,732,259,856,7642,3327,1225,2755,973,8057,7081,12936,6618,5439,6155
2015-12-09,17866,42986,8,6,52a7c33166e6ed95,770,269,746,7417,3672,1121,2882,989,7191,7886,9915,6543,5319,6132
2015-12-10,17327,40085,8,6,73c26ef697ed5061,721,246,760,7417,3311,960,2976,936,6932,6415,9446,6495,4631,6166
2015-12-11,15363,39319,8,6,2fe1fcd2a702d79b,591,225,623,6850,2705,825,2691,853,7042,7712,9283,5617,3999,5666
2015-12-12,10563,30779,8,6,8c6580aa62501c5e,393,177,460,3958,2193,642,2206,534,5943,5425,9533,3112,2809,3957
2015-12-13,12771,36170,8,6,f7cf527589dc7c4d,853,175,611,5036,2681,717,2088,610,5852,5858,10789,4131,4805,4735
2015-12-14,17959,41400,8,6,5ac6999aac575ada,1250,247,781,7608,3377,922,2738,1036,7240,7007,10549,6546,4504,5554
2015-12-15,17091,39340,8,6,0e109667c0ffaff3,743,272,606,7371,3523,972,2713,891,6664,7093,9517,6424,4018,5624
2015-12-16,17356,38042,8,6,49c6f75db9597347,771,487,623,6972,3692,952,2833,1026,6501,6794,9781,5972,3876,5118
2015-12-17,15673,39190,8,6,ede61e2dcb4668f3,782,405,578,6074,3349,831,2765,889,6451,6555,11477,5359,4334,5014
2015-12-18,12121,33136,8,6,8068c007237c788f,591,229,476,4474,2562,653,2470,666,5987,6178,10101,3808,2909,4153
2015-12-19,8930,28986,8,6,3ea6728b58a0fdbd,454,163,350,3141,1947,490,1958,427,5234,5061,11536,2013,1922,3220
2015-12-20,9345,35854,8,6,fa85031dcd3228bd,672,134,323,3396,2041,454,1893,432,5439,5572,16923,2222,2228,3470
2015-12-21,11263,31369,8,6,e148050f9f4df92d,593,152,416,4195,2516,557,2275,559,4723,5189,12129,2807,2475,4046
2015-12-22,9960,29376,8,6,15370ecb8b5eaabd,485,157,360,3516,2147,477,2281,537,4543,5263,10718,2606,2306,3940
2015-12-23,9596,28911,8,6,42a171418843dfec,499,136,376,3441,1974,444,2234,492,4938,5358,10919,2132,2042,3522
2015-12-24,8688,28643,8,6,fd7e79d9c2f0c8e9,787,150,307,2962,1524,425,2083,450,4653,5744,11183,1729,2175,3159
2015-12-25,9226,29727,8,6,217efa4176106f37,1802,105,223,3252,1502,368,1502,472,3774,6222,12717,2439,1813,2762
2015-12-26,8762,33219,8,6,6d202edf21fb4afc,672,137,304,3114,1466,389,2159,521,4007,6213,15739,1577,2460,3223
2015-12-27,9216,34049,8,6,50444ff6607b28e9,622,131,367,3358,1713,439,2112,474,4140,5768,16130,1961,2564,3486
2015-12-28,10248,34497,8,6,5a107cf4db9d28f7,389,191,483,3603,2080,557,2385,560,4413,5570,15455,2121,2569,4369
2015-12-29,10388,33086,8,6,bea281fe58413bdc,405,176,470,3570,2173,549,2498,547,4333,5514,14091,2246,2677,4225
2015-12-30,11935,32568,8,6,adf89cf7bb29b2f3,380,150,498,3729,1990,586,3937,665,4772,5364,13570,2050,2703,4109
2015-12-31,8176,29921,8,6,5f19288dfe4a0cb2,300,136,364,3007,1556,430,1796,587,4320,4887,13191,1756,2210,3557
2016-01-01,8655,31855,8,6,dcb3611e2dafc8e2,458,119,365,3385,1806,368,1625,529,4508,5196,14169,1737,2363,3882
2016-01-02,10009,37613,8,6,eb3ae7ef02681c5d,337,158,538,3803,1900,492,2080,701,4979,5723,17592,2285,2960,4074
2016-01-03,10900,39666,8,6,432b5c257a971633,366,168,536,4151,2128,539,2214,798,5235,5492,17777,2724,3734,4704
2016-01-04,17410,41270,8,6,ec46093d19809942,496,192,645,6816,2616,850,4033,1762,6039,6157,15052,4107,4521,5394
2016-01-05,18517,50146,8,6,f7c6a261ba753660,558,230,677,7295,2915,863,4600,1379,6379,6304,20629,5103,5419,6312
2016-01-06,18821,43681,8,6,3d70b88f6ce5d368,561,198,638,7805,3029,897,4236,1457,5929,7009,13237,5290,5854,6362
2016-01-07,21026,45311,8,6,fac055b9b05b73df,595,192,799,8121,3032,1131,4245,2911,5701,7083,12704,5229,7967,6627
2016-01-08,17540,39024,8,6,049a57bae221da90,498,223,629,7245,2630,933,3661,1721,5331,6463,12629,4449,4684,5468
2016-01-09,12986,39992,8,6,c3009505ff0cded5,316,169,536,4874,2403,750,2804,1134,4707,5248,18952,2813,3663,4609
2016-01-10,14580,44736,8,6,2af944f6d92fd582,390,188,605,5933,2591,888,2860,1125,5286,6068,19391,3910,4756,5325
2016-01-11,19910,45317,8,6,68e61096c2295e72,627,212,722,8289,3297,1246,3916,1601,5558,7021,15156,5115,5893,6574
2016-01-12,19042,46418,8,6,2c86c4a52eb7d2c5,587,208,817,8151,3172,1316,3315,1476,5755,8605,13592,5487,6391,6588
2016-01-13,19642,44888,8,6,7ed824a44081fd30,564,193,738,8149,3282,1413,3425,1878,5573,7858,13201,5631,6062,6563
2016-01-14,19553,46196,8,6,69ed0807d150e944,577,216,695,8374,3110,1217,3601,1763,5667,7703,14472,6160,5976,6218
2016-01-15,19108,40464,8,6,d4bc9b2e2a03a140,582,213,683,6992,2654,1383,3667,2934,5249,7524,13239,4545,4537,5370
2016-01-16,13954,55503,8,6,d9ca4c3d306a395b,355,168,526,4737,2290,1133,3090,1655,4717,24089,15402,3149,3491,4655
2016-01-17,14390,50754,8,6,82ecf828b5d5c75a,379,175,684,5399,2559,1048,2773,1373,4998,12034,20098,3404,4690,5530
2016-01-18,17435,47432,8,6,925ba96d1e68c8d1,496,227,802,6678,3078,1395,3231,1528,5545,7456,17526,4839,5106,6960
2016-01-19,19907,50351,8,6,b15b30a5119b3252,581,226,780,8182,3641,1524,3593,1380,5923,8142,17057,6099,6022,7108
2016-01-20,22946,54285,8,6,ec3d180b8ce747f3,675,237,870,8568,3539,1818,4044,3195,6016,8805,19995,6215,6031,7223
2016-01-21,19914,54793,8,6,b2de7272df527aef,628,227,757,7827,3155,1600,3910,1810,6337,9777,19963,6065,5657,6994
2016-01-22,17448,51421,8,6,7af307b96b02c1a6,528,222,656,7179,2906,1311,3371,1275,5601,8617,22251,4741,4277,5934
2016-01-23,11929,59685,8,6,8a9937b7d474f239,325,186,535,4401,2194,931,2500,857,5244,7404,36057,3099,3436,4445
2016-01-24,13692,72204,8,6,1ee12fb3fb0a2efe,408,250,630,5320,2685,963,2458,978,5651,8037,44414,4145,4066,5891
2016-01-25,17237,60241,8,6,b79bc9cf2b2d7677,589,272,687,7359,2980,1326,2823,1201,6191,8522,28306,5392,4990,6840
2016-01-26,18197,55377,8,6,ad688b72a9e03427,657,193,766,7879,3139,1249,3050,1264,6598,9044,20885,5612,5479,7759
2016-01-27,18972,52383,8,6,f2cfeb97a131e093,605,275,734,8420,3148,1302,3257,1231,6573,8597,17934,6144,5445,7690
2016-01-28,18230,50433,8,6,238395304723d070,623,229,713,7830,3239,1302,3168,1126,6788,8213,17213,5715,5408,7096
2016-01-29,16361,45141,8,6,a067f893252ca951,634,252,646,6701,2964,1241,3002,921,5840,7760,16849,4615,4235,5842
2016-01-30,11538,47842,8,6,4e40f5bde68cc252,360,176,473,4570,2196,749,2372,642,4979,7326,25086,2731,3067,4653
2016-01-31,13277,57806,8,6,af7ed3b0817de86e,454,214,574,5756,2439,811,2289,740,5356,7460,31380,3745,4183,5682
2016-02-01,19075,55296,8,6,856566e88a1f7d08,601,260,793,8949,2987,1308,3153,1024,6323,8493,22149,5583,5445,7303
2016-02-02,18804,124366,8,6,1d8cb1f8cc5bcacc,558,270,708,8441,3235,1368,3229,995,80673,8284,16525,5759,5645,7480
2016-02-03,18909,93624,8,6,8d6cefb14d91c5e4,675,272,667,8234,3279,1345,3352,1085,52509,7964,14797,5533,5706,7115
2016-02-04,18954,50608,8,6,414c18a47644f352,738,336,639,8514,3101,1349,3183,1094,11040,7562,14158,5316,5340,7192
2016-02-05,16571,45936,8,6,65bc90c3355fe0a9,730,220,609,7107,2553,1184,2857,1311,8513,6764,14574,4651,5238,6196
2016-02-06,11219,43207,8,6,4a4cdd3252915be3,347,172,472,4338,2004,792,2297,797,6006,6459,19782,2962,3628,4370
2016-02-07,12759,48044,8,6,f66ccb794f26b983,361,198,519,5355,2320,835,2338,833,5993,6569,22732,3517,3899,5334
2016-02-08,17680,47588,8,6,378e00840b76dc1c,510,220,636,7635,2921,1406,3193,1159,6859,7953,15290,5379,5319,6788
2016-02-09,19563,47940,8,6,be8ad9e7a2ebce35,644,223,677,8713,3160,1508,3239,1399,6972,7454,14843,5828,5649,7194
2016-02-10,18859,45198,8,6,16c7acbe9ca33b31,625,313,673,8289,3099,1427,3241,1192,6341,7294,13254,6188,5146,6975
2016-02-11,20094,43813,8,6,5cd29b1459f30532,604,292,735,8100,3351,1591,3700,1721,6312,7230,12879,5560,4959,6873
2016-02-12,16425,38145,8,6,68179eb4eb01429d,460,229,706,6661,2554,1322,3225,1268,6079,6352,12292,4090,3894,5438
2016-02-13,11415,38265,8,6,bf92d55a87c8e258,326,184,446,4387,2085,857,2424,706,5386,5715,16760,2590,3336,4478
2016-02-14,12378,44675,8,6,090ed0549e59fa9c,331,203,579,4877,2500,915,2262,711,5528,6293,20945,3137,3731,5041
2016-02-15,15852,46163,8,6,117f28de28f2af75,487,230,757,6266,3068,1117,3094,833,6077,6888,17838,4581,4513,6266
2016-02-16,17946,45741,8,6,06fa7438d29e1066,574,375,740,7473,3442,1095,3287,960,6822,7017,14555,5403,5038,6906
2016-02-17,17943,49336,8,6,2f61439867077eae,547,301,875,7765,3188,1139,3203,925,7085,7232,16991,6063,5168,6797
2016-02-18,18388,48424,8,6,ae36e35080487579,528,267,687,7630,3957,1126,3211,982,7718,7510,15987,5770,4689,6750
2016-02-19,15997,44066,8,6,eb81fc0f6dced602,595,225,616,7034,2736,1066,2766,959,6800,6928,16079,4476,4201,5582
2016-02-20,11606,44097,8,6,8476ae0a278556ab,307,180,509,4556,2363,752,2395,544,5425,6381,21215,2927,3378,4771
2016-02-21,13551,54060,8,6,98d72997ed801361,398,227,497,5876,2589,847,2427,690,5789,7938,26410,4200,4347,5376
2016-02-22,19046,55458,8,6,1bc2baf3964fd18d,589,305,744,8774,3411,1207,2983,1033,6692,9774,19905,6217,5660,7210
2016-02-23,19036,51525,8,6,caa5c2dfbcd2b820,616,272,733,8753,3324,1266,3046,1026,6813,10039,15154,6551,5770,7198
2016-02-24,19345,49250,8,6,52cd40e96b3efbe1,629,215,694,8976,3217,1243,3254,1117,6563,8976,14913,6538,5340,6920
2016-02-25,19219,46671,8,6,c2c218f9a1f243c5,594,235,695,8343,3333,1339,3566,1114,6412,8030,13968,6004,5430,6827
2016-02-26,17111,45990,8,6,a1e49e0b0887787b,576,223,601,7053,3285,1109,3250,1014,10228,7232,13465,4773,4694,5598
2016-02-27,12113,41862,8,6,17b2eb91535e701f,314,179,480,4647,2244,754,2776,719,6862,6129,17941,3148,3426,4356
2016-02-28,14332,46866,8,6,c26554e789c986e6,416,191,615,5621,2739,883,2989,878,5762,6521,21120,3986,4169,5308
2016-02-29,20693,47756,8,6,94673216360804c9,610,243,834,8979,3680,1187,3813,1347,6285,7317,15687,5993,5226,7248
2016-03-01,19594,45977,8,6,2de4fce4a805f544,588,241,767,8479,3353,1226,3551,1389,6306,7322,13292,6454,5490,7113
2016-03-02,19107,43583,8,6,a8d8c7fd8469f078,661,263,759,8327,3063,1190,3632,1212,6196,7205,12031,6154,5306,6691
2016-03-03,19254,44050,8,6,b04091d9056fca39,733,232,717,8425,3297,1171,3586,1093,6351,7408,12405,6089,5087,6710
2016-03-04,17414,38642,8,6,af8a000b0763c65a,615,234,685,7362,2819,1591,3119,989,5705,6427,11725,4806,4367,5612
2016-03-05,12189,36455,8,6,34489ecb987df3ef,420,191,494,4574,2074,1091,2667,678,4929,5860,15425,3194,2947,4100
2016-03-06,14665,42486,8,6,f0bd8e95b6662e1e,470,211,643,6554,2491,904,2707,685,5531,5901,18506,4018,3405,5125
2016-03-07,18820,45383,8,6,4b710468c1da02b1,636,298,785,8280,3231,1126,3376,1088,6009,6726,15703,5829,4707,6409
2016-03-08,19085,43160,8,6,ae6729196663e24b,695,277,783,8306,3307,1062,3508,1147,6041,7590,12233,5680,4970,6646
2016-03-09,18404,42669,8,6,5f7368c46c4013bd,632,286,756,8218,3147,1038,3299,1028,6029,7809,11545,5891,4799,6596
2016-03-10,17952,40927,8,6,038c416866c4069a,634,220,732,7704,3289,1108,3165,1100,5898,7055,11314,5586,4873,6201
2016-03-11,16862,38462,8,6,c452bb3388a90289,931,200,672,6754,3035,1320,3091,859,5434,6044,13185,4537,4025,5237
2016-03-12,10961,33951,8,6,029e417b72e1f65d,376,148,586,4492,1960,631,2204,564,4787,5351,14026,2790,2853,4144
2016-03-13,13005,41296,8,6,b9c27613104be15c,479,231,709,5601,2442,747,2111,685,5071,6158,17488,3567,3510,5502
2016-03-14,17463,42911,8,6,6d07c9139f289aa9,589,254,782,7994,3169,1074,2633,968,5828,6844,14308,5164,4398,6369
2016-03-15,17536,40690,8,6,77e1626f51945cb0,632,210,807,7736,3154,1113,2859,1025,6261,6809,11208,5056,4745,6611
2016-03-16,16990,40220,8,6,c01a487122484c61,646,269,754,7326,3196,1003,2726,1070,6955,6530,10238,5338,4389,6770
2016-03-17,16150,39581,8,6,44261e627ddef442,586,209,777,7029,3035,932,2664,918,6758,6563,10774,5046,3908,6532
2016-03-18,13499,38632,8,6,22962453fb6f30dc,503,207,632,5745,2428,760,2401,823,7474,6364,11366,3954,3441,6033
2016-03-19,10213,32995,8,6,ad81b64d5510207e,337,187,473,4144,1816,585,1936,735,6223,4917,12436,2751,2343,4325
2016-03-20,12200,38742,8,6,1f9e1ff6fe006daa,365,171,589,5209,2234,665,2045,922,5620,5299,16262,3404,3108,5049
2016-03-21,15956,42066,8,6,16fdf200940d1436,568,263,735,7142,2846,919,2467,1016,6403,6319,13910,4936,4012,6486
2016-03-22,14947,41020,8,6,4cd0555903afd387,463,200,663,6579,2625,821,2666,930,6265,7429,10989,4898,4045,7394
2016-03-23,14076,36262,8,6,7c3b5af1f52f981f,505,215,636,6269,2438,814,2340,859,5706,7306,9700,4526,3301,5723
2016-03-24,12968,35694,8,6,d7ca21a853891628,435,199,571,5354,2186,1293,2131,799,5447,6882,11698,3602,2757,5308
2016-03-25,10297,32166,8,6,b74f6e7e35d7d099,341,172,450,4213,1917,540,1991,673,5139,5601,12625,2738,2111,3952
2016-03-26,9077,31382,8,6,5ffaec64b9a48e96,293,134,425,3670,1711,500,1771,573,4734,5179,13432,2525,1895,3617
2016-03-27,10278,33370,8,6,bfc90d41c7ea24eb,335,158,486,4336,2018,511,1760,674,5088,5063,14693,2644,2147,3735
2016-03-28,14127,41925,8,6,39655218819bb5df,535,191,673,5958,2587,704,2537,942,5849,5491,17411,4405,3541,5228
2016-03-29,15710,44844,8,6,103b7d609756d672,726,245,723,6891,2770,829,2588,938,6796,6114,17605,4747,3559,6023
2016-03-30,15156,36683,8,6,704e0e010f26a358,534,219,699,6521,2764,899,2602,918,6490,5666,10695,4543,3320,5969
2016-03-31,14480,35849,8,6,12ca6950cb9c474a,522,218,737,6315,2615,851,2338,884,6258,5658,10452,4426,3329,5726
2016-04-01,12785,33035,8,6,5d7c4f5f7335194d,423,173,607,5286,2283,695,2534,784,5482,6390,9501,3768,2774,5120
2016-04-02,10005,29163,8,6,8793307d8d202177,284,175,699,3877,1847,576,1968,579,4769,4497,10863,2675,2016,4343
2016-04-03,11838,33703,8,6,c704451f46bb6f2f,504,170,546,4794,2045,995,2035,749,5171,5482,12722,3735,2502,4091
2016-04-04,16283,37119,8,6,dfdd367e7695d3c6,667,208,844,7114,2637,1224,2632,957,5977,5458,11372,5038,3459,5815
2016-04-05,16338,37535,8,6,71af569b2ee729d7,687,232,730,6953,3028,932,2721,1055,6122,6439,9577,5394,4150,5853
2016-04-06,16205,36999,8,6,e339844459b30a2d,612,263,749,6998,3048,909,2711,915,5915,5756,10252,5508,3647,5921
2016-04-07,15963,37523,8,6,768ed34d10204d8f,821,208,767,7008,2648,874,2709,928,5978,7074,10481,4969,3639,5382
2016-04-08,13535,32841,8,6,57ef7d13a77ecbbe,533,232,588,5823,2415,862,2257,825,5734,5351,9578,4348,2992,4838
2016-04-09,10320,30436,8,6,f46b510f23380e5d,354,170,516,4290,1873,614,1893,610,4973,4907,10543,3310,2288,4415
2016-04-10,12488,35698,8,6,0585c76138546487,518,197,667,5544,2208,660,1961,733,5360,5363,13015,3923,3008,5029
2016-04-11,17381,39925,8,6,5eb95c9c6f2d7a45,669,219,780,8125,2929,975,2541,1143,6421,6089,11832,5305,4338,5940
2016-04-12,17475,39830,8,6,026d5b6a069efb7b,593,204,734,8263,3176,932,2576,997,7055,6379,10108,5591,4196,6501
2016-04-13,16661,40369,8,6,923ea5f6c3b98ed7,587,197,758,8192,2664,893,2429,941,6800,7688,10506,5530,4150,5695
2016-04-14,16597,36436,8,6,4c64de11a8021ff0,585,202,714,7848,2777,1388,2322,761,6507,5996,9104,5250,3963,5616
2016-04-15,13533,33174,8,6,8789e6e0563e1102,431,190,584,6508,2226,772,2050,772,5831,5533,8793,4443,3543,5031
2016-04-16,9464,28762,8,6,e4e158b2d3da7fe6,302,184,469,3700,1904,566,1822,517,4945,5072,9546,2959,2522,3718
2016-04-17,11384,38022,8,6,9712fe7f8fe7ece4,398,201,602,4897,2207,685,1754,640,5163,5325,12244,3888,3041,8361
2016-04-18,16625,39668,8,6,51af5853c779853f,689,295,856,7381,2655,1070,2559,1120,6067,6683,11949,5147,4345,5477
2016-04-19,16488,40074,8,6,b4c71883c3fe9906,682,206,788,7485,2763,981,2609,974,6423,6585,11187,5669,4544,5666
2016-04-20,17066,37879,8,6,eb3048ed97e4b43d,611,247,775,7618,2985,894,2987,949,5967,7026,9617,5495,4162,5612
2016-04-21,16561,37036,8,6,608eeff81dd7ef47,574,259,635,6964,2923,886,3282,1038,6080,7174,9074,5310,3878,5520
2016-04-22,14331,36190,8,6,3427ab199b4a7e00,492,205,586,5976,2388,786,3111,787,6374,7249,9635,4612,3383,4937
2016-04-23,9712,31114,8,6,6c89776f1a28d02e,351,169,449,3840,1861,563,1920,559,5406,5730,10013,3235,2908,3822
2016-04-24,11431,44781,8,6,2bcd3afd282634a3,426,191,625,4817,2146,616,1955,655,5341,5894,22231,3933,2914,4468
2016-04-25,17054,46241,8,6,b6a611518ecda35c,640,236,843,7112,2809,921,3406,1087,6250,6469,17931,5698,4036,5857
2016-04-26,17464,43155,8,6,9f94288afda18561,649,226,775,7380,2793,939,3744,958,6156,6326,14526,5877,4061,6209
2016-04-27,18030,38729,8,6,7c481f3e187b8cfb,552,215,754,7191,3031,996,4327,964,6458,6434,9963,5623,4154,6097
2016-04-28,16680,38272,8,6,06035b058d6be040,608,244,686,7221,2866,1007,3088,960,6532,6121,10145,5690,3975,5809
2016-04-29,13576,34762,8,6,aaf4997574ce89c6,613,174,577,5929,2291,753,2377,862,5723,5493,10521,4553,3350,5122
2016-04-30,9908,28917,8,6,93fcf5e05c7662f2,441,160,513,3968,1794,580,1871,581,5126,4669,9508,3200,2645,3769
2016-05-01,11542,34956,8,6,2cf673d496957bf9,407,161,612,5087,2078,706,1857,634,7033,4866,11859,3798,2856,4544
2016-05-02,17484,42518,8,6,36f4ad25acb4faec,727,203,888,7676,2989,1494,2460,1047,6727,5782,14670,5512,4123,5704
2016-05-03,16801,40859,8,6,ad6ff8bb18e27aad,623,232,805,7437,2991,958,2709,1046,6523,6079,10963,6003,5085,6206
2016-05-04,16029,37452,8,6,6f68d3d9d070558b,579,184,766,7573,2786,856,2438,847,6501,5936,9030,5363,4614,6008
2016-05-05,15254,36680,8,6,06d63e1e9b9e7f75,543,237,692,6706,2841,857,2602,776,6405,5846,9318,5258,4184,5669
2016-05-06,13638,35177,8,6,39bad1f50b0eb16d,548,191,608,5978,2433,813,2309,758,6218,5833,8975,4611,4181,5359
2016-05-07,9829,29182,8,6,ccbcf9ef99b9f604,494,154,458,3957,1816,589,1851,510,6711,4317,8767,3009,2844,3534
2016-05-08,11351,31708,8,6,d1dd42782f30c64f,421,165,588,5014,2013,649,1871,630,5225,4886,10527,3820,2973,4277
2016-05-09,16195,40391,8,6,c97f4f8dcda43e77,609,241,764,7262,3064,920,2476,859,6584,6915,10809,5578,4581,5924
2016-05-10,16663,40692,8,6,ca5c1cb1ebe0cae5,604,224,845,7219,3189,972,2677,933,6293,6653,11348,5622,4800,5976
2016-05-11,16006,47714,8,6,ffd850cf7d6a4ffc,632,204,749,6901,2945,1036,2669,870,6489,6468,18380,5511,4942,5924
2016-05-12,15672,44374,8,6,e81662f4a37d6cf2,589,214,739,6715,3031,1061,2476,847,6384,6449,15625,5364,4855,5697
2016-05-13,13290,39968,8,6,71ebb9ad3c035256,460,189,646,5487,2397,901,2381,829,6098,6422,13963,4225,4240,5020
2016-05-14,9704,30683,8,6,1e95a2e24700e944,345,173,450,3702,1903,655,1961,515,5176,5008,10099,3148,3376,3876
2016-05-15,12768,34119,8,6,1f7b36fca670fa94,381,155,511,5865,2666,737,1864,589,5245,5661,11613,3867,3543,4190
2016-05-16,15625,40722,8,6,949a82cf7e21ebdc,538,195,697,7025,2764,936,2424,1046,6178,6620,11704,5455,4990,5775
2016-05-17,16422,40490,8,6,6106bdfac21c0f2c,539,181,680,6816,3329,1103,2747,1027,6549,6509,10469,5629,5412,5922
2016-05-18,15823,40264,8,6,13bc94200d12ab18,617,237,705,6725,3156,885,2543,955,6250,6779,10901,5215,5158,5961
2016-05-19,15186,39782,8,6,66691a250ab0ac07,448,190,695,6701,2831,847,2529,945,6339,6798,11079,5085,4667,5814
2016-05-20,13019,38115,8,6,505153ba904cb5ca,396,163,581,5695,2266,736,2446,736,6101,6792,12123,4118,3983,4998
2016-05-21,10189,38998,8,6,55c5967062a11125,349,161,550,4244,1770,679,1887,549,8024,6342,14990,2874,3081,3687
2016-05-22,11813,52818,8,6,253ea1669006926f,378,179,589,5402,2041,750,1834,640,5644,6637,29117,3586,3714,4120
2016-05-23,15963,84536,8,6,21b7226c196e65e0,510,203,692,7309,2621,1105,2585,938,6257,7376,55924,4976,4361,5642
2016-05-24,15389,64706,8,6,114c8a004ab5e2be,580,190,660,6704,2893,1064,2370,928,6389,6634,35778,5111,4889,5905
2016-05-25,14466,53639,8,6,73915f2284efc5b7,496,174,639,5986,2518,1190,2568,895,6092,6481,25888,4979,4744,5455
2016-05-26,13997,44160,8,6,d031be38bb770b6c,482,235,580,5851,2496,1055,2470,828,6249,6064,17457,4751,4267,5372
2016-05-27,11623,39518,8,6,94af4dc1821f5b4b,414,179,543,4602,2151,799,2285,650,5625,5577,16600,3821,3311,4584
2016-05-28,9435,39225,8,6,64e4352d8ede9b28,332,149,466,3778,1773,555,1848,534,9838,4787,15656,2874,2467,3603
2016-05-29,10311,44055,8,6,0089118c56a2ea02,391,159,555,3989,2024,707,1930,556,10858,5030,18276,3160,2772,3959
2016-05-30,12181,43876,8,6,e45b3099247df633,437,189,656,4864,2239,749,2390,657,6456,5275,19822,4136,3362,4825
2016-05-31,13725,41135,8,6,080905d5326ee556,437,180,717,5691,2444,871,2646,739,6724,5755,14556,4737,3981,5382
2016-06-01,13292,38503,8,6,0b689c512fa9ae2f,439,198,686,5327,2486,879,2527,750,6827,5741,12210,4621,3832,5272
2016-06-02,13078,37441,8,6,86a2a19c6e11f934,419,166,614,5488,2304,832,2502,753,6336,5552,12252,4419,3720,5162
2016-06-03,11991,33446,8,6,144aef88fd852614,372,160,478,4695,2168,1091,2340,687,5342,5331,11302,3660,3128,4683
2016-06-04,9630,33955,8,6,34c90c265aacbd3d,326,108,439,3716,1891,788,1863,499,4874,4782,15071,2882,2392,3954
2016-06-05,11212,36504,8,6,e1e70bddd3b81d72,372,137,464,4848,1968,726,2091,606,5273,5482,15270,3524,2800,4155
2016-06-06,13514,36376,8,6,01ed25557238473d,382,210,552,6048,2350,845,2377,750,5644,6288,10861,4402,3958,5223
2016-06-07,14099,38603,8,6,b77f12d733a16045,401,192,633,6095,2626,895,2518,739,5577,5876,13236,4703,3580,5631
2016-06-08,13920,42568,8,6,78cbea774bebf74f,394,224,631,5797,2745,910,2543,676,5962,5734,16977,4569,3781,5545
2016-06-09,13464,34703,8,6,6e48f076fb155254,375,228,653,5606,2638,817,2425,722,5894,5459,10207,4212,3446,5485
2016-06-10,11829,32868,8,6,eb3079569bb6ba42,355,198,534,4651,2553,687,2322,529,5922,5144,9886,3371,3083,5462
2016-06-11,9166,28266,8,6,2c77a424f04eafaf,268,151,381,3573,2056,507,1829,401,4589,4714,9551,2643,2570,4199
2016-06-12,10563,77819,8,6,da1f49b5dfddb4cb,327,150,456,4545,1963,531,2030,561,5009,5508,56483,3246,2919,4654
2016-06-13,12773,56051,8,6,e9a080119b6b479c,359,161,580,5385,2311,691,2597,689,5417,5557,30989,4032,4627,5429
2016-06-14,12664,45537,8,6,b98920f82be9504e,357,158,581,5179,2517,690,2553,629,5503,5879,18862,4111,5317,5865
2016-06-15,12920,48818,8,6,f098cd6453d844f7,530,190,589,5211,2481,718,2564,637,5410,5854,22542,4050,5053,5909
2016-06-16,12979,42119,8,6,138a61b78d72c60e,418,179,485,5395,2264,728,2739,771,5460,6153,16888,3691,4485,5442
2016-06-17,10847,41593,8,6,81b94e205fe09f38,319,139,434,4539,1952,542,2384,538,4771,5954,19761,3232,3210,4665
2016-06-18,8800,39586,8,6,e7db5feef42b0f85,221,113,378,3474,1695,509,1997,413,4591,6277,18815,2738,3064,4101
2016-06-19,10050,42731,8,6,b25ef11799e4ff92,223,167,443,4091,2005,594,2065,462,5049,6766,19113,3359,3964,4480
2016-06-20,13735,42164,8,6,bc047a78d05fafd8,336,175,524,5059,2901,1169,2859,712,4992,7572,16057,3779,4347,5417
2016-06-21,12768,42880,8,6,f4a1f72964d6b2be,354,206,602,4754,2726,821,2681,624,5381,8637,14901,3886,4544,5531
2016-06-22,12986,43540,8,6,158df66fb0ca6746,374,199,531,5077,2546,798,2826,635,5599,6687,17353,3765,3960,6176
2016-06-23,12994,37419,8,6,1396f47ff6918954,396,189,540,5305,2424,861,2637,642,5369,6437,12385,3612,4056,5560
2016-06-24,25307,32763,8,6,7b470eae8a6ed06e,618,222,835,7082,2784,2871,5227,5668,4605,5165,12461,2728,3192,4612
2016-06-25,14453,32975,8,6,cb34a115b8788034,291,181,519,4808,2072,1130,3399,2053,4582,5191,13703,2524,2927,4048
2016-06-26,12429,47729,8,6,13497f154a69407e,390,148,520,4561,1915,1052,2651,1192,4890,5523,25461,3074,4090,4691
2016-06-27,15325,39057,8,6,053a4df7259d45cb,405,193,634,4901,2272,1468,3533,1919,4799,5606,15747,3423,4093,5389
2016-06-28,13898,39575,8,6,e8604b3ad80a4521,430,174,583,4666,2318,1123,3454,1150,4986,5482,15871,3361,4331,5544
2016-06-29,13099,37367,8,6,5039bd757649a04c,366,176,523,4501,2383,887,3376,887,5099,5451,13358,3436,4554,5469
2016-06-30,12293,35519,8,6,51121891c41ce56e,358,147,478,4533,2228,797,2968,784,5020,5323,13044,3130,3793,5209
2016-07-01,10995,37037,8,6,4252b8f1ad8585cd,322,138,418,4006,1948,698,2833,632,9401,5306,12189,2540,3285,4316
2016-07-02,8946,32438,8,6,2d3ee569aa913969,272,115,325,3421,1506,523,2242,542,4906,4780,13457,2338,3130,3827
2016-07-03,10223,37332,8,6,c5002e6ec0b61040,310,117,366,4303,1799,548,2267,513,4949,5832,14985,2663,4376,4527
2016-07-04,11933,38064,8,6,11f4522dbae94098,375,158,470,4832,1997,680,2860,561,5445,6826,14099,2851,4178,4665
2016-07-05,15176,35459,8,6,a65424326986090f,400,159,455,7986,1917,727,2852,680,4947,8805,11260,2759,3431,4257
2016-07-06,13828,34193,8,6,f5ce89c9b634be11,359,190,444,6480,2164,727,2763,701,4990,6914,11405,2840,3741,4303
2016-07-07,11366,32431,8,6,ba0f3a28905f02e6,357,191,487,4369,2089,644,2599,630,5019,5840,10175,2827,4096,4474
2016-07-08,10630,28455,8,6,62f8b5828d706fc7,324,148,438,4253,1696,554,2582,635,4993,5070,8680,2267,3414,4031
2016-07-09,9499,30716,8,6,1b4d252affd7605b,267,120,351,3855,1509,458,2282,657,4905,5103,11446,2323,3433,3506
2016-07-10,10154,36173,8,6,87532bd2950aace9,244,136,365,4353,1678,472,2247,659,5081,5320,14077,2663,4496,4536
2016-07-11,12064,32834,8,6,1205a4ee26ccd110,374,171,453,4833,2016,559,2873,785,4683,5464,11047,2852,4302,4486
2016-07-12,12560,34248,8,6,aed025c928830527,403,204,460,4818,2073,643,3107,852,5404,5821,10921,2953,4240,4909
2016-07-13,11955,32129,8,6,174f72b1f4e0bb5a,409,168,429,4493,2085,650,2934,787,4637,5779,10288,2828,4146,4451
2016-07-14,12252,30137,8,6,45c426c61cca5767,450,163,475,4755,2179,562,2924,744,4440,5173,9342,2822,3764,4596
2016-07-15,10769,35610,8,6,665af6b3f42748cb,371,160,462,4167,1888,474,2637,610,4467,4940,15161,3830,3298,3914
2016-07-16,9147,35956,8,6,e8f7a989ecb38718,267,114,338,3635,1443,403,2399,548,4247,4917,17742,2103,3475,3472
2016-07-17,10147,39994,8,6,e6f974c66705a76c,290,112,390,4062,1813,481,2268,731,4614,6059,18089,2567,4380,4285
2016-07-18,16160,43364,8,6,da0193c547df4767,369,177,484,8751,2226,626,2783,744,4857,6597,19965,2859,4010,5076
2016-07-19,17021,38952,8,6,1c089d999d2dd2c9,333,188,477,9532,2216,717,2781,777,4677,7639,13516,3150,4454,5516
2016-07-20,11934,38121,8,6,8708b3a1f1831ebe,368,173,511,4637,2130,725,2702,688,4679,10004,11683,2830,3865,5060
2016-07-21,11633,38484,8,6,cbb3b1753ed1247a,330,139,469,4424,2086,747,2786,652,4877,9389,12989,2841,3732,4656
2016-07-22,11207,29471,8,6,a5a6209857977494,287,168,427,4180,1721,1110,2688,626,4375,5471,10410,2202,3192,3821
2016-07-23,9496,29622,8,6,1d75e9d2dac42d72,259,130,326,3919,1414,712,2180,556,4138,5004,11943,2148,2966,3423
2016-07-24,10639,36984,8,6,3751d9689d596577,265,168,356,4614,1590,670,2370,606,4568,5308,16259,2690,4199,3960
2016-07-25,12177,32542,8,6,8df8b097ea97723d,374,193,505,4900,1921,749,2831,704,4683,5203,11601,2783,3843,4429
2016-07-26,12738,37660,8,6,985219fc33d0a9a7,348,274,413,4953,2191,765,3085,709,10686,5075,10372,2866,4016,4645
2016-07-27,12631,31825,8,6,0290f47f700c1e3b,338,214,454,4893,2279,725,2991,737,6222,5131,9586,2935,3535,4416
2016-07-28,12701,30934,8,6,a42d67375922e876,346,204,490,5075,2126,741,3022,697,5475,4651,9610,2856,3762,4580
2016-07-29,11341,28167,8,6,de798dc5fe0b1450,301,195,394,4538,1845,732,2743,593,4446,4250,10498,2343,3026,3604
2016-07-30,9767,28802,8,6,0e60ae9977b9f4a4,246,187,368,3995,1555,550,2291,575,4439,4841,11134,2290,2825,3273
2016-07-31,10447,36393,8,6,55df60ce111a1635,288,171,407,4479,1775,587,2137,603,7081,4746,14674,2556,3538,3798
2016-08-01,11841,34596,8,6,46cdc80c2758fdc5,308,173,514,4744,2106,684,2664,648,6602,4803,11249,3207,4222,4513
2016-08-02,12182,32348,8,6,05aa538ba50b2e04,378,197,469,4653,2269,757,2819,640,4718,5330,9676,3570,4358,4696
2016-08-03,12367,31548,8,6,be33def146845c03,373,146,460,4666,2361,866,2830,665,4843,5160,9340,3367,4151,4687
2016-08-04,12796,32983,8,6,b65aad2ef599fea8,373,198,480,4799,2377,1093,2903,573,4799,5188,10837,3309,4310,4540
2016-08-05,10771,28057,8,6,d67dd984e4b45133,333,152,389,4164,2002,654,2471,606,4496,4472,9483,2573,3152,3881
2016-08-06,8958,26609,8,6,c8d619ad479107ee,243,136,321,3598,1607,542,2048,463,4012,4204,10095,2226,2877,3195
2016-08-07,10473,31620,8,6,3cf3bfc72de418ef,253,146,401,4469,1714,632,2303,555,4320,4605,11928,2810,4009,3948
2016-08-08,11545,30968,8,6,18d57a49f6d1f2ad,361,153,431,4513,2151,636,2640,660,4488,4734,10133,3476,3759,4378
2016-08-09,11576,30105,8,6,9ec21879c6c61238,360,123,523,4641,2173,710,2472,574,4525,4916,8579,3756,3849,4480
2016-08-10,11351,29335,8,6,8eaf766695d4ff13,316,152,470,4310,2196,672,2644,591,4772,4708,8145,3389,3846,4475
2016-08-11,11333,29476,8,6,6bd456cb747f9e0b,334,148,494,4523,2095,620,2532,587,4497,4904,8663,3528,3446,4438
2016-08-12,9964,25903,8,6,727071254370cc4d,263,121,402,4004,1734,589,2294,557,4330,4804,7790,2550,2738,3691
2016-08-13,8465,26565,8,6,03d1d4a7c9da6679,226,93,282,3473,1479,463,1977,472,4071,5086,8953,2360,2676,3419
2016-08-14,9579,28019,8,6,068580d108cc6779,256,116,344,4328,1519,445,2085,486,4746,5037,9261,2689,2871,3415
2016-08-15,11132,30914,8,6,9ef9bc947f3e6a3b,291,143,426,4801,2186,542,2138,605,4773,5132,9799,3365,3676,4169
2016-08-16,12187,33030,8,6,968e0ffb530956c4,318,148,463,4840,2729,640,2497,552,7342,5400,8574,3297,3946,4471
2016-08-17,11541,33441,8,6,b02fff1925633f77,314,124,451,4774,2108,626,2575,569,5029,5618,10969,3234,3772,4819
2016-08-18,11140,29919,8,6,fd754e3386fb62d3,294,127,491,4648,2030,601,2384,565,4742,6483,7995,2906,3482,4311
2016-08-19,10478,27581,8,6,c3c70368056e94ce,300,139,453,4265,1903,498,2425,495,4566,5617,7916,2470,3134,3878
2016-08-20,8917,25467,8,6,a45348a95abccf4b,248,117,412,3522,1717,443,2024,434,4159,4957,8230,2082,2587,3452
2016-08-21,10642,36252,8,6,4daf921776fb25d4,376,141,424,4244,2141,506,2262,548,4635,5598,15610,2734,3543,4132
2016-08-22,12728,33958,8,6,a7d5a0f477495be8,383,161,627,5055,2521,703,2693,585,6014,5129,10892,3523,3599,4801
2016-08-23,13154,32886,8,6,0bfe4bd0e99d76f6,349,184,639,5364,2439,762,2794,623,4985,5483,10104,3816,3723,4775
2016-08-24,13261,32095,8,6,1222e12bbae4d219,402,179,600,5261,2418,769,2987,645,5345,5435,8706,3630,4168,4811
2016-08-25,13509,33735,8,6,5d4bac1a6dbb6fb2,389,202,553,5473,2405,968,2880,639,5376,6091,9550,3658,3979,5081
2016-08-26,12114,29478,8,6,7ca7a3ed42e75494,308,233,470,4643,2464,767,2630,599,5222,5176,8900,2825,3190,4165
2016-08-27,9715,28079,8,6,c71eabf075d30a53,221,150,365,3989,1698,534,2262,496,5836,4632,9174,2245,2668,3524
2016-08-28,11544,31983,8,6,1b216a904c7a30cf,282,155,441,4685,2022,576,2859,524,4877,5200,11597,2808,3365,4136
2016-08-29,13595,35943,8,6,d550db8c9a05dcce,357,183,554,5876,2390,763,2838,634,5685,5454,12150,3681,3856,5117
2016-08-30,14133,36835,8,6,ab26ba1b93ba17f9,379,183,492,6081,2497,842,3030,629,5963,5563,11841,4203,4032,5233
2016-08-31,14427,34889,8,6,c9e1974214fd2051,386,183,539,5567,2478,1720,2920,634,5618,5539,10257,4290,3775,5410
2016-09-01,15121,34491,8,6,1ac75926f922496b,371,168,525,6030,2135,2291,2959,642,5462,6070,9778,4212,3661,5308
2016-09-02,13460,30174,8,6,5b181ec0cc4fc16e,350,144,472,5433,1973,1635,2852,601,5051,5200,8908,3289,3313,4413
2016-09-03,10276,29167,8,6,00df1275ab617e31,276,129,340,3991,1722,1110,2193,515,4176,4917,11332,2668,2501,3573
2016-09-04,11642,30285,8,6,4c5030b2b13b3cbc,309,125,439,4792,1880,1272,2272,553,4587,4711,10967,3145,2957,3918
2016-09-05,13967,34999,8,6,8c5e863de958f182,401,149,567,5723,2472,1683,2451,521,6556,5371,10642,4135,3287,5008
2016-09-06,16920,36565,8,6,7541f549e48c6d39,359,157,821,7715,2509,1697,2955,707,5975,5636,10247,4945,4107,5655
2016-09-07,16490,35020,8,6,d2ffb73717d4a150,361,154,603,7752,2668,1484,2732,736,5571,5389,9315,5034,3858,5853
2016-09-08,18092,35647,8,6,0ae26fb09652f8a8,328,154,524,9376,2623,1420,2928,739,5608,5557,9516,5038,4111,5817
2016-09-09,14643,30942,8,6,620812b3cb6349e9,349,202,468,6861,2085,1152,2755,771,5155,5335,8516,3896,3234,4806
2016-09-10,11801,26241,8,6,d7819d4fb386f09d,244,121,388,5387,1663,968,2401,629,4526,4817,7962,2728,2447,3761
2016-09-11,14016,29982,8,6,b9f140dc87137ae4,287,155,401,6968,1959,1056,2485,705,4832,5633,8653,3333,3283,4248
2016-09-12,16970,35236,8,6,6c7e1ff25493eaa4,403,313,533,8400,2262,1180,2991,888,5439,6164,9375,5023,3784,5451
2016-09-13,17390,37454,8,6,6887a4aeea6490b2,543,252,663,8234,2654,1132,3003,909,5602,6354,9449,5640,4682,5727
2016-09-14,16914,38066,8,6,cac4dc772a9ca5d2,767,307,565,7782,2643,1268,2810,772,5470,6517,10100,5597,4571,5811
2016-09-15,16526,37866,8,6,690568e36eba63b8,420,226,592,7337,2750,1350,3001,850,5732,7326,9613,5521,4080,5594
2016-09-16,13804,36194,8,6,6a2fd937a1253f4b,354,256,523,5865,2254,1202,2662,688,5276,9646,8965,4186,3390,4731
2016-09-17,11267,33634,8,6,fbe33c84957023c8,257,193,378,4615,1879,1006,2389,550,4395,7802,12069,2980,2524,3864
2016-09-18,13761,34517,8,6,0988264368334d1c,311,183,479,6412,2250,1044,2551,531,4953,6944,10185,4325,3447,4663
2016-09-19,17215,48682,8,6,1462801f991b507f,458,194,625,7975,2845,1475,2974,669,16057,6757,9548,6263,4176,5881
2016-09-20,16847,45490,8,6,145be7386fcf0079,417,204,699,7405,2757,1555,3166,644,11586,6660,10772,6458,4163,5851
2016-09-21,16913,39117,8,6,d1a1c14c4708abf9,506,244,609,7347,2988,1588,2885,746,5765,6549,9899,6317,4330,6257
2016-09-22,18308,40688,8,6,d6dd4aac1e43d4cc,479,705,619,7442,3317,1676,3316,754,6187,6433,11723,5905,4406,6034
2016-09-23,14191,32438,8,6,cdafeccc6af93029,453,177,605,5913,2318,1360,2737,628,5002,6161,8807,4375,3420,4673
2016-09-24,11326,27531,8,6,fc4bd82cfe891fed,332,137,461,4638,1946,912,2358,542,4338,4732,8890,3056,2591,3924
2016-09-25,13831,34390,8,6,bd66289a1aef836c,379,185,537,6328,2213,1219,2407,563,4769,4980,12480,4233,3153,4775
2016-09-26,16862,37234,8,6,90b166d853381bda,461,185,745,7597,2743,1431,2983,717,5152,5851,9804,6119,4270,6038
2016-09-27,18433,36275,8,6,74d486258a7bf27f,435,254,789,8541,2951,1573,3133,757,5050,6257,8557,6365,4135,5911
2016-09-28,18087,37320,8,6,ae31cd23d5b1e7d4,539,245,720,7568,2956,1833,3350,876,5194,6874,9363,5815,4080,5994
2016-09-29,16663,37545,8,6,018d578c7e878bb5,571,206,670,7338,2682,1318,3032,846,4992,6541,10592,5502,4350,5568
2016-09-30,14504,31374,8,6,0d469a4e2d40dafb,522,189,587,6108,2367,1576,2471,684,4749,5821,8740,4117,3349,4598
2016-10-01,11147,26683,8,6,f4a77ffd720091c7,327,175,449,4657,1653,917,2448,521,4111,4998,8331,3111,2468,3664
2016-10-02,13471,30688,8,6,e342449fb55b8673,309,184,528,5591,2137,1111,2973,638,4632,5030,9060,4097,3361,4508
2016-10-03,16590,37106,8,6,487c1fd106beccb8,490,263,705,7204,2670,1325,3174,759,5091,5748,10725,5804,4108,5630
2016-10-04,17020,37464,8,6,325f91616c3379ee,578,274,705,7350,3007,1390,2933,783,5391,6191,9187,5983,4669,6043
2016-10-05,16564,37477,8,6,18548ab9c97232c2,500,204,752,6972,3114,1357,2947,718,5380,6049,8928,5799,4697,6624
2016-10-06,15713,37803,8,6,818e2e92ade1dfb1,469,221,738,6668,2805,1261,2829,722,6254,5737,9464,5564,5022,5762
2016-10-07,13591,36811,8,6,9c40ad2838e5f8ba,383,210,596,5842,2160,1163,2612,625,10422,5154,8280,4467,3640,4848
2016-10-08,11205,30659,8,6,4434efdb0e150708,314,208,461,4558,1781,944,2435,504,4306,4653,11136,2955,3099,4510
2016-10-09,12841,32450,8,6,110e0dc7ba3a3f42,421,298,552,5530,2107,989,2413,531,4487,5213,11522,3799,3211,4218
2016-10-10,17262,35261,8,6,4c3e320a1e99dc29,527,374,695,7573,2804,1828,2698,763,4859,5984,9741,5373,3982,5322
2016-10-11,16072,37677,8,6,5ce7e7f074506967,490,260,667,7223,2632,1343,2603,854,5094,6379,9880,6290,4339,5695
2016-10-12,16715,40009,8,6,022763d8e7fef2c5,482,322,721,7245,2949,1407,2833,756,5400,6838,10346,6355,4849,6221
2016-10-13,16774,40190,8,6,61ae8b8460361995,558,257,663,7107,3007,1309,2986,887,5326,7394,10292,6042,4656,6480
2016-10-14,14990,52427,8,6,d149343f110ac3e3,406,254,570,6157,2837,1144,2741,881,22594,6734,9245,4692,3968,5194
2016-10-15,11018,104434,8,6,ea53543df339a017,298,237,483,4462,1997,881,2105,555,79041,7033,8223,3292,2871,3974
2016-10-16,13339,62458,8,6,ae8c3d1bef3420c7,371,260,612,5700,2408,1046,2355,587,28377,8693,11406,4567,3691,5724
2016-10-17,17818,122676,8,6,6cc8840bab813505,515,361,680,7845,3084,1767,2798,768,86251,8601,10603,6378,4416,6427
2016-10-18,18244,70262,8,6,5daf67b53760d682,512,321,625,7578,4252,1232,2959,765,34421,7808,9360,7145,4738,6790
2016-10-19,16722,46773,8,6,e5dacb08bb509e72,471,280,608,7305,3138,1191,2875,854,10278,9034,9818,6549,4659,6435
2016-10-20,16502,40643,8,6,83d27a568105805c,446,245,609,7601,2829,1287,2739,746,7772,7127,9125,5972,4377,6270
2016-10-21,14342,34624,8,6,5bdd10f7cd7102fc,392,300,541,6433,2377,1029,2643,627,6546,6051,8584,4868,3446,5129
2016-10-22,11250,30368,8,6,704c764df7b3089f,314,202,470,4825,1838,900,2192,509,5338,5401,9890,3103,2718,3918
2016-10-23,13953,34920,8,6,adcf478917172615,841,253,517,5937,2491,1052,2223,639,5703,5733,11514,3980,3296,4694
2016-10-24,18299,39415,8,6,966baf42350a4541,971,299,630,8108,2965,1303,2616,1407,6613,6441,10278,5920,4157,6006
2016-10-25,16946,43074,8,6,4154106ffd76ac88,704,281,636,7865,2697,1275,2669,819,8188,6471,11031,6047,4652,6685
2016-10-26,16580,38649,8,6,8631c8fc49e0b38f,567,218,710,7877,2540,1305,2624,739,6857,6212,9493,5968,4472,5647
2016-10-27,15976,36965,8,6,1a96883416ddd4de,558,221,670,7720,2523,1142,2394,748,5852,6126,9846,5627,4046,5468
2016-10-28,13201,30779,8,6,1799ad08799f2493,405,189,467,6379,2049,1016,2053,643,5270,5297,8252,4324,3244,4392
2016-10-29,10272,24978,8,6,eacd4c751e3ff4e8,333,177,366,5071,1553,778,1551,443,4578,4453,7190,2610,2659,3488
2016-10-30,11974,30526,8,6,c6e65956e9d9998b,385,171,465,5962,1758,942,1784,507,5486,5296,8826,3455,3064,4399
2016-10-31,15751,38127,8,6,c326dd41aa992a21,501,230,593,7645,2498,1120,2463,701,5989,5776,10840,4879,4351,6292
2016-11-01,16208,36654,8,6,5b11337da8b06bc4,492,210,561,7939,2503,1129,2606,768,5865,5971,9023,5544,4546,5705
2016-11-02,17781,38072,8,6,cdf621ed7f86fceb,571,255,684,8563,3051,1175,2717,765,6228,6452,8462,5990,5007,5933
2016-11-03,17657,38166,8,6,cb39a1785f7e6d09,555,279,601,8186,3354,1133,2726,823,6028,6693,8524,5915,5147,5859
2016-11-04,15168,34920,8,6,70a3cc963c47fbe9,551,219,587,6832,2587,1043,2626,723,5773,6368,8588,4651,4423,5117
2016-11-05,11879,29566,8,6,000922fb5a0b3b3c,393,200,450,4899,2058,864,2502,513,5130,5696,8243,3392,3270,3835
2016-11-06,14197,35091,8,6,145fe9ad9f0be8ec,396,246,534,6632,2501,1017,2301,570,5587,5909,9686,4473,4624,4812
2016-11-07,18965,41995,8,6,3aaed369ce0c57ce,729,316,677,9140,3021,1334,2914,834,5980,7028,9405,6537,7033,6012
2016-11-08,19383,41438,8,6,af56d9ffd0862cdf,658,420,727,8984,3374,1350,3039,831,5940,6783,8578,6461,7710,5966
2016-11-09,43895,37364,8,6,894f7d957787b216,784,410,823,21831,4141,2542,6483,6881,4858,5737,7119,6284,7818,5548
2016-11-10,30512,39333,8,6,3ddfd2dde3ea9af0,936,375,756,16833,3970,1500,4299,1843,5296,6352,7954,6020,7808,5903
2016-11-11,23236,31861,8,6,e5e627eb2fd80f07,611,281,595,12621,3382,1272,3456,1018,4834,6463,7166,4204,4528,4666
2016-11-12,17136,29977,8,6,b4a1742250a50bd1,462,222,521,8576,2854,966,2826,709,4450,7120,7644,3017,3711,4035
2016-11-13,18038,44766,8,6,0b1fda9dfc0559c1,559,279,708,8465,3237,1122,2961,707,5113,14211,10174,4313,5816,5139
2016-11-14,22236,68780,8,6,ad37c80070e0f64e,826,290,785,10586,4236,1304,3292,917,5781,31395,9691,6391,9347,6175
2016-11-15,22059,58888,8,6,eee2566020bcaf60,1038,303,873,9495,4612,1291,3582,865,5892,21413,9128,6918,9302,6235
2016-11-16,20036,49002,8,6,20b39fb2a7b41f4c,813,318,779,8720,3971,1330,3288,817,5821,11812,9267,6826,8723,6553
2016-11-17,19495,44803,8,6,2a4563017ef8f57c,811,344,769,8363,3828,1313,3268,799,5979,9300,9205,6802,6986,6531
2016-11-18,16888,37291,8,6,911164b7ed7f9092,707,313,663,7049,3298,1194,2908,756,5616,7569,7928,5460,4933,5785
2016-11-19,13108,29184,8,6,6645535015621eb9,450,209,562,5347,2535,862,2539,604,4709,6003,7678,3003,3641,4150
2016-11-20,16139,35731,8,6,1ba7120a01d956b8,518,243,651,6075,3760,1382,2827,683,5132,6553,8924,4442,5512,5168
2016-11-21,17787,40164,8,6,6268759d8bc6ebae,714,308,713,7562,3360,1430,2938,762,5805,6864,9112,5490,6855,6038
2016-11-22,17133,42047,8,6,1cd5a7e7c0c0b5f6,587,230,770,7065,3369,1307,2989,816,5509,6883,12020,5489,6246,5900
2016-11-23,16084,37397,8,6,f935f1e912e23220,580,207,696,6238,3251,1204,3155,753,5129,6014,10375,4429,5978,5472
2016-11-24,15844,32766,8,6,65bd51ca2736400a,415,190,615,6769,3015,1116,3043,681,4908,5960,8584,3656,4701,4957
2016-11-25,13896,30094,8,6,d5e6d87b43478025,478,153,570,5448,2766,868,2893,720,4852,6111,8019,2906,3699,4507
2016-11-26,12547,28311,8,6,4c125fe43455f11f,490,212,462,5385,2310,784,2362,542,4588,5324,8650,2622,3293,3834
2016-11-27,13841,33155,8,6,aa9604faed4efbfb,535,186,589,5997,2678,881,2331,644,5208,5673,9260,3583,4835,4596
2016-11-28,18345,39185,8,6,9a7cf9974652c1ad,780,200,774,8069,3468,1125,3109,820,5757,6333,9477,5785,5876,5957
2016-11-29,18144,41027,8,6,dca6045df375bd1d,838,275,775,7965,3513,1167,2796,815,5723,6784,10442,6433,5489,6156
2016-11-30,18714,39836,8,6,8851a8d45d669756,783,240,767,8181,3535,1203,3122,883,6007,6851,8907,6127,5776,6168
2016-12-01,18380,38960,8,6,a2760da40589cd46,845,216,736,8177,3582,1040,2992,792,5500,6800,9281,5907,5744,5728
2016-12-02,16237,34058,8,6,125e9efb3f9ca2f3,875,197,627,7217,2922,945,2778,676,4932,6339,8430,4963,4274,5120
2016-12-03,11806,27851,8,6,4bc23f285073b473,478,130,554,4989,2280,751,2138,486,4498,5336,8093,2799,3210,3915
2016-12-04,15087,33839,8,6,7b9e58555c024dfa,1422,161,653,6223,2862,865,2279,622,5072,5715,9389,3982,4768,4913
2016-12-05,18436,39945,8,6,833ad8ed122b822c,995,237,832,8313,3373,1085,2812,789,5793,6531,10315,5730,5589,5987
2016-12-06,18171,39505,8,6,a8a5cdc34e95d054,862,240,789,8108,3482,1192,2742,756,5565,6611,9603,6113,5549,6064
2016-12-07,19215,42064,8,6,df1dc8a3f811cd52,878,192,723,8543,3706,1579,2729,865,5692,8483,9770,5875,5492,6752
2016-12-08,18806,38153,8,6,ac5fb69f1e8f3bbc,873,213,677,8549,3333,1272,2944,945,5643,7014,9031,5842,4907,5716
2016-12-09,15522,33936,8,6,0d51d9a4770b9082,705,172,556,6926,2785,973,2515,890,5330,6306,8302,4993,3919,5086
2016-12-10,11663,27692,8,6,2d534fce17608214,542,134,525,4823,2184,784,2066,605,4659,5313,8011,3013,2812,3884
2016-12-11,14175,32842,8,6,d639278e47ccff0b,1462,164,584,5932,2444,969,1913,707,4837,6017,9908,3966,3607,4507
2016-12-12,17127,39497,8,6,e88ad3c538fca251,950,183,730,7732,3083,1113,2393,943,5428,7104,10471,5694,5064,5736
2016-12-13,17750,39926,8,6,5d4588f7953ff77c,893,211,732,7714,3622,982,2597,999,5134,7660,10339,5812,5262,5719
2016-12-14,17835,38673,8,6,2ec93b7261eb3540,894,403,707,7478,3682,1060,2656,955,5373,7827,9006,5653,5108,5706
2016-12-15,15947,37375,8,6,a59a209e94c476f1,790,354,673,6613,3282,898,2501,836,5391,6606,9743,5122,4536,5977
2016-12-16,13604,30694,8,6,b055bb46db4eabdf,607,193,480,6175,2514,695,2219,721,4638,7020,7224,3874,3394,4544
2016-12-17,10716,25262,8,6,e237ab97230286b8,812,135,419,4333,1880,564,2007,566,4107,5220,7281,2529,2271,3854
2016-12-18,11420,30490,8,6,3aa8218ed81b0bbc,673,179,470,4799,2236,636,1866,561,4635,5429,10056,2954,3138,4278
2016-12-19,14004,32778,8,6,13c5d5d2a39d1850,751,197,506,6123,2666,805,2283,673,4888,6073,9603,4052,3486,4676
2016-12-20,13202,30184,8,6,2942423c738c26a2,886,187,569,5312,2480,659,2390,719,4792,5334,8436,3752,3148,4722
2016-12-21,11870,29545,8,6,0e6d6a0efd98c596,702,162,458,4592,2334,692,2282,648,5649,5173,7854,3287,3034,4548
2016-12-22,10849,26387,8,6,461d3e8247778dfd,638,175,426,4213,2113,646,2112,526,4289,4703,8198,2707,2623,3867
2016-12-23,9327,23933,8,6,ea97ba250d9c4e44,623,150,332,3320,2045,496,1949,412,3925,4680,7287,2324,2199,3518
2016-12-24,8369,22847,8,6,d140d5b6890edfcf,841,110,311,3101,1422,491,1668,425,3880,4715,7454,1690,1972,3136
2016-12-25,11372,28307,8,6,9a60f43970959eb6,3288,130,305,3697,1511,432,1533,476,5533,3934,12126,1599,2114,3001
2016-12-26,10135,30489,8,6,9ca2578e1c1a6f27,1016,142,390,3629,1832,538,2135,453,5388,5888,10718,2038,2536,3921
2016-12-27,10337,34447,8,6,206f436dee9aa6e6,526,147,412,3724,2005,618,2337,568,8791,5234,11213,2058,2965,4186
2016-12-28,10602,35479,8,6,80930f990fcc0aaa,475,153,456,4036,2042,644,2269,527,5870,5540,14507,2113,2932,4517
2016-12-29,10677,31016,8,6,6598fedc28852948,430,145,419,4150,2045,577,2361,550,5282,5151,10992,2209,2902,4480
2016-12-30,10095,29044,8,6,b1ea45a2d3e1c245,430,163,390,4000,1863,521,2194,534,4981,4948,10267,2088,2743,4017
2016-12-31,7851,24960,8,6,f4340426a1d6059e,374,149,257,3227,1486,431,1523,404,4177,4473,8811,1657,2362,3480
2017-01-01,8206,28803,8,6,3e8ff0cddbf45ded,428,109,297,3382,1614,442,1525,409,4558,5213,10237,1922,3094,3779
2017-01-02,11692,34995,8,6,733cfee038ca8466,448,148,482,4559,2360,663,2475,557,5337,6547,11168,2766,4083,5094
2017-01-03,13334,36862,8,6,2daf8a430f85d00d,569,203,511,5424,2493,704,2814,616,5690,6473,10670,3407,4828,5794
2017-01-04,13890,37358,8,6,e6cd1e8ea408e2c5,606,186,549,5692,2683,712,2766,696,5641,6474,10631,3730,5198,5684
2017-01-05,14805,39804,8,6,f476b4a2e227aa93,548,192,513,6323,2660,874,3011,684,5456,6783,12264,4386,4969,5946
2017-01-06,13777,34101,8,6,17ef832137760cd4,552,196,520,5380,2795,735,2887,712,5269,5946,10198,3470,4085,5133
2017-01-07,10270,30999,8,6,0eff63141e4ed8a2,333,161,404,3951,2123,585,2189,524,5081,5782,10000,2217,3406,4513
2017-01-08,11780,34910,8,6,5ce6ed7f986baaad,414,186,454,4922,2331,699,2139,635,5179,6165,11214,2929,4436,4987
2017-01-09,15171,41600,8,6,79344205e4a60ec3,545,210,577,6771,2542,896,2888,742,5431,7677,12686,3951,5621,6234
2017-01-10,14961,40146,8,6,8a918415df088fe5,619,195,581,6558,2726,837,2645,800,5258,7872,10548,4195,5871,6402
2017-01-11,15843,41681,8,6,92cbeaa5e26cf7f2,654,221,642,6942,2819,965,2785,815,5698,8381,10537,4599,6050,6416
2017-01-12,15778,42903,8,6,4f4e473623b24d47,625,251,621,6621,2725,999,3067,869,6550,8796,10549,4981,5805,6222
2017-01-13,13864,36377,8,6,6e33e4cd067b6ba5,532,215,539,6112,2321,821,2463,861,5350,7924,9685,3803,4262,5353
2017-01-14,11927,30223,8,6,880ce455a47d0fb3,428,200,455,5075,2434,607,2087,641,4770,6333,9135,2575,3130,4280
2017-01-15,12783,37424,8,6,79b087e0e4d800e3,509,180,448,5881,2292,753,2084,636,4933,6920,12502,3507,4214,5348
2017-01-16,15464,41777,8,6,fee329ea0a203f1e,526,193,580,6928,2969,912,2619,737,5717,8446,11803,4138,5087,6586
2017-01-17,18765,45768,8,6,94138e8d6a06f976,674,237,572,8445,3906,1030,3003,898,5798,9104,12934,5050,6041,6841
2017-01-18,20110,42869,8,6,f6a0a4f2fd4c7733,583,200,600,8359,5586,946,2897,939,5716,7503,11426,5043,6237,6944
2017-01-19,17869,42591,8,6,0a91a79a1c10a8b9,688,225,561,8393,3335,946,2767,954,6002,7104,11749,5042,6074,6620
2017-01-20,15978,35501,8,6,228a33f7cf009877,517,199,497,7245,2526,1285,2712,997,5544,6094,9636,3894,4707,5626
2017-01-21,11577,29216,8,6,7b027573023d47af,393,191,368,5041,2086,670,2187,641,4701,5149,9587,2545,2989,4245
2017-01-22,12449,35133,8,6,9bd958f5ba69b842,448,202,507,5440,2181,789,2176,706,5804,6054,9903,3274,4706,5392
2017-01-23,16215,42305,8,6,688846451f02cbe7,625,211,591,7063,2822,968,2920,1015,6164,6874,12684,4501,5522,6560
2017-01-24,17678,47720,8,6,c9c030d0c537a3be,622,686,615,7676,2954,1017,3021,1087,6079,7024,13385,5016,5916,10300
2017-01-25,16502,41591,8,6,aa3ce407efeecfc0,695,212,499,7112,2637,1004,3080,1263,6606,6469,12587,4642,5107,6180
2017-01-26,16362,40486,8,6,58030e73b08ac60b,702,207,522,7055,2714,1114,2923,1125,7408,6626,10197,4604,5121,6530
2017-01-27,14084,35417,8,6,d99571820112e8a3,598,203,533,6054,2221,874,2724,877,6799,6239,9330,3773,3877,5399
2017-01-28,10450,29433,8,6,3d0eacfcbb866135,367,152,365,4302,1783,685,2236,560,4860,5363,9263,2446,3217,4284
2017-01-29,12217,33541,8,6,d4b9b67c91b37984,436,174,473,5154,2195,778,2315,692,5229,5905,9953,3222,3885,5347
2017-01-30,15958,42588,8,6,95dadb72281b1c7a,597,198,523,7003,2689,941,2960,1047,7891,6907,11780,4286,5427,6297
2017-01-31,17874,39973,8,6,cb03a7d3db9ecbb9,2320,182,581,7018,2785,921,3094,973,5960,7392,9727,4632,5557,6705
2017-02-01,16638,39530,8,6,c454edf51abba4fe,1045,245,589,6977,2895,945,3001,941,5844,7173,9705,4353,5751,6704
2017-02-02,16107,40346,8,6,d6a7d778c29125a2,720,214,526,6829,2921,900,3214,783,5818,7026,10867,4476,5477,6682
2017-02-03,14574,34335,8,6,9c1071ad970d4378,602,232,540,6422,2351,766,2846,815,5337,6668,8726,3721,4500,5383
2017-02-04,11086,28523,8,6,e94235c92e4fec61,377,169,374,4657,2028,626,2264,591,4667,5578,8246,2635,3087,4310
2017-02-05,12320,35743,8,6,cf20a47943982266,441,146,421,5312,2338,743,2253,666,5512,5988,11430,3263,4325,5225
2017-02-06,15778,38745,8,6,2d6d133ec301f3f3,637,203,520,6778,2885,877,2970,908,5601,6881,9901,4417,5161,6784
2017-02-07,16688,40807,8,6,c24e115b0ef23a4f,616,215,634,7182,3052,979,3104,906,6122,7358,9610,4937,5665,7115
2017-02-08,16300,39769,8,6,f0cadfbb13254c35,658,179,595,7290,2748,932,3030,868,6006,7234,9048,4878,5890,6713
2017-02-09,15464,38820,8,6,44ac405120556247,577,194,575,6737,2695,947,2814,925,6048,7348,9409,4462,5166,6387
2017-02-10,13971,37194,8,6,de6695cda9d5ae84,498,214,470,6193,2265,824,2702,805,5983,8735,9066,3797,4276,5337
2017-02-11,11599,34912,8,6,1747851fd5ad404c,316,169,384,4691,2179,1031,2219,610,5662,9104,8991,2452,3280,5423
2017-02-12,12175,34366,8,6,e5ccf4c9bada06a1,445,183,430,5444,2044,751,2162,716,5615,7079,9617,3245,3860,4950
2017-02-13,15565,38752,8,6,ca0587e07a397f8b,592,194,572,6961,2661,975,2709,901,6304,7201,9359,4507,4869,6512
2017-02-14,15638,36571,8,6,2563cb48e8476142,630,295,561,6670,3135,876,2561,910,5826,6995,8387,4503,4666,6194
2017-02-15,16438,38670,8,6,db761dfe075a6b67,638,266,590,7315,2978,978,2736,937,5802,7095,9448,4726,5243,6356
2017-02-16,15738,38628,8,6,2c2439c0a065a8b4,596,211,545,6931,2674,998,2874,909,5937,7020,9381,4638,5457,6195
2017-02-17,13919,33675,8,6,07b3cf768e0d36cd,546,236,509,5845,2397,794,2816,776,5880,5959,8731,3626,4267,5212
2017-02-18,10416,29792,8,6,c2880dbf61aec922,340,169,383,4215,1931,670,2139,569,5212,5738,8508,2659,3457,4218
2017-02-19,12940,34035,8,6,5a599acc09b7dea1,368,164,532,5434,2242,829,2432,939,5315,6141,9895,3230,4345,5109
2017-02-20,14982,38100,8,6,fc45c598721c0ff8,505,201,542,6398,2646,915,2965,810,5735,7572,10516,3797,4503,5977
2017-02-21,17417,41166,8,6,9f0df3c7a408a464,611,233,606,7656,3219,1105,2998,989,6242,6978,10840,4929,5476,6701
2017-02-22,16230,39879,8,6,678de9d0ccef8364,564,219,628,7170,2755,1041,2941,912,6166,7654,9599,4781,5210,6469
2017-02-23,14948,40778,8,6,616533b87d6141b7,546,187,581,6621,2550,949,2632,882,6299,9667,9309,4684,4797,6022
2017-02-24,12966,34884,8,6,82700a6e254b4fb5,555,172,449,5741,2229,743,2253,824,5695,6745,9266,3889,3993,5296
2017-02-25,10495,30213,8,6,33ebcd232590a37f,278,160,389,4380,1931,639,2053,665,4888,5627,8916,2793,3045,4944
2017-02-26,12631,34686,8,6,46b06d5ffad8d3a4,393,214,559,5579,2259,758,2182,687,5313,6668,10118,3348,3924,5315
2017-02-27,16368,48919,8,6,c66ebd33567f08ff,697,215,599,7270,2872,1006,2797,912,10756,10101,11167,4850,5741,6304
2017-02-28,16658,43307,8,6,0115da3ce4b5f61c,642,264,703,7309,2801,1069,2855,1015,6977,9277,9869,4871,6071,6242
2017-03-01,17327,39648,8,6,03f10904157474e4,635,235,765,7517,2981,1103,2993,1098,5801,7811,9419,4753,5597,6267
2017-03-02,16738,39488,8,6,89c9810c84105265,557,243,640,7225,2918,1015,3072,1068,6009,7790,9205,4745,5358,6381
2017-03-03,14224,35044,8,6,e0f678dbad81399a,562,243,491,6044,2472,827,2767,818,5798,7154,8190,4181,4236,5485
2017-03-04,10448,28678,8,6,526546bdfceccefb,379,174,406,4221,2096,587,2005,580,4920,5870,7735,2843,3104,4206
2017-03-05,12550,37104,8,6,7232930b463f3f8a,505,160,528,5405,2302,748,2171,731,5550,6568,12618,3621,3773,4974
2017-03-06,16624,42849,8,6,c780a490ba6fe7f4,668,203,657,7509,2959,974,2641,1013,6432,7680,11595,5121,5107,6914
2017-03-07,16532,40455,8,6,f769f2a2ee2593c4,748,231,600,7418,2878,914,2760,983,6033,7568,9731,5384,5081,6658
2017-03-08,16164,39284,8,6,da433950848e26da,647,190,601,7155,2917,1033,2628,993,6177,7655,9290,5114,5012,6036
2017-03-09,15673,38044,8,6,9d8bbfc6fa68070c,631,219,500,7027,2829,894,2620,953,6142,7301,9142,4786,4662,6011
2017-03-10,13403,34743,8,6,effc842504447cbd,540,206,464,5892,2336,798,2352,815,5807,6623,9870,3768,3670,5005
2017-03-11,10004,31505,8,6,7063958783577c65,337,150,436,4202,1866,635,1813,565,5267,6444,10484,2793,2638,3879
2017-03-12,11863,35471,8,6,7574f9dc2edcc08c,400,168,542,5191,2022,671,2281,588,5531,7606,11236,3429,3209,4460
2017-03-13,15412,39749,8,6,c78f731fdf137aad,699,231,640,7205,2619,838,2309,871,6150,7733,11349,4539,4322,5656
2017-03-14,15718,41330,8,6,d6749e5c5925770e,601,250,691,6571,3031,954,2792,828,7382,7744,10651,4870,4258,6425
2017-03-15,15930,37838,8,6,83f69ed93caa9a09,657,342,648,6735,3168,860,2704,816,6367,7056,9633,4817,4057,5908
2017-03-16,15832,43195,8,6,18992c7549b0cc46,704,276,714,6840,2955,889,2580,874,5898,6582,16008,4604,4341,5762
2017-03-17,13037,34580,8,6,01b56cd470bfc532,513,223,472,5712,2263,745,2331,778,5982,5802,10416,3749,3791,4840
2017-03-18,10241,30670,8,6,d6a6a57ad552089b,376,163,422,4253,1880,669,1935,543,5018,6591,8955,2695,2823,4588
2017-03-19,11934,32927,8,6,786de09598e18b3e,395,159,492,5098,2186,687,2153,764,5667,5734,9971,3393,3537,4625
2017-03-20,15566,40256,8,6,49841ecfec518b84,653,227,629,7033,2638,902,2569,915,6095,7921,10847,5028,4196,6169
2017-03-21,17694,39204,8,6,63c05c90ddbe2f2e,586,213,647,7437,3797,963,2998,1053,6519,6545,9684,5140,4499,6817
2017-03-22,18124,40919,8,6,ff010e6a9316949a,752,226,625,7594,3326,1124,3239,1238,8247,6354,10308,4829,4206,6975
2017-03-23,17214,36759,8,6,5e8f53648f4c617a,671,211,547,7562,3111,1103,3067,942,6304,6074,9589,4721,3981,6090
2017-03-24,13369,31872,8,6,14e0c4cc829a1f41,510,162,436,5774,2418,746,2554,769,5795,5174,8544,3848,3550,4961
2017-03-25,10525,26450,8,6,19c2dbdcba939ae6,424,614,371,4021,1919,557,2028,591,4832,4712,7957,2775,2185,3989
2017-03-26,12615,30183,8,6,06fc755fd693f7af,482,577,484,5061,2577,647,2139,648,5355,5313,9097,3324,2803,4291
2017-03-27,15864,35260,8,6,b317b27a1260bee0,702,169,623,7170,2819,791,2658,932,6073,5564,9684,4563,3822,5554
2017-03-28,15721,34998,8,6,48839388aa10e916,623,181,578,6948,2767,903,2823,898,6112,5802,9308,4695,3845,5236
2017-03-29,15710,35483,8,6,a4419d396b863af5,703,188,571,7103,2776,842,2674,853,6214,5599,9848,4592,3865,5365
2017-03-30,15184,35686,8,6,2d06b7f566a4eb06,607,183,532,6627,2687,775,2960,813,6191,5806,9740,4996,3672,5281
2017-03-31,13745,31594,8,6,20519e9cd95852fd,545,197,487,6025,2365,672,2729,725,5861,5498,8985,3779,3031,4440
2017-04-01,9748,26372,8,6,d63d02c5e5f0e7aa,364,144,341,4049,1788,500,2023,539,5076,4693,8144,2656,2102,3701
2017-04-02,11631,29767,8,6,63081014b0686401,421,150,440,5234,2053,625,2060,648,5414,4967,9561,3327,2420,4078
2017-04-03,16152,34009,8,6,32e8da0ff603ed4c,584,185,561,7919,2619,862,2473,949,5851,5606,9559,4431,3520,5042
2017-04-04,15744,36564,8,6,6b4da2831c594b0f,576,323,585,7653,2507,812,2381,907,5814,5825,10643,4819,3697,5766
2017-04-05,15527,35701,8,6,2dadb873e7565be8,527,251,538,7535,2585,795,2415,881,6278,5871,9125,4967,3615,5845
2017-04-06,15660,35602,8,6,3ea44420adc8f22a,621,238,546,7635,2563,792,2427,838,6259,5816,9690,4890,3193,5754
2017-04-07,13593,30997,8,6,eb438de43b48b5e5,476,226,446,6640,2262,659,2155,729,5447,5526,8480,3900,2748,4896
2017-04-08,9679,26042,8,6,a01538b78b32637b,341,164,334,4260,1780,495,1793,512,4793,5076,7626,2701,2063,3783
2017-04-09,10755,28814,8,6,fec40efe5ceea3d9,377,202,405,4771,1999,651,1851,499,5085,5717,8712,3070,2305,3925
2017-04-10,14433,34017,8,6,ae53228f4ac40c0f,502,231,480,6741,2678,745,2236,820,5642,6564,8696,4375,2946,5794
2017-04-11,14220,33723,8,6,2c0f3a2bae8e6beb,518,192,498,6429,2787,694,2333,769,5292,6702,8915,4569,3115,5130
2017-04-12,15149,33384,8,6,aeb928b29ed31c5a,508,192,508,7361,2651,762,2392,775,5480,6196,9199,4170,3252,5087
2017-04-13,12841,30740,8,6,f0c4f1a03b212c19,487,180,455,5821,2315,684,2108,791,5452,5958,8547,3504,2643,4636
2017-04-14,10025,27697,8,6,ca40619d5779074d,369,162,344,4267,1898,519,1944,522,5059,5822,7777,2993,2217,3829
2017-04-15,8742,26110,8,6,29fb6fa6f7bb6343,304,138,326,3710,1716,432,1701,415,4808,4983,8366,2423,2033,3497
2017-04-16,10719,28133,8,6,8fce5a5934bdcd37,395,152,384,4374,2683,536,1687,508,5120,4931,8850,2761,2264,4207
2017-04-17,14446,33239,8,6,c6acedbcd28c21ec,601,207,491,6534,2890,730,2206,787,5656,5281,10101,4239,2978,4984
2017-04-18,18761,34417,8,6,5eeedad77f4ade05,727,229,579,10210,2835,867,2420,894,5830,5391,9664,4673,3486,5373
2017-04-19,15659,34446,8,6,6e85fb7c17f24b86,566,230,547,6976,2806,1129,2534,871,6239,5844,8731,4735,3414,5483
2017-04-20,14889,33960,8,6,68a7ce746a394551,516,195,591,6791,2715,860,2427,794,5917,5642,8573,4556,3874,5398
2017-04-21,12768,32259,8,6,29efc593c0ba401e,534,168,467,5778,2323,726,2121,651,6017,5485,9105,3911,3041,4700
2017-04-22,9704,28651,8,6,72191d4d7a751776,302,162,436,3913,1976,548,1867,500,5540,5140,8813,3102,2395,3661
2017-04-23,11210,30897,8,6,e18bd0e96f0e2486,403,174,529,4996,2175,626,1763,544,5409,5375,9186,3438,2758,4731
2017-04-24,15861,37378,8,6,15b4a45d46cf3690,637,199,588,7119,3257,821,2344,896,6124,6528,10658,4823,3804,5441
2017-04-25,16494,38308,8,6,4a994b70adb33d4c,656,209,641,7957,2766,933,2405,927,6340,6917,9799,5346,4015,5891
2017-04-26,16047,39724,8,6,91f15a272afcfd76,655,188,611,7443,2922,794,2468,966,6887,8581,9218,5075,3942,6021
2017-04-27,15797,38441,8,6,7fdcf5bd0b7bd19f,704,202,610,7150,2784,892,2610,845,7057,7354,10217,4764,3758,5291
2017-04-28,13322,32477,8,6,fc35567d12cbebe2,559,166,492,5878,2328,795,2367,737,6377,6373,8183,3818,3099,4627
2017-04-29,9773,27634,8,6,5e2083d5daba6290,328,132,390,3938,1761,561,2110,553,5316,6137,7837,2775,2053,3516
2017-04-30,10477,38855,8,6,8e1be446f17e065d,410,146,394,4682,1900,607,1674,664,5459,6983,17210,3294,2245,3664
2017-05-01,15404,43930,8,6,1c1ef30d4a3cdc17,722,190,542,7644,2483,824,2129,870,6750,6987,16930,4714,3562,4987
2017-05-02,14870,40158,8,6,e2ad4ea5f81238a6,680,202,589,6821,2520,827,2388,843,6201,7667,11731,4965,4003,5591
2017-05-03,14710,38769,8,6,24eef79a5933bf3e,685,228,602,6603,2634,950,2189,819,6230,7623,10442,4982,3920,5572
2017-05-04,14941,38858,8,6,e40e6b99420867b1,634,240,522,6890,2522,904,2405,824,6146,7314,10725,5154,3934,5585
2017-05-05,13125,33966,8,6,0d66cd80b2677358,551,186,547,5927,2321,762,2107,724,5722,6977,9186,4147,3290,4644
2017-05-06,9555,30813,8,6,5b5a123d4b00c09f,400,131,409,4053,1795,522,1738,507,5127,6192,10903,2820,2229,3542
2017-05-07,11236,36494,8,6,66280c5a246e519c,461,172,474,4885,2180,613,1810,641,5318,6804,14032,3497,2706,4137
2017-05-08,15217,41426,8,6,0ce45b1bec48e7e2,600,188,543,7113,2698,839,2354,882,6295,8074,12524,4869,3969,5695
2017-05-09,16374,41405,8,6,a8f781023ad28ac2,720,176,612,7792,2739,934,2543,858,6686,8059,12075,4962,3962,5661
2017-05-10,15076,41224,8,6,f36ccd93811cf8d7,597,231,633,6841,2676,889,2321,888,6454,8371,11561,5034,4182,5622
2017-05-11,15051,39528,8,6,d4c772fd4616bbcb,572,214,569,6799,2773,746,2493,885,6301,8139,10632,4870,4094,5492
2017-05-12,12799,37387,8,6,d998e776483e6bb9,528,171,424,5699,2422,785,2043,727,6010,8404,9776,3988,3511,5698
2017-05-13,9672,30004,8,6,a518bb154b084faf,413,132,379,3864,2002,500,1838,544,5298,6551,8719,2881,2662,3893
2017-05-14,10659,31236,8,6,51330131bcfc2292,540,167,428,4489,2222,626,1637,550,5544,6689,8936,3294,2753,4020
2017-05-15,15273,40970,8,6,fa4231519e8b4546,632,215,536,6918,2754,1126,2254,838,6810,7624,10804,4980,4533,6219
2017-05-16,16099,44080,8,6,4b78f7bca49fb8c6,687,225,490,6876,3497,909,2585,830,6724,7129,14945,5027,4475,5780
2017-05-17,15780,39423,8,6,12a4d0fdef9dd9b1,647,215,557,6536,3359,936,2424,1106,6497,7125,10630,4984,4333,5854
2017-05-18,14694,38165,8,6,b1e160e79c79e3d8,594,220,488,6269,2949,803,2369,1002,6366,6738,10095,4975,4469,5522
2017-05-19,12166,34079,8,6,2e0519fdc105c4ca,498,173,442,5112,2350,630,2211,750,5625,6310,9768,4028,3508,4840
2017-05-20,9658,29358,8,6,183348993d47bc67,334,613,335,3630,1977,511,1779,479,5104,5228,9650,3058,2445,3873
2017-05-21,11639,42938,8,6,9cc36f75fd45f5a2,477,143,367,4365,3083,613,1915,676,5582,5496,21156,3510,2797,4397
2017-05-22,14549,64483,8,6,8132be7c9b3cb2a4,636,186,521,6043,2557,1242,2470,894,6385,5785,35074,5183,5854,6202
2017-05-23,14535,48642,8,6,07a675d4a52a0096,621,202,489,6226,2575,802,2762,858,6711,5955,19740,5005,5451,5780
2017-05-24,13375,53779,8,6,323827728bf0b42e,539,229,481,5756,2488,803,2296,783,6768,5966,27048,4660,4194,5143
2017-05-25,13402,47097,8,6,9907f3514e0fe0dc,503,249,607,5450,2615,730,2397,851,5820,7145,19559,4674,4537,5362
2017-05-26,11308,37848,8,6,7e50fdc9db647b51,373,188,396,4621,2222,603,2205,700,5780,5833,14825,3538,3312,4560
2017-05-27,8508,31610,8,6,89f6e7cca00dc252,276,147,300,3349,1769,470,1704,493,5335,5129,12303,2621,2527,3695
2017-05-28,10120,33520,8,6,8cb38a9adfbc10a3,318,153,419,4060,2016,514,2024,616,5432,5404,12671,3225,2935,3853
2017-05-29,11330,40326,8,6,ce34f53c9dad589d,372,191,454,4694,2128,647,2141,703,5638,5682,16599,3775,3816,4816
2017-05-30,12686,40110,8,6,c87a64207a8b9754,470,233,491,5330,2373,724,2279,786,6700,6064,13966,4231,3960,5189
2017-05-31,13571,37211,8,6,f6cd9f7e285393b0,452,255,478,5748,2646,803,2481,708,6020,6066,11829,4319,3829,5148
2017-06-01,11763,36434,8,6,95ae8ce34d6ef647,412,209,411,4733,2333,766,2232,667,5803,5895,12132,4190,3591,4823
2017-06-02,11316,31406,8,6,bc46bd65347b3e55,364,182,372,4288,2380,950,2108,672,5383,5451,9168,3747,3315,4342
2017-06-03,8712,28714,8,6,fa70876db60c14b1,251,154,340,3381,1751,543,1750,542,4840,5223,9318,3153,2405,3775
2017-06-04,9788,31176,8,6,799a0f1a22a66b38,331,153,385,4367,1821,617,1606,508,5063,5700,10162,3364,3046,3841
2017-06-05,12018,37912,8,6,aedf91a8b0f61fee,386,180,462,4985,2455,712,2153,685,5908,6601,10391,4511,5593,4908
2017-06-06,13904,38366,8,6,c098e8cb78a7e34f,391,159,509,5325,2372,2118,2359,671,5541,6456,10848,4645,5840,5036
2017-06-07,13864,38364,8,6,c6e01f95c031ccdc,681,176,462,5080,2633,1756,2372,704,6271,6654,10963,4473,4928,5075
2017-06-08,12484,38766,8,6,9b47198daac34003,510,174,401,4870,2493,1092,2285,659,7191,7725,9993,4561,4416,4880
2017-06-09,11313,31130,8,6,e1201e0295859853,457,149,386,4460,1978,790,2382,711,5617,6250,7999,3671,3389,4204
2017-06-10,9333,27679,8,6,7ad2ea3deae8c21f,278,93,327,3417,1973,622,2009,614,4924,5581,7989,2790,2863,3532
2017-06-11,10496,30439,8,6,237626cae4ef69b3,318,137,420,4596,1901,654,1861,609,5212,5740,9101,3416,3127,3843
2017-06-12,12364,35169,8,6,96dd0eeee0e98922,408,192,454,4972,2510,755,2314,759,5772,5778,10481,4366,4121,4651
2017-06-13,13533,36312,8,6,a258ff3c1480252b,427,188,517,4967,3514,783,2416,721,5750,5997,10469,4608,4350,5138
2017-06-14,12799,37480,8,6,b6e5bf9f6957b3d4,401,293,382,4611,3138,739,2539,696,6428,5534,11284,4588,4515,5131
2017-06-15,12763,34636,8,6,0f49c1e6128d0074,433,228,444,4372,3502,716,2368,700,5907,5284,10428,4338,3883,4796
2017-06-16,10536,31309,8,6,e99ed6de187bfd40,383,182,363,3902,2327,614,2190,575,5093,4734,10382,3632,3265,4203
2017-06-17,8794,26741,8,6,95734930f9550952,325,133,266,3501,1720,534,1873,442,4634,4549,8635,2746,2764,3413
2017-06-18,9268,29892,8,6,76c8ed7f4c4d48e8,337,159,319,3729,1902,587,1738,497,4763,4972,9529,3382,3363,3883
2017-06-19,11434,35047,8,6,49c27feed7674dc7,433,166,401,4428,2387,713,2356,550,5295,5538,10817,4166,4350,4881
2017-06-20,11767,34715,8,6,6e5f26bbb0c0b7a6,420,173,435,4504,2423,785,2432,595,5317,5539,10008,4304,4482,5065
2017-06-21,12609,35305,8,6,6cb2033d8c9b3faa,351,270,484,4889,2198,639,2587,1191,5336,6993,9403,4097,4300,5176
2017-06-22,10777,32392,8,6,9886dc7de3f51e4e,371,223,404,4084,2086,588,2394,627,5112,5397,9482,3888,3961,4552
2017-06-23,9551,28494,8,6,cd4814a4be3a6496,321,163,338,3639,1775,496,2264,555,4719,4898,8229,3122,3131,4395
2017-06-24,8100,26422,8,6,35fe1bb96e5b8e2d,284,175,243,3214,1523,385,1798,478,4365,5057,8533,2342,2830,3295
2017-06-25,8513,28134,8,6,f15436fb97b2b6d9,291,175,261,3632,1507,442,1749,456,4591,4742,9177,2763,2882,3979
2017-06-26,10378,34727,8,6,e223708da33b182e,359,203,410,3943,1978,612,2214,659,6128,5468,9233,3689,3832,6377
2017-06-27,11064,33274,8,6,837dae64141b1bea,345,166,413,3953,2035,674,2876,602,5424,5270,9079,3558,4551,5392
2017-06-28,10792,32463,8,6,9c7ee9f1c7766b6a,368,174,503,3861,2213,617,2446,610,5136,5334,8905,3867,4334,4887
2017-06-29,11158,31599,8,6,f84dd30c73b037f7,365,159,540,3640,2256,766,2843,589,4779,5235,8208,3641,4712,5024
2017-06-30,9640,27684,8,6,904271134b3edd02,308,178,369,3384,1915,529,2400,557,4615,4741,7427,2902,4089,3910
2017-07-01,8237,27216,8,6,b3b4bbf351d77e4f,271,115,270,3040,1792,409,1862,478,5443,4718,7729,2484,3068,3774
2017-07-02,9006,33331,8,6,df1604647434fae2,229,104,291,3548,1933,530,1894,477,6115,5442,9112,3213,4589,4860
2017-07-03,10604,35438,8,6,c27476a8bda17226,353,142,373,4166,2044,528,2431,567,5839,6871,9381,3347,5239,4761
2017-07-04,10768,35017,8,6,9d8ff45556bb216c,375,132,403,3916,2258,626,2425,633,5629,5585,9782,3705,5472,4844
2017-07-05,10411,32822,8,6,f79386353b40fa3a,375,146,365,3718,2212,689,2361,545,5186,5563,8607,3445,5354,4667
2017-07-06,10868,32581,8,6,a50c5f143fefe3a2,341,178,390,3897,2197,694,2609,562,5038,5616,8710,3547,5025,4645
2017-07-07,9793,28217,8,6,3af58dfea59afe7d,312,143,364,3624,1965,558,2286,541,4919,5375,7669,2732,3519,4003
2017-07-08,8522,29896,8,6,c0e8b07826ab0a1b,266,156,281,3573,1564,480,1751,451,5716,5598,8590,2787,3678,3527
2017-07-09,8996,33158,8,6,a7ed862e05025025,273,113,332,3745,1663,469,1897,504,5713,6388,8848,3020,5057,4132
2017-07-10,10880,33010,8,6,977f952d02580dce,386,130,365,4489,2037,603,2321,549,5910,5917,8548,3506,4699,4430
2017-07-11,10180,32649,8,6,1b8e695680b19863,336,166,394,3873,1963,624,2174,650,5477,5666,8866,3564,4405,4671
2017-07-12,10964,34325,8,6,8bc7f1e0eb88d2d7,348,229,413,3724,2459,685,2482,624,7747,5335,8001,3476,4664,5102
2017-07-13,10890,31863,8,6,38811108adcaa2fa,355,206,388,3598,2417,659,2634,633,5720,5514,8432,3252,4276,4669
2017-07-14,9893,31498,8,6,25b59eac65e3df9e,294,151,358,3420,2313,528,2256,573,8092,5112,7982,2668,3677,3967
2017-07-15,8727,27708,8,6,32a72edecaadb816,269,130,279,3342,1816,463,1924,504,6008,4671,7965,2482,3276,3306
2017-07-16,9337,30324,8,6,a52a929898765245,325,134,278,3763,1887,526,1924,500,5592,4928,8570,2873,4437,3924
2017-07-17,10650,31618,8,6,bd1518a849338b53,373,169,394,4043,2206,603,2269,593,5732,5153,8530,3410,4538,4255
2017-07-18,12226,32396,8,6,9cc9163aeef12840,382,153,406,3977,3150,691,2859,608,5410,5593,8785,3538,4234,4836
2017-07-19,10783,33161,8,6,c6c5c72e34ff5021,337,176,399,3782,2394,603,2514,578,5680,5771,9479,3573,3989,4669
2017-07-20,10351,33030,8,6,6a58515b0f25016b,341,135,414,3874,2189,540,2253,605,5836,7363,8610,3165,3786,4270
2017-07-21,10278,29683,8,6,01dfa708984283d1,387,162,387,4109,1834,565,2246,588,5039,6568,8008,2770,3416,3882
2017-07-22,8583,28979,8,6,bf432ad1514c8829,279,132,246,3261,1675,443,2069,478,4528,5983,8906,2408,2961,4193
2017-07-23,9426,30132,8,6,59bbee22fc6171e9,317,116,336,3804,1978,491,1837,547,4944,4994,9408,2867,3965,3954
2017-07-24,11463,31223,8,6,982d1328babf426c,463,170,438,4106,2519,627,2482,658,5206,5453,8854,3415,3831,4464
2017-07-25,10769,30728,8,6,d7b00b90c37b5ea0,367,187,413,3776,2209,566,2662,589,5061,5549,8448,3403,3796,4471
2017-07-26,12132,29711,8,6,45a9176f23ab195d,346,628,424,4076,2576,1018,2478,586,4821,5088,8667,3233,3538,4364
2017-07-27,11290,28539,8,6,3e4498d0d1ce519f,393,229,458,4063,2284,660,2486,717,4897,4927,8173,2794,3494,4254
2017-07-28,9869,27817,8,6,004ed94413f5711a,302,150,356,3742,1754,595,2403,567,4497,5296,8262,2402,3025,4335
2017-07-29,8640,25373,8,6,ed7c10a0b434fdfc,287,117,286,3381,1545,502,2046,476,4472,4930,7611,2148,2655,3557
2017-07-30,9662,30345,8,6,dad803ae45f072c2,342,112,333,3696,1695,492,2475,517,5000,5181,8508,2581,3683,5392
2017-07-31,11022,31318,8,6,af5b6c6e218607ed,430,146,355,3953,2147,593,2776,622,4811,5392,8165,3506,3899,5545
2017-08-01,11615,32426,8,6,81a4b92ae1614eac,367,189,433,3940,2431,607,2943,705,4836,5407,8122,3578,3897,6586
2017-08-02,11817,31083,8,6,55c6896a800a6328,440,177,420,3916,2650,669,2699,846,5190,5543,7834,3657,3488,5371
2017-08-03,12118,31432,8,6,f18221105f187721,439,141,416,4186,2564,1030,2542,800,5011,6403,7556,3565,3302,5595
2017-08-04,9942,27348,8,6,606694bb37c5af81,377,123,338,3499,1944,582,2325,754,4660,5107,7940,2643,2873,4125
2017-08-05,9090,25246,8,6,fabaca20300641ce,323,133,355,3393,1569,495,2184,638,4396,5182,7031,2187,2414,4036
2017-08-06,9098,28875,8,6,b903daeef673e12b,341,134,330,3477,1699,450,2023,644,4499,5920,8260,2766,3049,4381
2017-08-07,10726,33741,8,6,80be5a6270f0204f,411,151,385,4259,1962,623,2212,723,5713,9154,7610,3385,3318,4561
2017-08-08,10732,32433,8,6,31aa8cab7f17ea5e,397,153,500,3913,1989,644,2380,756,4791,6939,8972,3487,3570,4674
2017-08-09,11294,30253,8,6,feed9449e2d36220,664,174,596,4033,1969,620,2484,754,4856,6023,7537,3363,3550,4924
2017-08-10,10634,28928,8,6,02cd767ddd112333,399,153,446,4019,1949,556,2267,845,4680,5725,7343,3091,3399,4690
2017-08-11,9814,27346,8,6,878106a23911a8a1,353,154,489,3442,1892,577,2220,687,4640,5372,7758,2791,2544,4241
2017-08-12,8292,24734,8,6,b4e3beb9a91afa5b,344,113,310,3271,1510,457,1743,544,4479,5202,6811,2221,2463,3558
2017-08-13,8850,27456,8,6,f07905bdad163d5d,270,121,331,3720,1616,430,1809,553,4584,5205,7979,2295,3328,4065
2017-08-14,10054,28335,8,6,ffeca5ae68f970bc,395,161,402,3929,1803,541,2074,749,4705,5316,7514,2835,3215,4750
2017-08-15,11726,28801,8,6,f9a77919843118fb,363,173,377,4818,2430,607,2189,769,4588,5590,7399,3242,3245,4737
2017-08-16,11193,29210,8,6,b5f177652a497dde,360,163,440,4306,2307,603,2321,693,4929,5395,7488,3168,3468,4762
2017-08-17,11018,29534,8,6,1b0ca7370248fd7a,365,170,421,4254,2153,501,2479,675,4844,5631,7091,3184,3820,4964
2017-08-18,10438,27792,8,6,e8d8a398d9afa65c,302,164,356,3858,2032,557,2373,796,4523,6044,7104,2520,2959,4642
2017-08-19,8910,24641,8,6,2b1fa23e948c573e,253,133,243,3477,1686,400,2092,626,4250,5799,6245,2094,2547,3706
2017-08-20,9772,30679,8,6,34d4c7d4160427b5,320,140,327,4292,1638,419,2026,610,5558,6971,7807,2657,3011,4675
2017-08-21,10684,41891,8,6,6fef64e7bf17e2d6,313,149,388,4092,2022,513,2453,754,4628,18846,6935,3019,3491,4972
2017-08-22,10974,35257,8,6,f70fc8e080afcaff,325,170,424,4283,2034,586,2495,657,4766,10969,6933,3909,3514,5166
2017-08-23,10763,31403,8,6,befa57fc9596e120,379,161,393,4256,2072,534,2316,652,4725,7543,7131,3518,3543,4943
2017-08-24,10443,29546,8,6,7773a4bc4a49a3e5,338,192,407,4117,1971,596,2138,684,4600,6514,6897,3397,3364,4774
2017-08-25,9334,26718,8,6,dfdc17d9c2981ded,317,202,326,3854,1594,551,1855,635,4626,5602,6593,2873,2924,4100
2017-08-26,8229,23844,8,6,7c142a1394aa4c9f,255,165,272,3363,1542,404,1729,499,4136,4588,6624,2332,2375,3789
2017-08-27,9124,25824,8,6,f5393940cea63bd0,285,140,288,3527,1913,484,1957,530,4326,4758,6953,2695,2999,4093
2017-08-28,10419,29399,8,6,33bf2e2d3b4af84a,362,163,365,4142,1796,549,2423,619,4802,5106,7126,3671,3498,5196
2017-08-29,11072,29629,8,6,0e719cf370b7cccc,381,172,377,4507,1929,664,2389,653,4654,5031,7286,3730,3692,5236
2017-08-30,11434,31094,8,6,75414ca8f67dede8,403,164,442,4725,1972,610,2404,714,4909,5384,7686,4077,3567,5471
2017-08-31,11283,30827,8,6,a24cd1b2a78ad408,541,221,464,4667,1889,601,2242,658,5713,4966,7687,3613,3443,5405
2017-09-01,9965,25418,8,6,a7d5ddbe2d96189e,581,196,294,4041,1554,543,2132,624,4397,4786,6583,2817,2768,4067
2017-09-02,8237,24780,8,6,31f24a1fe70cb601,339,127,315,3173,1432,384,1958,509,3982,4695,7542,2418,2347,3796
2017-09-03,8550,27869,8,6,ae9ad1cf19ea0764,248,152,306,3526,1506,451,1817,544,4526,4895,7647,3159,2959,4683
2017-09-04,10942,28812,8,6,65d4ba5671bad98c,857,133,386,4289,1889,558,2191,639,4676,5448,7186,3773,3044,4685
2017-09-05,12238,33791,8,6,5d1a06ad666abafe,501,183,417,5060,2045,909,2308,815,4905,5979,7460,5756,3762,5929
2017-09-06,13042,34994,8,6,3d502449275fd721,385,210,399,5576,2062,1075,2569,766,5060,5779,8923,5063,4199,5970
2017-09-07,12606,33468,8,6,abc287e001baba9c,394,211,384,5239,2189,1033,2472,684,4944,5604,8282,4876,3943,5819
2017-09-08,11092,29167,8,6,91069d572886767b,297,165,362,4677,1918,700,2307,666,4679,5090,7288,3701,3589,4820
2017-09-09,8804,25057,8,6,f1f3c84d74c1949b,268,126,306,3428,1602,478,2083,513,4164,4656,6606,2942,2698,3991
2017-09-10,10406,29198,8,6,9d6e24131e329a84,278,136,394,4484,1853,605,2089,567,4611,4913,7170,3993,3539,4972
2017-09-11,12983,35947,8,6,99ff1eb8b016bf12,583,173,458,5544,2254,674,2559,738,4853,5131,10138,5495,4333,5997
2017-09-12,14292,33855,8,6,9c187a9e7eba4178,702,161,492,5460,3214,760,2677,826,4928,5132,7908,5551,4194,6142
2017-09-13,14029,34115,8,6,d8ddfb53d7fd5681,619,135,512,5653,2842,709,2719,840,5123,5490,7824,5180,4327,6171
2017-09-14,18851,34390,8,6,3977e8af017a0ccb,5253,214,448,5658,3110,724,2601,843,5315,5501,8452,5130,3980,6012
2017-09-15,12032,30289,8,6,2b59bc9d19d46d54,525,123,380,4737,2437,673,2382,775,5073,5821,7157,3986,3197,5055
2017-09-16,9665,25451,8,6,61e505d8cb10017a,340,128,288,3644,1939,513,2222,591,4635,4876,6508,2886,2498,4048
2017-09-17,11312,35685,8,6,9c1f4df14c77d938,364,143,450,4697,2055,612,2261,730,9400,5126,7667,5191,3382,4919
2017-09-18,13618,43959,8,6,2339633804260597,454,170,493,5794,2465,764,2649,829,13747,5770,8218,5633,4304,6287
2017-09-19,13813,36439,8,6,64b45fe19b7db5e4,438,153,441,5752,2726,833,2664,806,5640,5583,8677,5459,4417,6663
2017-09-20,13155,34952,8,6,034918ef50ed33a5,422,181,515,5509,2540,792,2420,776,5435,5166,8321,5225,4608,6197
2017-09-21,12802,34661,8,6,f71291f03e1ee0d0,342,181,452,5464,2415,914,2344,690,5447,5368,8641,4800,4271,6134
2017-09-22,11196,31838,8,6,fb09817d0b440ec6,394,130,359,4462,2035,758,2422,636,5280,5040,8449,4005,3845,5219
2017-09-23,8811,27102,8,6,1aa7de64c9ce72c2,295,136,307,3545,1568,475,1942,543,4568,4311,7648,2955,3508,4112
2017-09-24,9977,31831,8,6,51fb73b268c031a0,290,138,401,4177,1841,575,1980,575,5204,4867,8634,3949,4319,4858
2017-09-25,12943,36331,8,6,5dfed83faf067852,373,191,469,5538,2384,849,2384,755,5427,5274,8553,5620,5177,6280
2017-09-26,13347,36556,8,6,b9728e1b53a6f536,572,190,527,5661,2424,797,2438,738,5413,5187,8280,5620,5602,6454
2017-09-27,12935,36330,8,6,c1d60618cf74928a,430,136,419,5648,2191,902,2482,727,5552,5217,8329,5394,5327,6511
2017-09-28,12760,35425,8,6,a12b9bcdb8a54887,443,164,449,5742,2155,806,2209,792,5189,5292,8529,5047,5388,5980
2017-09-29,10858,35958,8,6,fa65d0bb4a1a78f6,502,179,457,4623,1699,701,1972,725,6288,8155,8061,4157,4234,5063
2017-09-30,8418,28855,8,6,8012019feedd7311,356,121,404,3375,1370,560,1645,587,6740,5195,7280,2648,3215,3777
2017-10-01,9653,31409,8,6,f8c8d3c930fd52b7,365,131,378,4082,1566,630,1803,698,5346,4843,8174,3720,3551,5775
2017-10-02,12855,35130,8,6,39df8c834230754c,461,148,540,5478,2441,710,2262,815,5255,5533,7749,5332,5001,6260
2017-10-03,12752,35872,8,6,ed6e8506c0147a36,446,189,488,5248,2301,874,2308,898,5120,5972,7787,5522,4819,6652
2017-10-04,13118,36274,8,6,6ada2419a27766e8,424,190,503,5420,2400,846,2425,910,5234,6265,7815,5533,4678,6749
2017-10-05,12971,37228,8,6,d77225f761b1a7d6,451,177,450,5365,2404,842,2394,888,5348,7507,8166,5308,4430,6469
2017-10-06,11424,31698,8,6,cbb3a15a58ba5a3f,409,165,394,4531,1988,704,2324,909,4888,6357,7400,4080,3700,5273
2017-10-07,8899,28711,8,6,9389e62ace981542,337,117,353,3383,1591,538,1969,611,5597,5333,7829,3112,2551,4289
2017-10-08,10133,33328,8,6,efdee17fc8e97679,359,134,421,3969,1922,601,2039,688,5244,7229,8434,3706,3180,5535
2017-10-09,12973,36186,8,6,3d27304785609613,464,163,562,5410,2325,756,2497,796,5386,6025,8426,5277,3982,7090
2017-10-10,13588,37376,8,6,e399a5f8f90b2363,457,190,546,5739,2398,775,2577,906,5625,6266,8735,5574,4460,6716
2017-10-11,14054,37909,8,6,fb12d7c023253898,423,188,597,5633,2502,1240,2665,806,5482,6096,8305,6085,5023,6918
2017-10-12,14699,37442,8,6,80a0614564404a9c,429,159,573,5811,2408,1730,2712,877,5461,6488,7896,5945,5048,6604
2017-10-13,11655,31329,8,6,3bd72e21572d98cb,472,156,426,4954,1959,699,2216,773,5014,4946,7197,4691,4190,5291
2017-10-14,9702,25868,8,6,f8d0b1dc30ba0754,278,112,358,3772,1584,976,1996,626,4634,4067,6619,3180,3067,4301
2017-10-15,10676,47720,8,6,ca07b9bce2223f9f,367,148,462,4480,1851,679,2030,659,22675,4536,7644,4669,3260,4936
2017-10-16,14225,39990,8,6,35eb4d3a6a0cdc9b,503,170,527,6569,2279,822,2391,964,9341,5442,8693,6063,4289,6162
2017-10-17,14011,35850,8,6,1fb26345d91a32dc,435,178,490,5851,3035,802,2253,967,6292,5355,7936,5977,4051,6239
2017-10-18,13596,35871,8,6,f41a8a0d1e3ea7a4,447,156,545,5884,2254,871,2331,1108,5661,5401,8163,6162,4341,6143
2017-10-19,15004,34630,8,6,6a004728a2a610a0,517,191,497,6567,2007,842,2364,2019,5692,5931,7794,5807,3759,5647
2017-10-20,13131,31383,8,6,aebc04e5c4e8366e,577,192,419,5611,1924,724,2387,1297,5535,5181,7517,4569,3325,5256
2017-10-21,10095,31550,8,6,d2c22cb8dc7f28c3,336,146,371,3783,1639,1007,2032,781,8963,4438,8188,3086,2698,4177
2017-10-22,13111,32371,8,6,416ae813c19f5019,2128,149,445,4744,1976,586,2233,850,5745,5181,8240,4337,3434,5434
2017-10-23,14982,36229,8,6,dfa01f69937cbf0b,561,191,498,6538,2430,835,2717,1212,5853,5581,8394,5820,4360,6221
2017-10-24,15751,38192,8,6,5863710f7c0e45fd,547,208,565,6325,2459,854,2827,1966,5663,5755,9268,6147,4764,6595
2017-10-25,15441,36628,8,6,ff55ceda6e051e22,547,217,520,6641,2557,833,2949,1177,5987,5522,8436,5870,4379,6434
2017-10-26,15113,36373,8,6,7e707ddfcd862f82,515,222,443,6755,2402,793,2932,1051,5758,5775,8271,5723,4451,6395
2017-10-27,13374,32576,8,6,e4c7243ccdfb9146,403,250,432,5745,2033,701,2804,1006,6733,5465,6986,4533,3429,5430
2017-10-28,10545,30297,8,6,0213aeb9f8f1776f,320,187,346,4213,1771,551,2406,751,9123,4635,6522,3188,2565,4264
2017-10-29,13473,29841,8,6,846abf0440c29b2c,397,172,517,6209,2175,675,2383,945,5076,5283,7311,4027,3442,4702
2017-10-30,16322,35161,8,6,0ea34a29598358ee,538,232,660,7263,2756,828,2903,1142,5264,5552,7912,6126,4228,6079
2017-10-31,15775,33367,8,6,66ded28cee2132e6,502,190,549,6853,2994,839,2870,978,5383,5103,6989,5853,4035,6004
2017-11-01,15566,34587,8,6,df8e15ab7c3d3ab3,511,214,566,6712,2923,796,2827,1017,5191,5393,7191,6142,4258,6412
2017-11-02,17261,37604,8,6,bdca55724ab981e3,622,325,639,7177,3642,937,2947,972,5674,5739,8659,6246,5002,6284
2017-11-03,14784,33017,8,6,00b52efed77b9238,455,243,465,6364,2850,761,2765,881,5727,5758,7396,4954,3779,5403
2017-11-04,10883,27842,8,6,1d791d26aba3a7c7,324,150,386,4202,2179,540,2451,651,5019,5580,6515,3366,3140,4222
2017-11-05,12744,32977,8,6,210a4c296767d282,373,148,510,5268,2570,618,2502,755,5094,6103,8003,4427,4357,4993
2017-11-06,16887,48794,8,6,644634d2932235ee,519,181,597,7177,3494,905,3008,1006,10644,6123,8194,6688,10410,6735
2017-11-07,17681,45024,8,6,db7932e8a6c12c74,643,203,650,7545,3379,865,3348,1048,6505,5981,7887,6996,10679,6976
2017-11-08,17943,42224,8,6,efa4eedab434efc2,576,182,649,7218,3623,908,3731,1056,5770,5598,8002,6954,9346,6554
2017-11-09,16266,39030,8,6,9c332401a162762a,547,182,590,7053,3191,772,2884,1047,5921,5226,7734,6515,7122,6512
2017-11-10,14918,30996,8,6,ea4219637513808c,436,140,433,7076,2612,613,2663,945,4929,4489,6958,4854,4615,5151
2017-11-11,11157,25902,8,6,27542eaf38dda43f,372,126,436,4553,2106,476,2383,705,4518,3959,6643,3251,3382,4149
2017-11-12,13021,31864,8,6,a678083143c67725,388,131,549,5493,2609,621,2518,712,4978,4602,8220,4334,4661,5069
2017-11-13,17906,39549,8,6,fec75cf5fff88806,617,186,779,7998,3438,881,3001,1006,5832,5331,8408,6454,6929,6595
2017-11-14,17681,39013,8,6,73f1b3abfdc20d60,559,220,742,7355,3978,863,2965,999,5659,5313,7825,6741,6794,6681
2017-11-15,17085,38483,8,6,3bc0271b99b6b95a,610,182,586,7117,3873,851,2875,991,5582,5368,7812,6712,6316,6693
2017-11-16,17467,37221,8,6,1ca696139b1aa91b,642,206,628,7246,3530,871,3258,1086,5336,5078,8106,6577,5836,6288
2017-11-17,14229,32599,8,6,0f193bc258d3280b,473,157,480,6172,2781,719,2575,872,4984,4637,7657,5399,4502,5420
2017-11-18,11472,27175,8,6,4a735bae3c948b9e,476,177,519,4259,2602,568,2229,642,5053,4194,7004,3203,3528,4193
2017-11-19,12994,33735,8,6,747afacce30bb974,438,126,566,5389,2906,608,2253,708,5427,4689,9328,4053,4989,5249
2017-11-20,16218,37287,8,6,7bcccce050d86508,661,196,686,6669,3508,867,2706,925,5644,5220,8007,5771,6610,6035
2017-11-21,15692,35680,8,6,480ad50ee42989e2,576,169,612,6289,3488,810,2824,924,5578,5365,7173,5477,6092,5995
2017-11-22,14602,33507,8,6,3fac5e0b7493165a,528,152,624,5645,3503,710,2678,762,5413,4716,6929,5087,5797,5565
2017-11-23,13695,30613,8,6,e38170fadb116224,420,135,653,5183,3187,656,2705,756,4976,4755,6506,3887,4972,5517
2017-11-24,11671,33133,8,6,cdf04c6abc407c1c,380,124,507,4539,2449,600,2332,740,11108,4425,6370,3240,3336,4654
2017-11-25,11527,47730,8,6,5597eb30a736f034,418,136,482,4376,2786,517,2106,706,26259,4494,6482,3073,3300,4122
2017-11-26,16473,33394,8,6,8113e45198d2662f,513,169,572,5467,2869,3834,2290,759,5713,5079,7594,4094,5965,4949
2017-11-27,17901,42079,8,6,2649876ac2c22b72,785,216,704,7463,3781,945,2950,1057,5808,5373,8552,6259,10007,6080
2017-11-28,17955,43390,8,6,cac69c2ce388b069,733,235,830,7365,3669,980,2991,1152,5619,6196,8002,6956,10070,6547
2017-11-29,19042,41471,8,6,b806098d2084f91a,835,219,745,8001,3627,1089,3171,1355,6832,5972,7444,6738,7929,6556
2017-11-30,17876,38124,8,6,a9cdd955343c3453,792,204,643,7707,3304,888,3165,1173,5607,5727,7436,6185,6877,6292
2017-12-01,15443,36797,8,6,c8dbd25e7f6eaad8,651,172,518,6673,2822,749,2844,1014,7208,5474,8311,5340,5149,5315
2017-12-02,12344,27763,8,6,bf3b0dac169cf2af,440,114,392,5058,2432,664,2520,724,5240,5462,6305,2778,3689,4289
2017-12-03,14305,34130,8,6,d018aed611e3527e,568,178,545,5845,2908,689,2742,830,5184,8576,6998,3680,4797,4895
2017-12-04,20786,40924,8,6,98939ece89b19b23,794,200,703,9905,3760,918,3248,1258,5893,8806,7704,5670,6377,6474
2017-12-05,20268,39479,8,6,53ebdb6ea358242d,960,193,660,9450,3773,942,3125,1165,6182,8091,7077,6040,5667,6422
2017-12-06,18684,36833,8,6,854d78fabacd0ca2,1013,165,693,8106,3829,870,2933,1075,6169,5928,7067,6067,5361,6241
2017-12-07,18740,36297,8,6,109c93c37eefc9b8,946,199,664,7862,3745,971,3094,1259,5556,6492,7174,6107,4960,6008
2017-12-08,15677,41914,8,6,80c89fbc0cfd7cd0,786,173,535,6537,3086,714,2835,1011,5199,6723,6447,14520,3863,5162
2017-12-09,11806,26777,8,6,4faf7307b2ca90a3,533,127,462,4738,2481,519,2270,676,4573,5000,6036,4074,3078,4016
2017-12-10,15106,28934,8,6,1e3114c3162d298f,1647,129,477,5789,3334,628,2280,822,4898,4395,7137,3977,3533,4994
2017-12-11,19258,40769,8,6,4627575d80908d93,1034,194,658,8936,3713,783,2987,953,6471,8915,8796,5858,4896,5833
2017-12-12,19741,36551,8,6,555ecaf3b21f7502,869,210,666,7468,5412,816,3306,994,5592,6923,7801,5866,4531,5838
2017-12-13,18001,34426,8,6,48a26ad19f6f947e,919,264,591,7220,4172,870,2954,1011,5173,5455,7165,6281,4600,5752
2017-12-14,17255,32854,8,6,f50132334fe1887a,909,197,551,7109,3720,813,3034,922,5008,5372,6956,5711,4469,5338
2017-12-15,14509,29055,8,6,09fb41e404ee2dda,639,184,541,6026,2905,659,2711,844,4732,4653,6651,4673,3654,4692
2017-12-16,11360,22575,8,6,eee3f214b2ac7e3f,914,107,409,4272,2594,486,1965,613,4261,3674,6116,2567,2482,3475
2017-12-17,11897,26096,8,6,33d0e5d14472fc33,682,123,513,4808,2522,505,2073,671,4446,4185,7082,3172,3156,4055
2017-12-18,15484,32496,8,6,7bada654908021c4,796,159,520,6473,3031,704,2895,906,4968,5023,9202,4672,3574,5057
2017-12-19,15294,31125,8,6,ddcdb812d925585e,614,159,456,6211,3268,701,2893,992,4687,4601,8750,4738,3356,4993
2017-12-20,14849,28702,8,6,85f823a2df86350a,636,151,489,6372,2809,736,2756,900,4857,4583,7374,4041,3150,4697
2017-12-21,13644,26921,8,6,66a9b84bc1b89d26,609,145,452,5643,2634,595,2777,789,4676,4497,7148,3603,2658,4339
2017-12-22,11587,24473,8,6,50980d27094471e3,577,135,339,4504,2220,448,2404,960,5211,3958,6320,2422,2176,4386
2017-12-23,9930,21695,8,6,ab5507b667b969f3,705,96,260,3927,1884,375,2038,645,3958,3834,6845,1845,1809,3404
2017-12-24,10701,21126,8,6,8e7d22aa9491fd72,973,123,246,4513,2034,379,1820,613,3873,3586,6760,1868,1778,3261
2017-12-25,13992,22207,8,6,f5a108de1c5e1c91,3344,107,302,4996,1907,485,2062,789,3752,3634,6996,1861,1995,3969
2017-12-26,11680,24290,8,6,2baaafc03ef39374,1307,107,330,4219,2135,440,2492,650,4162,4136,7524,2204,2425,3839
2017-12-27,11619,25924,8,6,1d5ccb2fbe446054,578,132,304,4158,2389,440,2923,695,4190,4294,8638,2242,2420,4140
2017-12-28,11694,26253,8,6,1eabd36f2ed61074,463,128,349,4275,2412,471,2936,660,4371,4540,7943,2193,3119,4087
2017-12-29,10933,25563,8,6,cf34c1ab00d76508,429,104,327,4183,2207,464,2466,753,4267,4186,7900,2294,2838,4078
2017-12-30,10163,29804,8,6,6755c0d7527891c0,363,92,286,4086,2128,390,2238,580,4268,4665,12873,2045,2428,3525
2017-12-31,9071,28731,8,6,458f73548c82b77c,366,83,247,3886,1753,409,1760,567,4108,5128,11818,1928,2332,3417
2018-01-01,9801,30476,8,6,a7d8167a50107559,323,99,290,4063,2068,373,2061,524,3971,6986,11083,1920,2791,3725
2018-01-02,12627,35162,8,6,e82210e90260ed0d,453,133,401,4816,2844,514,2742,724,4647,7626,10778,3023,4054,5034
2018-01-03,14285,34039,8,6,5c6db5818cc7388f,404,133,378,5401,3084,789,3166,930,4708,6539,9665,3506,4207,5414
2018-01-04,14476,33062,8,6,b8844437e5b758f2,416,124,435,5740,2949,640,3235,937,5031,5653,9569,3591,4022,5196
2018-01-05,13656,30164,8,6,5ec341f774f6a0f3,435,145,360,5503,2801,550,2849,1013,4607,5575,8636,3300,3212,4834
2018-01-06,11686,28950,8,6,4aea9404938b713e,330,121,410,4357,2611,489,2569,799,4796,4830,9047,2588,3437,4252
2018-01-07,12602,32310,8,6,bd2208c5680ac56b,362,108,386,5072,2662,629,2578,805,4868,5595,9565,3195,4140,4947
2018-01-08,15654,35615,8,6,f3b3f34e74212acf,498,129,431,6659,3146,667,3141,983,4955,5930,9216,4511,5013,5990
2018-01-09,16573,37810,8,6,4e5af5cb7580fbe3,435,161,478,7390,3199,757,3152,1001,5331,5676,8985,5264,5895,6659
2018-01-10,17164,38524,8,6,ec7ca04345d844ea,434,158,516,7303,3581,902,3157,1113,5576,5860,9600,5498,5393,6597
2018-01-11,17595,41487,8,6,f53f2944b2d41f09,499,186,534,7768,3492,813,3186,1117,5412,5636,13608,5267,5188,6376
2018-01-12,15385,33220,8,6,d0cd63d4b4c34d51,379,149,408,6802,3046,679,2876,1046,5072,5039,9144,4636,4064,5265
2018-01-13,11952,27808,8,6,10b08543aa79bbab,331,122,358,5082,2383,680,2241,755,4456,4672,8209,2724,3009,4738
2018-01-14,12399,30893,8,6,32fc68a0b86cb7ce,324,131,410,5211,2783,545,2177,818,5114,5050,8692,3177,3982,4878
2018-01-15,14706,35008,8,6,ce7f7b0a15e6bf02,425,137,475,5944,3346,713,2722,944,5055,5568,8934,4105,5602,5744
2018-01-16,18151,39274,8,6,44674c06197d2013,525,198,496,7457,3932,1060,3095,1388,5323,6151,9262,5448,6705,6385
2018-01-17,18071,38501,8,6,4ce512ff3551f5c0,539,156,537,7235,3913,855,3342,1494,5291,5840,8997,5516,6152,6705
2018-01-18,17497,39702,8,6,4e5ad6400b2d61a0,563,176,467,7280,3423,825,3445,1318,5522,5874,10181,5681,5704,6740
2018-01-19,15633,36682,8,6,aea014ecdd4c8814,513,137,422,6429,3045,768,3159,1160,7971,5370,8790,4490,4250,5811
2018-01-20,11652,30970,8,6,812ad19400cfa364,409,121,323,4678,2380,579,2350,812,6447,4821,8961,3014,3384,4343
2018-01-21,13040,35506,8,6,ab400cf2649f2ca1,387,115,390,5600,2766,651,2274,857,6790,5550,9538,3954,4293,5381
2018-01-22,17185,40698,8,6,b265f841e5083fd9,479,158,458,7991,3405,860,2798,1036,5968,6264,9504,5699,6565,6698
2018-01-23,18287,42046,8,6,112fbfc84be16b63,516,151,508,8404,3587,858,3100,1163,5692,6406,9217,5784,7939,7008
2018-01-24,17591,41190,8,6,68c5f49ab7c5004e,474,193,498,7825,3386,904,3170,1141,5867,6560,9073,5905,7210,6575
2018-01-25,16596,41376,8,6,9b3b6026ef16029b,465,165,438,7556,3228,829,2785,1130,6950,6272,9229,6271,6426,6228
2018-01-26,14208,40095,8,6,6dfa754e2faab30f,406,141,397,6385,2841,602,2371,1065,8425,6236,10000,5489,4590,5355
2018-01-27,11357,34354,8,6,bb05423b9872eaab,299,126,320,4619,2387,480,2236,890,5153,6053,10465,4826,3366,4491
2018-01-28,13247,42898,8,6,41437b1dc34d11a0,409,135,444,5792,2717,610,2236,904,6216,6489,14745,5557,4318,5573
2018-01-29,18095,46528,8,6,8fa62604edf90975,526,186,496,8350,3606,778,3005,1148,5832,7280,13618,6330,5907,7561
2018-01-30,18692,45938,8,6,66fb4be3b3930bec,493,162,473,8140,3937,780,3227,1480,5850,9409,11547,6455,5840,6837
2018-01-31,18909,59340,8,6,9893cec27e8a1e1b,471,165,509,8084,4003,792,3649,1236,5915,25199,9368,6631,5605,6622
2018-02-01,17832,45970,8,6,0209e8062e21ac43,471,160,520,7968,3727,784,3040,1162,5607,12663,9654,5723,5635,6688
2018-02-02,18116,38194,8,6,1da28716805d4a35,465,168,433,7029,3727,693,3077,2524,5130,9337,9451,4177,4493,5606
2018-02-03,14705,31709,8,6,a427dd51d10d152d,369,210,402,5073,3135,628,2724,2164,4864,6757,8698,3348,3140,4902
2018-02-04,14297,38356,8,6,e3424fbecac3f32c,391,162,406,5969,3178,630,2303,1258,5030,9514,9678,4285,4477,5372
2018-02-05,28872,40535,8,6,71c08a952057c878,555,215,596,8823,5361,1148,4200,7974,5592,8418,8810,5577,5564,6574
2018-02-06,40304,41472,8,6,776100871a548b79,960,298,804,10985,8527,1497,7011,10222,6251,7774,8543,5678,6107,7119
2018-02-07,23176,40238,8,6,931757d6b04e7bfb,801,170,521,8395,4702,912,4626,3049,6650,8003,8110,5371,5283,6821
2018-02-08,23526,37958,8,6,03fa6f24ac7cb9ee,556,204,583,8288,4978,1039,4466,3412,6087,7032,8289,5007,5043,6500
2018-02-09,21985,32911,8,6,4ecdad08cbdeaf7c,463,159,583,7529,4392,1041,4039,3779,5403,6367,7699,3910,4024,5508
2018-02-10,13258,28075,8,6,075b291af25e2d41,308,126,447,4971,2856,646,2526,1378,4706,5458,7881,2837,3081,4112
2018-02-11,14285,32907,8,6,bfd61b51840ebfce,388,142,464,5911,3071,677,2359,1273,5171,6147,9128,3410,3809,5242
2018-02-12,18403,36082,8,6,0341d0f027d5742b,502,173,528,8085,3625,932,3112,1446,5532,6307,8938,4618,4521,6166
2018-02-13,17892,36490,8,6,39bb7316c9ae8fdd,495,175,547,8242,3628,955,2573,1277,5520,6547,8420,4830,4720,6453
2018-02-14,17509,33825,8,6,09f0abc52c582a23,481,178,437,7216,4780,803,2529,1085,5265,6003,7928,4461,4351,5817
2018-02-15,16303,34003,8,6,b04eaa3d9b9c8e06,389,145,434,7111,3785,737,2683,1019,5306,6000,8270,4211,4160,6056
2018-02-16,14088,31121,8,6,d2cb82c119f5a16a,365,143,341,6130,3029,652,2443,985,5094,5749,7723,3672,3516,5367
2018-02-17,10626,27458,8,6,f03301b433ab23b3,317,130,294,4329,2391,492,1982,691,4605,5005,7802,2882,2853,4311
2018-02-18,12548,33919,8,6,66db47ca8487ddad,327,121,369,5567,2779,624,2001,760,5160,5655,9527,4854,3698,5025
2018-02-19,15018,37998,8,6,1d24182ea1ee204a,414,136,466,6662,3327,677,2428,908,5110,6517,10941,4760,4594,6076
2018-02-20,16966,40533,8,6,ec2a358e6a3e35df,468,164,458,7749,3585,781,2795,966,5648,6775,10547,5312,5686,6565
2018-02-21,17790,38671,8,6,eec5deadb17cc52a,411,187,650,7996,3762,874,2782,1128,5552,7255,9105,5066,5158,6535
2018-02-22,17551,37896,8,6,4136c4fe38d98461,416,139,518,7522,3668,1022,2970,1296,5803,6757,8831,4825,4656,7024
2018-02-23,16031,34243,8,6,95743a75c3ee349f,460,161,476,7001,3194,831,2684,1224,5528,6359,8630,4221,3780,5725
2018-02-24,11581,29452,8,6,777cabe733362c68,302,88,359,4692,2412,598,2058,1072,4746,5850,8252,3152,2930,4522
2018-02-25,13818,36167,8,6,6d173339c3954f13,297,113,424,5765,3279,691,2104,1145,5537,6703,11128,3630,3923,5246
2018-02-26,18088,43990,8,6,e4637c0b3e5b98ef,431,151,530,8337,3700,908,2587,1444,6248,7527,12632,5626,5107,6850
2018-02-27,17961,42340,8,6,847216f4267464f6,524,211,552,8189,3776,1049,2550,1110,5624,8031,10301,5564,5920,6900
2018-02-28,17031,40063,8,6,1759eef62fce03b4,438,156,532,8136,3448,976,2252,1093,5590,7985,9470,5507,5042,6469
2018-03-01,17062,38645,8,6,18c04853dd7857dd,478,175,561,8164,3406,917,2186,1175,5795,8071,9223,5140,4217,6199
2018-03-02,15295,34143,8,6,21ca4e165ea2c7ce,397,147,460,7568,2809,782,2100,1032,5106,7345,8656,4206,3350,5480
2018-03-03,11605,29782,8,6,d106b8597f84a366,221,124,403,5467,2454,616,1708,612,4692,6582,8270,3104,2806,4328
2018-03-04,13476,34340,8,6,efd9c0a7dc82f1c1,276,129,414,6585,2792,692,1902,686,5770,7078,9157,3980,3284,5071
2018-03-05,17747,39110,8,6,fa7b1dede1de7583,592,144,512,8936,3363,963,2335,902,5526,7164,9846,5435,4276,6863
2018-03-06,17932,38532,8,6,33cc9791237e3986,564,162,517,8890,3536,923,2345,995,5458,6834,8856,5840,4818,6726
2018-03-07,17804,37780,8,6,ce4ee86ab660c306,468,167,564,8695,3445,961,2532,972,5528,6670,8594,5770,4671,6547
2018-03-08,17659,37436,8,6,b43c47c30dcf488c,513,163,506,8629,3534,881,2446,987,6612,6325,8340,5728,4159,6272
2018-03-09,15836,32988,8,6,260e97c59065ae5e,452,619,459,7169,3153,796,2283,905,5214,5876,8243,4685,3329,5641
2018-03-10,10994,29877,8,6,9287732dd693299f,313,94,365,4581,2450,528,1828,835,6609,5101,8049,3026,2714,4378
2018-03-11,13820,36049,8,6,5576d5312160e853,364,133,424,6345,2843,1126,1890,695,7565,5963,10058,3789,3284,5390
2018-03-12,17552,43554,8,6,a566467a7a4f2d1d,553,211,600,8165,3673,888,2416,1046,10502,6652,10401,4942,4228,6829
2018-03-13,17066,39722,8,6,26c24a8ca0952581,500,189,577,7845,3686,1027,2328,914,7517,6949,9106,5025,4235,6890
2018-03-14,16570,37853,8,6,39895d20dfa64ec1,425,180,595,7673,3700,872,2291,834,6665,6481,8126,5282,4341,6958
2018-03-15,16626,36392,8,6,b39e13293ed7a2a1,464,164,536,7498,3233,1045,2782,904,6224,5998,8118,5148,4138,6766
2018-03-16,14336,32001,8,6,9b810aa9ca77d057,428,584,496,6370,2654,755,2244,805,5788,5358,8040,4067,3089,5659
2018-03-17,10266,26833,8,6,294a96fbe30260b7,271,130,343,4486,2258,567,1697,514,5114,4699,7413,2959,2285,4363
2018-03-18,11748,36215,8,6,eda2148f8924f96f,375,148,433,5608,2410,585,1529,660,9969,5427,8658,3566,2855,5740
2018-03-19,16077,37164,8,6,b8b38238803d3daf,485,174,583,7829,3293,851,2025,837,7271,6345,8555,4565,3760,6668
2018-03-20,16576,36435,8,6,aa17bdcf49ec3819,466,160,512,8011,3461,889,2234,843,5967,6091,8216,4940,4390,6831
2018-03-21,16927,37058,8,6,f6133e3beba460b1,437,191,522,7953,3762,903,2292,867,5836,6384,7942,4814,3945,8137
2018-03-22,17079,35737,8,6,8411d9bb3c124f6c,449,203,510,7583,3439,1017,2674,1204,5729,6221,7921,4770,3713,7383
2018-03-23,16053,30649,8,6,a19bbb9430c7dc6f,380,168,462,7318,2901,1266,2320,1238,5309,5846,7213,3982,3016,5283
2018-03-24,10609,39535,8,6,62942fa37a848eb8,232,105,333,4322,2399,599,1819,800,4480,4884,21156,2926,2209,3880
2018-03-25,11631,36326,8,6,d2847e724975fc0e,291,100,403,5406,2356,752,1531,792,4955,5256,15752,3200,2425,4738
2018-03-26,16043,34663,8,6,5f676c59c372499d,462,188,531,7878,3009,880,2167,928,5387,5863,9488,4465,3150,6310
2018-03-27,16135,35316,8,6,09bfbad2c6ec3704,428,172,495,7717,3225,910,2202,986,5499,6056,9053,4392,3153,7163
2018-03-28,14925,33869,8,6,3746494a9d28577a,478,168,516,7267,2778,760,1970,988,5084,5757,10025,4311,2836,5856
2018-03-29,13444,30897,8,6,9d93e3fc9c789a94,408,144,389,6469,2559,713,1973,789,5382,6138,8137,3717,2425,5098
2018-03-30,10944,27369,8,6,936988883548dc61,357,122,405,4908,2111,623,1861,557,4652,5719,8116,2862,1878,4142
2018-03-31,9497,86903,8,6,4d3ac56af97668cb,330,110,445,4125,1950,496,1546,495,4530,6088,68369,2450,1803,3663
2018-04-01,10745,30637,8,6,926ab539f36af327,344,121,410,5113,2260,519,1458,520,4558,5759,11785,2652,1914,3969
2018-04-02,14673,32248,8,6,30cd058cc9a88164,407,145,630,6722,2700,839,2109,1121,5022,5865,10488,3650,2522,4701
2018-04-03,15755,38192,8,6,756d0db5759cb9f4,433,174,527,7540,3002,815,2332,932,5300,6032,12007,4352,2791,7710
2018-04-04,16246,35611,8,6,eb6b4379c9ee8dc3,492,212,541,7648,3165,852,2347,989,5190,7390,9106,4594,2909,6422
2018-04-05,15514,31231,8,6,20ae9b00e6d20c29,460,189,513,7339,3213,793,2188,819,5071,5696,7971,4412,2948,5133
2018-04-06,14860,28282,8,6,4ab88aefad3aafe8,381,178,440,7015,2808,727,2283,1028,4985,5036,7345,3520,2598,4798
2018-04-07,10335,25490,8,6,dd0df9943cd93af0,265,124,417,4709,2191,516,1500,613,4490,4472,7925,2813,2003,3787
2018-04-08,11793,28020,8,6,78ce0cbb6409d58f,287,143,431,5707,2424,625,1545,631,5050,4966,7949,3531,2324,4200
2018-04-09,15936,35339,8,6,8c4cc7feb4bb6003,452,183,472,7946,3253,919,1918,793,5823,5716,9992,4739,3361,5708
2018-04-10,16411,36163,8,6,cb6cd3fd8284022f,450,220,520,7972,3380,1036,2036,797,5312,7221,8436,4916,4568,5710
2018-04-11,16093,34709,8,6,e12281593d55a45c,481,185,441,7836,3174,931,2067,978,5331,5361,9752,4880,3436,5949
2018-04-12,16565,33998,8,6,ee9c6322a18d3f5d,455,205,565,8545,3187,883,1953,772,5672,5537,8723,4791,3270,6005
2018-04-13,14175,29708,8,6,896709d4889456c1,414,165,423,7079,2828,743,1786,737,5373,5128,7608,3892,2615,5092
2018-04-14,10578,25436,8,6,50d8def594744e3a,257,130,676,4577,2117,510,1840,471,5673,4063,7032,2906,2023,3739
2018-04-15,12036,28471,8,6,ead8fbb5f5190547,297,135,438,5808,2668,579,1463,648,4931,4688,8380,3495,2535,4442
2018-04-16,17132,33320,8,6,9da20d649ffbf7f5,444,211,499,8205,3612,898,2445,818,5376,5439,8243,4790,3508,5964
2018-04-17,16968,34332,8,6,992f0c12ba3abfb5,482,228,515,8474,3542,930,1981,816,5480,5747,7928,5149,3635,6393
2018-04-18,16776,33731,8,6,e98e14357d88dc2c,486,185,680,7990,3469,1036,2129,801,5119,6070,8089,4654,3521,6278
2018-04-19,15810,33375,8,6,5ca861c2d49457b6,452,222,524,7706,3415,970,1799,722,5049,5996,7796,5034,3443,6057
2018-04-20,13787,32121,8,6,9833f6793ac38cbc,344,182,463,6639,2941,901,1710,607,7073,5423,7246,3974,3140,5265
2018-04-21,10455,27261,8,6,94c637fdb72220cb,280,128,456,4642,2319,640,1498,492,5099,6083,6742,3130,2190,4017
2018-04-22,12997,28737,8,6,7b4fc0308db0b790,325,319,512,6245,2678,965,1361,592,5062,5037,7762,3739,2532,4605
2018-04-23,17787,36465,8,6,28f29487417a61dc,444,220,553,8653,3554,1030,2505,828,6899,6191,7918,4740,3736,6981
2018-04-24,17046,35252,8,6,58120a86b23a6231,454,346,546,8264,3639,1136,1781,880,5516,6033,8779,5179,3691,6054
2018-04-25,17890,35739,8,6,49fedf8865902b95,434,549,538,8361,3774,1413,1914,907,6142,6290,7981,5135,4069,6122
2018-04-26,16452,32605,8,6,95699e4e662afd18,454,266,522,8181,3361,985,1925,758,5440,5932,7244,4826,3595,5568
2018-04-27,13361,29185,8,6,542d5b852613ec56,343,189,428,6463,2877,790,1689,582,4690,5691,6788,4080,2960,4976
2018-04-28,9474,23916,8,6,a2fe960e78a39826,225,138,367,4221,2179,545,1406,393,3943,5032,6654,2674,2253,3360
2018-04-29,11553,27131,8,6,2639c9e2b52ee325,280,128,406,4972,3205,648,1409,505,4535,5727,7115,3467,2502,3785
2018-04-30,15608,32555,8,6,cb0952925a475f7a,418,288,478,7865,3170,913,1776,700,5023,6775,7713,4486,3550,5008
2018-05-01,15618,34215,8,6,a817317aa0995b4a,381,241,461,7846,3232,962,1695,800,5824,6229,8414,4786,3625,5337
2018-05-02,16351,34507,8,6,05b384584f624691,433,246,493,8073,3535,927,1885,759,5152,5911,8497,4914,4181,5852
2018-05-03,16324,32955,8,6,f63816cfdf61486c,377,219,671,7913,3483,921,1933,807,5169,5991,7621,4635,4083,5456
2018-05-04,15571,33995,8,6,fd6321c789026afa,391,218,453,8038,3121,824,1829,697,5003,5344,7437,4048,7321,4842
2018-05-05,10684,28098,8,6,c155ad57fa04d1a9,286,110,371,5014,2430,572,1457,444,4245,4472,6465,2896,6288,3732
2018-05-06,12371,31574,8,6,afcd40cd5e13eaf7,313,142,405,5805,2616,606,1862,622,4510,4672,8823,3609,5837,4123
2018-05-07,17005,51483,8,6,98b36cff4796938e,419,233,570,8477,3507,957,2007,835,5209,7143,18282,4932,10107,5810
2018-05-08,16428,41731,8,6,11635cef159dcea2,430,240,540,7922,3412,995,2093,796,5091,5904,10064,5003,9968,5701
2018-05-09,16034,38645,8,6,16791e71a3f23693,410,223,518,7767,3304,1055,2061,696,5292,6337,8706,4752,7907,5651
2018-05-10,15992,37027,8,6,538b6f35e7d8c2f1,453,220,591,7592,3336,952,2032,816,5196,5678,8340,4832,7399,5582
2018-05-11,14071,33872,8,6,4da3ee074948e27a,405,212,511,6917,2735,815,1817,659,4851,5182,8552,4165,6265,4857
2018-05-12,9859,27212,8,6,d0b3c72fc1a55586,313,125,399,4563,2073,552,1368,466,4184,4176,7371,2940,4906,3635
2018-05-13,11436,31133,8,6,7008c85071dd37a0,284,112,576,5374,2363,655,1485,587,4420,4665,8344,3553,6080,4071
2018-05-14,15635,41028,8,6,5c796571bd588c53,438,186,539,7309,3315,892,2003,953,5040,6211,10045,5462,8081,6189
2018-05-15,15733,39319,8,6,65f0702e0e76c21b,419,166,513,7453,3522,941,1989,730,5338,6407,9148,5485,7043,5898
2018-05-16,15926,42345,8,6,9188c50504845038,373,179,582,7437,3502,928,2096,829,5045,6449,12593,5060,7076,6122
2018-05-17,15567,47827,8,6,5d05c657457e7bcd,374,188,589,7270,3503,868,2087,688,5530,6397,16353,4925,8093,6529
2018-05-18,13241,36905,8,6,23de814b5eefa7e2,325,167,442,6128,2828,827,1802,722,5138,5334,10236,4178,6735,5284
2018-05-19,9349,27891,8,6,7a1982ee21cf5948,249,117,338,3876,2151,545,1551,522,4095,4384,8188,2980,4507,3737
2018-05-20,13187,32431,8,6,e8082b4d167e053a,320,111,384,7138,2546,580,1440,668,4622,5077,9087,3348,5972,4325
2018-05-21,15409,44497,8,6,007aba0f07c39152,352,171,493,6939,3321,1060,2168,905,5340,6318,14117,4740,8215,5767
2018-05-22,15335,46021,8,6,12f96ba43e6f1962,327,174,441,7396,3142,1009,2068,778,5325,7673,13413,4925,8413,6272
2018-05-23,15279,39817,8,6,90338588d338d316,334,165,539,7518,3004,936,2043,740,4975,6146,9900,4802,7551,6443
2018-05-24,14313,37058,8,6,2344172571a56cbe,380,188,502,6714,2882,901,2070,676,5057,5834,9224,4591,6257,6095
2018-05-25,11846,32537,8,6,538187a8144c46b6,341,138,435,5225,2602,669,1878,558,4612,5479,8721,3833,4835,5057
2018-05-26,9787,27882,8,6,d43b285031a0b9aa,254,118,346,4279,2330,493,1531,436,4280,5073,8161,2783,3782,3803
2018-05-27,10396,42060,8,6,adcabf01fbe32e91,296,112,410,4820,2036,590,1646,486,4552,6131,19930,3030,4268,4149
2018-05-28,12234,35540,8,6,fe88f3a3e182d3e0,232,131,460,5572,2577,704,1986,572,4873,6305,10666,3901,4736,5059
2018-05-29,13639,42610,8,6,d364898091c0fa5e,326,144,415,6415,2800,780,2070,689,5119,7002,14647,4654,5261,5927
2018-05-30,12940,36100,8,6,09d04aef6c1de6ce,343,172,430,5911,2616,770,2057,641,5183,6199,9160,4273,5482,5803
2018-05-31,13268,34041,8,6,cf2f9d279420b59d,264,139,501,6282,2549,771,2087,675,4809,5450,9174,4161,4860,5587
2018-06-01,11869,31125,8,6,c43cf68f79eaaa19,271,131,364,5555,2337,660,2005,546,4658,5132,8510,3679,4379,4767
2018-06-02,9190,28851,8,6,527642e0931fcc09,203,109,312,3977,1931,500,1623,535,4086,6509,8076,2861,3498,3821
2018-06-03,10513,33107,8,6,80d13c5fe7a5b252,254,115,463,4971,2113,527,1485,585,4806,6742,9651,3593,3818,4497
2018-06-04,13170,42838,8,6,8e8fbfed5e4545a7,311,134,510,6148,2642,832,1987,606,5404,5897,9645,4592,11555,5745
2018-06-05,13299,45217,8,6,e40521162a7bca2b,323,151,408,6037,2964,784,2041,591,5207,6152,11900,4856,11385,5717
2018-06-06,13339,40073,8,6,21e7bcbccbccf1eb,363,161,453,5794,3176,727,2135,530,5219,5410,9731,4770,9555,5388
2018-06-07,13186,37380,8,6,056a8b0bcd34949e,334,182,439,5410,3310,819,2118,574,5280,5501,8975,4696,7652,5276
2018-06-08,11473,33142,8,6,4783500035c6e9d8,292,152,373,4778,2344,682,2273,579,4977,5031,9347,3774,5318,4695
2018-06-09,9267,32946,8,6,83ef333a98b32f3a,241,113,299,3909,2086,519,1731,369,4708,5026,12274,2821,4292,3825
2018-06-10,10705,32811,8,6,7cc071a5a5c2dd4b,251,124,347,4761,2504,624,1611,483,4882,4834,10139,3625,4806,4525
2018-06-11,12882,33602,8,6,22ace05e833b47a0,273,177,371,5730,2717,831,2195,588,5062,5273,8835,4212,4928,5292
2018-06-12,12896,36069,8,6,91f43673843ac266,308,176,406,5461,2833,875,2142,695,4830,5327,8749,4369,7316,5478
2018-06-13,13556,33816,8,6,396766f7269e440a,287,206,386,5544,3711,808,1978,636,5105,5672,8735,4419,4827,5058
2018-06-14,12008,31472,8,6,165fbfcf9c601d68,328,199,418,5108,2629,752,1927,647,5044,6210,7716,3898,3836,4768
2018-06-15,10187,27030,8,6,1f15e7fc0146cb70,253,129,296,4469,1986,654,1862,538,4670,4784,6753,3342,3555,3926
2018-06-16,8357,24932,8,6,49ce3de5cee57c9c,220,112,251,3693,1626,493,1521,441,4433,4221,6963,2789,3161,3365
2018-06-17,9452,29259,8,6,14e28173e9dc8da8,240,116,280,4321,1843,599,1552,501,4692,4698,8597,3180,4254,3838
2018-06-18,11853,34895,8,6,e4aa5467343f55e0,305,154,442,4928,2423,767,2206,628,4857,5673,10451,3954,4782,5178
2018-06-19,12479,33377,8,6,f2161fd7462bb97a,301,172,381,5205,2536,933,2171,780,4946,5187,8773,4002,4537,5932
2018-06-20,11526,32583,8,6,e1b2aab26e149e12,352,160,412,4712,2334,692,2264,600,4725,5339,8812,3955,4462,5290
2018-06-21,11204,31275,8,6,857f63916e8d4ee5,236,142,336,4576,2378,742,2203,591,5004,5176,7804,3741,4344,5206
2018-06-22,10112,28346,8,6,4b6577812912f04a,240,115,275,4020,2094,938,1888,542,4699,5302,7152,3034,3706,4453
2018-06-23,8799,27263,8,6,2eb70409d42732db,201,123,293,3529,1678,785,1797,393,4472,4932,7654,2633,3611,3961
2018-06-24,9530,30956,8,6,c2ea8c90360dffc5,233,113,393,4081,1906,668,1657,479,5000,5024,8950,3229,4283,4470
2018-06-25,11942,33293,8,6,b2e56c4228bec642,314,157,401,4860,2216,1162,2124,708,4944,5783,9046,3506,4543,5471
2018-06-26,11533,32427,8,6,53a51f303f5bc231,263,119,354,4744,2206,1206,2038,603,4739,5769,8289,3609,4633,5388
2018-06-27,11530,32141,8,6,d50e6337a770d850,266,151,479,4667,2255,1003,2080,629,4789,5788,8258,3748,4325,5233
2018-06-28,11746,31684,8,6,712a66e05861dfd2,305,155,397,4456,2070,851,2997,515,4662,6180,7770,3445,4212,5415
2018-06-29,9996,28306,8,6,b45987ce465823f5,228,129,393,3883,2157,781,1956,469,4324,5376,7231,2800,3979,4596
2018-06-30,8581,26851,8,6,1c18d0b645ef49ab,191,97,274,3610,1707,682,1601,419,4304,5516,6934,2548,3385,4164
2018-07-01,8951,30170,8,6,cabd0d371503c126,235,97,267,3847,1739,695,1694,377,4547,5305,8184,2966,4535,4633
2018-07-02,12164,31134,8,6,0692b947093b5553,267,159,366,5816,2043,819,2212,482,4713,5567,7952,3328,4403,5171
2018-07-03,10560,32560,8,6,4002fb3469d99c50,236,120,369,4396,2208,665,2087,479,4995,6634,7988,3475,4461,5007
2018-07-04,10337,30089,8,6,1e08b4c1ed089cc7,216,122,360,4409,2099,679,1964,488,4670,4925,8085,3249,4341,4819
2018-07-05,10875,31185,8,6,24f48f8311be3d53,263,108,345,4439,2513,689,1988,530,4948,4877,8802,3179,4381,4998
2018-07-06,10682,28986,8,6,ff5476261245fe98,252,142,306,4496,2132,867,1904,583,4539,4484,8836,2974,3678,4475
2018-07-07,8905,25208,8,6,a4fafa09c855edc7,206,105,250,3941,1655,525,1768,455,4263,3994,7498,2402,3077,3974
2018-07-08,9938,31282,8,6,50273e0019c38784,248,102,295,4579,1867,627,1715,505,4629,4839,8990,3155,4993,4676
2018-07-09,11411,33113,8,6,08caaa0ad0ed118e,279,123,362,4886,2212,720,2221,608,4853,6408,8941,3453,4306,5152
2018-07-10,11000,29618,8,6,8bc8fabab493977c,313,132,341,4434,2183,719,2224,654,4705,4662,7626,3441,4119,5065
2018-07-11,11392,28984,8,6,d37e58f68ebeebda,268,139,446,4582,2462,714,2200,581,4874,4340,7154,3782,3916,4918
2018-07-12,10685,28969,8,6,b3b2f911c3b4230a,274,139,364,4100,2424,654,2166,564,4965,4517,7787,3099,3810,4791
2018-07-13,10139,26641,8,6,17388803c023faf2,240,144,294,3949,2393,546,2092,481,4417,4642,7353,2751,3376,4102
2018-07-14,9207,28513,8,6,ad02892eb098c233,235,114,301,3697,1820,488,2115,437,4481,5888,8038,2476,3571,4059
2018-07-15,9645,30732,8,6,9174158dd7b979e1,247,106,270,4045,2132,560,1758,527,4961,4775,8492,2881,4963,4660
2018-07-16,11136,31437,8,6,6e4092e64bf2b87a,312,153,380,4317,2558,777,2094,545,5047,5410,8374,3243,4408,4955
2018-07-17,11408,30683,8,6,9ddcba790caf6ee2,284,173,410,4711,2383,688,2237,522,4749,5801,7847,3064,4084,5138
2018-07-18,11375,31299,8,6,56454382657dd39f,264,139,427,4384,2324,834,2429,574,4956,6225,7674,3171,4334,4939
2018-07-19,11118,32240,8,6,3b1b156034d84483,322,153,331,4576,2231,744,2174,587,4777,6423,9191,3068,3967,4814
2018-07-20,9924,30173,8,6,db7e9efa86f88ee8,266,157,303,4087,2030,697,1881,503,4475,6844,8189,2775,3825,4065
2018-07-21,9130,28220,8,6,af3b791618e0870d,224,129,232,3833,1680,561,2045,426,4381,6244,7917,2229,3144,4305
2018-07-22,9694,33085,8,6,95ae014875117ebb,264,114,332,4630,1621,534,1680,519,5015,7290,8937,2781,4872,4190
2018-07-23,11047,33627,8,6,6be5e2768780fdee,316,159,391,4777,2054,731,2113,506,5119,6651,9078,3760,4212,4807
2018-07-24,11508,34438,8,6,2a36efd0ee62c799,307,145,372,4937,2179,809,2178,581,5104,6435,9783,3489,4551,5076
2018-07-25,12286,35641,8,6,76ee39f0eb665a2d,294,617,380,4902,2381,747,2327,638,5473,6822,10085,3557,4563,5141
2018-07-26,11560,33849,8,6,2698cbdfc91a60a9,405,165,371,4567,2372,695,2312,673,5366,7727,8558,3236,4058,4904
2018-07-27,11145,47875,8,6,f1bcce8e124b2d17,353,530,378,4236,1997,705,2174,772,4719,24169,8145,2711,3445,4686
2018-07-28,9337,33892,8,6,99cd14a96fa57547,278,97,321,3885,1688,522,2015,531,4587,11829,7784,2573,3208,3911
2018-07-29,10048,34469,8,6,cbc17fe082b7b4a8,240,121,324,4608,1771,591,1872,521,4888,7691,9534,3059,4806,4491
2018-07-30,12081,34613,8,6,fffc0ae6ed77a51d,316,163,415,5263,2171,754,2328,671,5437,6849,8902,3813,4271,5341
2018-07-31,11709,36665,8,6,6dee3d2fb367a979,320,171,401,4719,2357,697,2375,669,5231,7232,10413,3940,4090,5759
2018-08-01,12119,33141,8,6,29cdad869a93b96b,294,146,593,4954,2538,888,2071,635,5144,6314,8107,3844,4132,5600
2018-08-02,13017,33266,8,6,ecf3d055e1d1f56a,293,140,417,5649,2709,981,2191,637,5095,5939,8581,4043,3924,5684
2018-08-03,11534,32529,8,6,3d6e1ab224424e59,276,107,336,5183,2105,782,2171,574,4872,5624,9208,3022,3266,6537
2018-08-04,9520,32395,8,6,d7b921af6a840a45,238,92,265,3991,1855,639,1898,542,5263,5989,9806,3044,3251,5042
2018-08-05,10292,31565,8,6,ce98835913de9845,281,133,304,4578,2049,629,1791,527,4689,5330,8942,3608,4006,4990
2018-08-06,11996,33188,8,6,89c676eeec31ed73,369,148,419,4850,2341,811,2350,708,4895,5401,8880,4331,4263,5418
2018-08-07,12399,35180,8,6,ea07a3174f7fe7ad,333,134,382,4892,2564,759,2669,666,4900,5502,8117,4228,4255,8178
2018-08-08,11549,31813,8,6,13a35bc9ded95b4a,328,149,356,4609,2380,713,2336,678,5161,4992,8933,3814,3731,5182
2018-08-09,11608,31308,8,6,59cf1714b7346df2,307,123,407,4617,2399,790,2366,599,5223,5000,8491,3798,3845,4951
2018-08-10,11075,26664,8,6,7157c3821a136c31,507,116,347,4449,2332,647,2082,595,4824,4406,7283,2941,2956,4254
2018-08-11,9450,25686,8,6,6e1c408b9e89acb7,245,129,263,3970,1928,536,1899,480,4650,4558,7079,2513,2701,4185
2018-08-12,10667,29684,8,6,1135f91521ceda47,300,101,427,4685,2014,629,1962,549,5011,5051,8423,2921,3584,4694
2018-08-13,12241,30055,8,6,901fb374e602535f,306,134,525,5048,2401,848,2349,630,5182,5022,7996,3731,3418,4706
2018-08-14,11833,28468,8,6,79cbc6c8326eaff7,345,130,462,4909,2515,827,2025,620,4921,5066,7632,3350,2976,4523
2018-08-15,12174,29080,8,6,6145617bab073268,333,126,391,5156,2657,834,1930,747,5069,4771,7647,3448,3477,4668
2018-08-16,11634,29120,8,6,9f9e43141d230f82,292,127,372,4988,2267,804,2103,681,4808,4902,7428,3631,3294,5057
2018-08-17,10983,27344,8,6,9403edf7fb0fe1f2,260,100,347,4617,2253,721,2095,590,4654,4948,7033,3037,3051,4621
2018-08-18,9275,24814,8,6,dfe57ebc9ade7926,222,112,295,4045,1794,578,1708,521,4416,4457,7316,2411,2535,3679
2018-08-19,10976,29850,8,6,be03795ecbb85e6c,268,94,331,5210,2099,650,1782,542,5054,5000,8242,3008,3819,4727
2018-08-20,12488,31053,8,6,d5724bf8fbc61281,328,117,354,5424,2617,759,2265,624,5473,5295,7878,3278,3467,5662
2018-08-21,12152,30991,8,6,c54ae2d47da7255b,341,127,309,5220,2615,796,2110,634,5358,6179,7701,3606,3188,4959
2018-08-22,12499,33869,8,6,5eb5b0c99eb07b0e,312,139,390,5326,2505,867,2178,782,6155,6440,8347,3611,4014,5302
2018-08-23,12061,33885,8,6,42e9da4d5f5326b6,227,137,351,5202,2227,820,2242,855,6512,6061,9071,3683,3257,5301
2018-08-24,11229,31006,8,6,c5bc03a0b113d5d9,264,137,288,5049,1967,710,2070,744,6387,5961,8228,2872,3028,4530
2018-08-25,9123,28790,8,6,52ff02c819f531e7,246,96,248,4067,1607,520,1770,569,6201,5751,8662,2112,2483,3581
2018-08-26,10164,31279,8,6,966ea6ed27e5c12b,270,96,288,4981,1671,630,1675,553,6466,6270,8561,2618,2984,4380
2018-08-27,13314,37042,8,6,60c2f972322fc737,370,129,361,6158,2268,830,2419,779,6705,6807,10020,3503,4568,5439
2018-08-28,13489,37000,8,6,e93877bcdb0f4303,288,108,366,5743,2409,888,2848,839,6562,6255,10072,4193,4065,5853
2018-08-29,13281,35250,8,6,c36530437e6149b9,311,131,341,5922,2468,899,2398,811,6689,5921,8756,4350,3768,5766
2018-08-30,13494,38909,8,6,9f603c2fe85316ee,362,122,361,5873,2626,929,2397,824,7802,5372,12683,3915,3455,5682
2018-08-31,12139,32210,8,6,2c0654a92e4ecccd,299,113,330,5457,2206,700,2361,673,5970,5031,9836,3400,2843,5130
2018-09-01,9419,26522,8,6,aa40f3a731a7c413,252,67,269,4207,1711,530,1825,558,5457,4765,7801,2605,2224,3670
2018-09-02,11450,32254,8,6,8cbd706fd2f9fcbc,216,99,305,5187,1925,630,2273,815,5882,6008,10276,3268,2638,4182
2018-09-03,12524,33888,8,6,02fb032a4634f258,284,115,371,5768,2415,749,2181,641,6555,5166,9127,4500,3358,5182
2018-09-04,15942,35265,8,6,c8ccc6a018013e09,360,140,481,6674,2551,2595,2347,794,6523,5167,9155,4972,3380,6068
2018-09-05,19182,34859,8,6,d66f9f274fbdf337,337,596,417,7350,5121,2099,2420,842,6339,5284,8349,5364,3583,5940
2018-09-06,17245,34607,8,6,eda427a210600b1b,358,128,406,7118,4693,1334,2391,817,6585,5143,8287,5088,3494,6010
2018-09-07,14832,31839,8,6,00a6d94875e7f2ee,270,113,425,6379,3661,1039,2177,768,6310,4756,8467,3823,3237,5246
2018-09-08,11993,28193,8,6,e2ec636d9818f489,214,90,322,5381,2813,754,1827,592,5979,4294,8260,3083,2527,4050
2018-09-09,14131,32317,8,6,d78691efeda97dc3,304,119,420,6742,3017,856,1985,688,6727,4808,8363,4201,3129,5089
2018-09-10,17825,36179,8,6,2ff65068e40e48e0,351,135,559,8647,3714,1007,2524,888,6865,5948,8661,5098,3634,5973
2018-09-11,16534,34202,8,6,4276b9502ee36fff,357,136,545,7005,4089,1009,2476,917,6450,5140,8081,4955,3567,6009
2018-09-12,16684,39734,8,6,03499e84639377c2,381,135,681,7272,3861,995,2443,916,7174,5697,12999,4980,3464,5420
2018-09-13,15951,37466,8,6,9fafccbc06361ae2,434,123,671,7037,3372,1145,2217,952,7050,5463,10833,4551,3611,5958
2018-09-14,18475,31534,8,6,351c4d3dd8ac003a,704,129,603,7803,2933,3096,2253,954,6483,5321,7665,4069,3159,4837
2018-09-15,12387,28513,8,6,74e7727da6c7e069,411,134,571,5205,2264,1129,1951,722,5569,5858,7084,2975,2657,4370
2018-09-16,13212,31950,8,6,67eac9b81b96d6b2,343,140,495,6044,2685,832,1903,770,6432,5844,8021,3894,3049,4710
2018-09-17,16352,36329,8,6,305d403488f251c3,409,135,648,7426,3458,1072,2313,891,6678,6071,8466,5373,3921,5820
2018-09-18,15814,39298,8,6,a0abd18cb53b617b,435,142,542,6767,3455,924,2646,903,6519,6791,10516,5628,3736,6108
2018-09-19,15651,35943,8,6,ac4cacaf161adeaa,402,126,525,6701,3454,1031,2531,881,6534,6326,8454,5460,3294,5875
2018-09-20,15644,35351,8,6,0b7fece6644e291f,382,148,461,6322,3480,1173,2726,952,6492,6250,7994,5204,3667,5744
2018-09-21,12950,34946,8,6,e2a730f66a821ff1,340,115,426,5229,2557,822,2531,930,6325,8811,7698,3996,3144,4972
2018-09-22,10817,26755,8,6,1f99356d27a04275,293,96,394,4143,2359,630,2212,690,5729,5216,6948,2913,2225,3724
2018-09-23,12830,96837,8,6,3f57f0ca5e37880a,307,104,411,5725,2664,826,2018,775,6393,6260,72553,3994,3277,4360
2018-09-24,16080,42937,8,6,bdb92c4f70a975de,372,98,498,7092,3194,1081,2829,916,6626,7652,13433,5422,3905,5899
2018-09-25,14880,37584,8,6,23a6956f1c23c16c,345,107,492,6065,3048,911,3014,898,6483,7400,8608,5272,3971,5850
2018-09-26,15447,38330,8,6,9b389a2c1b3aba9b,390,197,467,6151,3236,1050,3085,871,6539,6622,9804,5851,3752,5762
2018-09-27,15526,36391,8,6,7d07d46c8c8969f8,357,134,480,6322,3201,908,3231,893,6091,6299,8978,5823,3665,5535
2018-09-28,12339,30187,8,6,5abb2d92b4f35af7,328,129,465,4811,2360,794,2693,759,5810,5302,7211,4246,2960,4658
2018-09-29,10120,25848,8,6,2c1ed084ade31ace,257,86,331,4181,1877,633,2152,603,5486,4751,6564,3113,2313,3621
2018-09-30,11170,30630,8,6,98385ca4f54a4157,321,112,385,4729,2185,714,1974,750,5896,5111,8088,4052,3208,4275
2018-10-01,14365,35045,8,6,1637b32d139b0f85,359,110,477,6262,2906,930,2423,898,6060,5866,8791,5279,3438,5611
2018-10-02,15182,37397,8,6,c04b57520c1e9ed3,490,121,626,6101,3086,951,2864,943,6302,6185,8868,5732,4306,6004
2018-10-03,15480,36477,8,6,53c46465dc885d87,437,650,509,6216,2954,970,2834,910,6443,6249,8471,5528,4113,5673
2018-10-04,16060,35219,8,6,cfd613e194f5958a,403,1277,478,6563,2702,908,2703,1026,6374,6250,8289,5215,3747,5344
2018-10-05,14390,30396,8,6,5e665a3b10a31c33,343,1166,451,5322,2467,819,2801,1021,5668,5211,7406,4374,3001,4736
2018-10-06,11459,26276,8,6,901f54dc0f3dd8f7,338,1072,400,4096,2018,656,2192,687,5181,4602,6978,3272,2392,3851
2018-10-07,12913,29954,8,6,9744194da278c622,306,1225,426,4976,2412,714,2171,683,5695,4778,7652,4239,3315,4275
2018-10-08,16612,34224,8,6,49ee99d97d122ef8,363,1696,524,5930,3313,1015,2881,890,6102,5539,8273,5570,3418,5322
2018-10-09,16961,36349,8,6,2b9158d02b779493,468,1823,540,6092,3353,1262,2510,913,6626,6013,8147,6017,3856,5690
2018-10-10,20582,36810,8,6,480a9a8e32f4aebc,354,2565,527,6936,3469,1234,3008,2489,6981,6095,8413,6004,3949,5368
2018-10-11,27714,41992,8,6,5cee59184fa000d3,420,6963,660,6453,3672,1463,4089,3994,6463,7747,8608,5812,7872,5490
2018-10-12,19837,34699,8,6,961b3c965812ea80,351,4108,525,5411,2679,979,3260,2524,6027,5750,9672,4945,3436,4869
2018-10-13,13223,30344,8,6,2434473e92e99b55,294,2524,389,4219,2088,694,2119,896,5650,5250,9393,3464,2574,4013
2018-10-14,14368,33388,8,6,56aae814601d0e42,324,2156,526,4854,2697,724,2195,892,6055,5876,9308,4457,3224,4468
2018-10-15,18116,38469,8,6,12192451e63584de,405,2404,553,6266,3361,983,2971,1173,6517,6527,9729,5899,3986,5811
2018-10-16,17908,37851,8,6,693a4e2ad43fc295,395,2603,514,6220,3324,1243,2586,1023,6376,6629,8861,6495,3933,5557
2018-10-17,18925,37361,8,6,e19758c1b6bb0201,411,4062,538,6106,3170,1049,2680,909,6527,6447,8108,6273,3701,6305
2018-10-18,17816,34985,8,6,df080d500ec2deed,331,3242,469,6087,3206,1075,2370,1036,6254,6440,7679,5540,3881,5191
2018-10-19,15099,30759,8,6,ea7e1dbfd2638dce,350,2164,399,5185,2547,937,2540,977,5503,6107,6945,4284,3254,4666
2018-10-20,11790,29183,8,6,01ff1d4d5b6b9af8,256,1533,357,4207,1954,681,2114,688,5115,5634,7251,3255,3834,4094
2018-10-21,13213,33451,8,6,db58f3bf7b420a48,292,1549,380,4831,2375,748,2257,781,5841,6272,8574,4132,3793,4839
2018-10-22,17875,37549,8,6,9cbfb510774a845c,598,2225,542,6443,2909,1034,2996,1128,6111,7063,8356,6040,4192,5787
2018-10-23,18944,38377,8,6,89876843cf930024,468,2403,563,6686,3043,1136,3027,1618,6006,7433,8841,6107,4099,5891
2018-10-24,20223,37052,8,6,f820d7efcf55cde4,433,3076,555,6455,3042,1178,2919,2565,6095,7573,7747,5972,3932,5733
2018-10-25,20774,36442,8,6,b8af348262ba27b3,424,2563,588,6500,3107,1319,4311,1962,6083,6933,7871,5916,4132,5507
2018-10-26,16095,33872,8,6,00946b5a374f8260,375,2023,411,5532,2466,1035,2820,1433,5731,6137,7323,4806,5046,4829
2018-10-27,12226,28236,8,6,9f16a1bc3afc3541,275,1384,413,4046,1972,736,2482,918,5136,6046,7290,3211,2417,4136
2018-10-28,14141,30200,8,6,29328d6eb88ee951,302,1582,435,5071,2365,849,2564,973,5536,5756,7226,3958,3269,4455
2018-10-29,20460,35692,8,6,ef7935ddb22fd8a5,475,2598,559,7634,2819,1290,3476,1609,5906,6203,7592,5809,4726,5456
2018-10-30,19240,36602,8,6,89ac4624efc28f0b,460,2748,494,6994,2898,1340,2932,1374,6244,6199,8005,6121,4517,5516
2018-10-31,17641,33094,8,6,b67ee521b4b3d73f,415,2556,528,6284,2696,1151,3034,977,5700,6254,6899,5477,3677,5087
2018-11-01,16735,33856,8,6,c4bb02da7430ac82,409,2443,496,6109,2564,1159,2621,934,5790,5835,7259,5463,3748,5761
2018-11-02,15155,31125,8,6,2cdae1e7dbb1281e,345,2266,366,5571,2304,906,2586,811,5729,5806,7199,4556,3316,4519
2018-11-03,11915,25728,8,6,93d1da379f93e680,276,1590,364,4307,1952,796,2028,602,5318,4776,6407,2967,2568,3692
2018-11-04,13239,31200,8,6,c9b933cf63c8fbc0,348,1819,468,5270,2161,761,1820,592,6408,5465,7657,3901,3467,4302
2018-11-05,17091,37913,8,6,553ab9171e2f5177,442,2559,552,6736,2944,980,2118,760,6178,5715,7697,5730,7355,5238
2018-11-06,18693,36849,8,6,b19c2285979d6e17,446,2662,520,6392,3067,1361,2921,1324,5935,5815,7355,5214,7442,5088
2018-11-07,16519,36469,8,6,56da8351622b6b8a,448,2570,525,6312,2931,947,2002,784,5905,5704,7430,5237,6912,5281
2018-11-08,16918,36474,8,6,4925a5136116a971,449,2807,512,6275,2953,1004,2131,787,6524,6006,7255,5300,6092,5297
2018-11-09,15164,31475,8,6,c88aea5cb36b6f03,436,2451,422,5661,2394,884,2201,715,6259,5572,6925,4435,3779,4505
2018-11-10,11975,28835,8,6,5af0bc28d0d05421,301,1853,408,4365,1954,682,1864,548,6717,4936,6819,2888,2992,4483
2018-11-11,13917,37530,8,6,1dd2a3ef0266d751,378,1927,526,5347,2431,667,2074,567,7353,5181,11932,3690,4624,4750
2018-11-12,18299,39517,8,6,80c326ba2bc71097,463,2472,571,7225,3105,1049,2500,914,6548,5743,10739,4975,5945,5567
2018-11-13,20289,39036,8,6,ca7cf9752d6338f7,469,2535,570,8306,2955,1195,3127,1132,6565,5821,9317,5586,6025,5722
2018-11-14,18825,38621,8,6,149bcdd34dced868,509,2711,571,7228,3085,1271,2444,1006,6675,6100,8530,6170,5351,5795
2018-11-15,20201,36745,8,6,a26fb70ecc699778,487,2927,528,6767,3805,1569,2945,1173,6654,5921,8112,5306,5012,5740
2018-11-16,16194,34399,8,6,9b7678db49487432,438,2260,764,5795,2443,974,2654,866,6011,5649,8610,4767,3664,5698
2018-11-17,11937,27810,8,6,5d02723f4c9710c2,313,1543,404,4600,1873,669,1940,595,5586,5131,7464,2962,2735,3932
2018-11-18,13575,34031,8,6,ff9d66c921c679e9,427,1898,452,5105,2382,745,1920,646,6325,5392,8154,5173,3631,5356
2018-11-19,17239,34920,8,6,8a8657aec5affdf0,468,2299,582,6536,2772,1313,2276,993,6360,5705,7950,4978,4601,5326
2018-11-20,18354,35858,8,6,f1bb2c591e02f8c3,512,2247,577,5977,2777,1364,3304,1596,6289,5751,9232,4621,4394,5571
2018-11-21,17643,34270,8,6,d897024c87814e54,398,2043,579,5891,3263,1727,2646,1096,6360,5828,7445,4133,4431,6073
2018-11-22,14276,31316,8,6,5db5ea75662ec052,366,1751,541,5135,2388,1007,2302,786,6318,5921,7398,3477,3513,4689
2018-11-23,13844,28981,8,6,f454db850b1a9a33,444,1836,432,4744,2133,847,2622,786,6014,5815,7029,2746,3194,4183
2018-11-24,12393,27582,8,6,aa8a38faa846fc51,461,1690,391,4440,1935,814,2038,624,6065,5448,7039,2831,2470,3729
2018-11-25,15328,32291,8,6,ad5efa13b1ad830a,800,2094,499,5794,2274,899,2238,730,6497,6132,7844,3559,3697,4562
2018-11-26,19145,37310,8,6,fdc7430aa43a2b00,636,2657,630,7226,3030,1346,2647,973,7159,6873,8120,5164,4410,5584
2018-11-27,19872,38705,8,6,8fbd71b12e535391,652,2938,580,7062,3333,1489,2755,1063,7222,6978,8500,5503,4645,5857
2018-11-28,20745,39667,8,6,630ddca3a3eac570,652,4089,593,7149,3320,1318,2651,973,6981,6435,10082,5699,4589,5881
2018-11-29,19927,36781,8,6,31087daebe34421f,613,3835,608,6983,3211,1258,2503,916,6888,6219,8676,5367,4206,5425
2018-11-30,16606,33215,8,6,47a9ac22620408a5,497,2924,522,5977,2662,1004,2295,725,6901,5761,7696,4482,3622,4753
2018-12-01,12654,28350,8,6,58662ffd6076c702,410,2058,436,4352,2214,714,1923,547,5795,4847,8640,2654,2537,3877
2018-12-02,14470,42856,8,6,774be958d76d06de,580,2129,468,5158,2571,870,2084,610,6234,5052,7529,3768,3216,17057
2018-12-03,19746,37558,8,6,fde83ce60585b72a,632,3156,636,6983,3277,1326,2863,873,6897,6588,9384,5242,4099,5348
2018-12-04,22115,35923,8,6,5c2bfb9a573bff9e,655,3254,643,7113,3243,2316,3573,1318,6575,6202,8106,5159,4436,5445
2018-12-05,23007,35771,8,6,16121453e404faf7,667,3366,663,6878,3335,2285,4562,1251,7313,5700,7953,5280,4169,5356
2018-12-06,23041,35384,8,6,75efdd532d761b64,645,3233,589,6935,3376,2193,4615,1455,6743,5917,8711,4953,3690,5370
2018-12-07,20251,32817,8,6,ab2506108c4da60f,808,2887,504,6124,2738,2357,3628,1205,6361,6535,7860,4120,3061,4880
2018-12-08,14039,27249,8,6,2f1fb0904dcd7999,466,1880,426,4535,2158,1192,2551,831,5809,5678,6680,2631,2403,4048
2018-12-09,16681,32995,8,6,eccda85142cf3644,618,2225,521,6243,2697,1165,2440,772,6444,5353,9809,3476,3063,4850
2018-12-10,21921,36403,8,6,9e3f5cdc61528b76,739,3352,649,7246,3413,1830,3489,1203,6745,6245,9568,4652,3655,5538
2018-12-11,20827,36393,8,6,d1dcda412be6e992,841,3521,701,6936,3525,1550,2729,1024,6507,6951,8763,5225,3658,5289
2018-12-12,20271,34663,8,6,fbb2cb40f2ecb1c8,710,3602,630,6418,3324,1775,2921,891,6788,6516,7833,4868,3471,5187
2018-12-13,20462,33586,8,6,69688fd301432b9c,686,3592,581,6507,3756,1633,2831,876,6393,6501,7285,4758,3371,5278
2018-12-14,18214,30675,8,6,b2ed950199339272,593,2934,518,5637,3266,1406,2988,872,5802,6006,7119,4263,2944,4541
2018-12-15,13577,25460,8,6,0263a0327341c70e,891,1911,385,4150,2230,1195,2140,675,5287,5613,6396,2518,2041,3605
2018-12-16,14376,32219,8,6,c088cd832fd95ce1,690,2131,437,4724,2435,1340,1958,661,6791,5925,8458,3238,2664,5143
2018-12-17,20613,34436,8,6,6e66a72cc7b2a005,808,3375,496,6289,3516,2348,2553,1228,6061,6473,7939,4912,3445,5606
2018-12-18,21702,32509,8,6,3265ab68a683283a,747,4241,514,6820,3420,2092,2560,1308,5703,6378,7444,4527,3080,5377
2018-12-19,23825,30637,8,6,07915a06c95d4c6e,771,7708,478,5817,3469,1884,2559,1139,5353,6115,7614,4074,2728,4753
2018-12-20,23060,28653,8,6,a984af458435363f,742,7120,450,5489,3043,2127,2459,1630,5433,5960,6668,3640,2397,4555
2018-12-21,18900,25861,8,6,ab8d3e8ab5693076,686,3840,406,5641,2209,2002,2367,1749,5015,5963,6328,2737,2131,3687
2018-12-22,17690,24161,8,6,6508c536c33c3d78,813,5397,334,4748,1694,1324,1969,1411,4703,6015,6664,1863,1835,3081
2018-12-23,15947,27343,8,6,a01344e4af1e2e1d,1024,4976,331,4320,1586,1006,1753,951,4957,5903,6887,1855,4373,3368
2018-12-24,25085,33297,8,6,e6c0e52b32031733,2023,8447,389,5558,2125,1696,2572,2275,5118,11272,6738,2285,4438,3446
2018-12-25,26841,25666,8,6,b0e0c5f835c5c7b7,3966,8211,370,6460,1711,1723,2150,2250,4858,5246,6942,1683,3550,3387
2018-12-26,22367,27115,8,6,7435fb7d49fe657b,1419,6833,372,5302,2056,1677,3124,1584,5355,5149,7278,2131,3499,3703
2018-12-27,18521,28154,8,6,44874a97fd1d79c9,773,4232,409,4978,2002,1547,3298,1282,5528,5155,7720,2237,3683,3831
2018-12-28,15595,26383,8,6,259447b98735cf8d,593,3405,394,4689,1968,995,2739,812,5320,4980,7356,1975,3020,3732
2018-12-29,13260,25537,8,6,ec798df065c25f6d,576,2567,311,4140,1919,830,2092,825,5083,4878,7125,2147,2792,3512
2018-12-30,12340,27643,8,6,50f228066dad3fdd,496,2551,323,4152,1705,741,1760,612,5355,6322,7216,2149,2826,3775
2018-12-31,11975,25014,8,6,686a5af5929ad18e,431,2248,321,3779,1736,768,2042,650,6082,4686,6475,1954,2363,3454
2019-01-01,11806,29044,8,6,29c3f6ba9116ba2e,427,2009,327,4031,1782,769,1818,643,6923,5438,6917,2450,2854,4462
2019-01-02,15551,31119,8,6,d662864a0ca53ce7,574,2855,379,4744,2334,1164,2700,801,6005,6669,7690,2751,3308,4696
2019-01-03,17942,39999,8,6,5a539ab6da1abd73,546,2978,559,5246,2451,1707,3322,1133,5990,15365,7003,3172,3376,5093
2019-01-04,18609,35131,8,6,80224f7be88b9249,573,4158,396,5032,2788,1475,3172,1015,6046,11383,7052,3351,2945,4354
2019-01-05,14139,29554,8,6,fbcdb14e1baa0e61,431,2872,412,4350,2126,1018,2157,773,5550,8073,6862,2537,2684,3848
2019-01-06,14372,36134,8,6,5dee0f45929c640a,459,2304,388,5326,2134,1003,2092,666,5965,7909,10926,2825,4039,4470
2019-01-07,17300,35742,8,6,6d7e73bcaa6b0125,542,2647,430,6166,2907,1204,2546,858,6137,7910,8065,3737,4001,5892
2019-01-08,18716,35718,8,6,00c0274330cbce91,872,2742,388,6360,3107,1264,3038,945,6114,7788,7676,4222,4294,5624
2019-01-09,19124,37635,8,6,67ab41a51293b8f9,887,2753,450,6762,3249,1370,2719,934,6171,9346,7895,4301,4272,5650
2019-01-10,19630,36303,8,6,75ae1e5327f8ff39,1315,3089,451,6731,3315,1254,2562,913,6275,7297,8171,4313,4546,5701
2019-01-11,16493,38645,8,6,d1c7c86d54358253,929,2621,361,5918,2446,1000,2370,848,6037,8063,11921,3655,3804,5165
2019-01-12,12579,30557,8,6,2dfb51e519bbc0bf,770,1837,367,4433,2046,775,1761,590,5536,6747,8539,2964,2740,4031
2019-01-13,14036,31518,8,6,7df4c2d93577ba02,590,1993,334,5273,2310,848,2007,681,5464,6125,8176,3508,3557,4688
2019-01-14,17716,40460,8,6,54e6db98242a034b,608,2493,463,6790,2734,1291,2380,957,5594,6456,9211,4561,9184,5454
2019-01-15,17858,38234,8,6,b9d2a54315f52003,567,2587,547,6759,2875,1279,2347,897,5982,7319,8567,5039,5477,5850
2019-01-16,18501,38112,8,6,f498d95e2e502ef0,491,2565,595,6893,3177,1460,2427,893,6051,7097,8320,5109,4713,6822
2019-01-17,19526,37620,8,6,7d8db7d9894ca0b8,502,2583,473,7796,3089,1367,2828,888,6182,7550,8315,4730,4816,6027
2019-01-18,17985,32833,8,6,87f781abba997737,482,2927,415,7017,2413,1389,2413,929,5817,6646,7495,4000,3901,4974
2019-01-19,12444,28512,8,6,5d97a5a6dcd62970,389,1709,349,4602,1965,856,2001,573,5581,6366,7024,2899,2647,3995
2019-01-20,13421,35771,8,6,ea852d2079ea8fe4,479,1837,380,5023,2271,800,2015,616,6024,10477,7670,3421,3374,4805
2019-01-21,15175,47669,8,6,e97c240ece66c12d,437,1991,459,5395,2601,1168,2330,794,5799,18001,10940,3926,3679,5324
2019-01-22,17186,41170,8,6,6d971017a9052e64,473,2441,453,6261,2770,1394,2572,822,6244,9049,9946,4824,4274,6833
2019-01-23,19340,37949,8,6,cd2641981d845a09,436,2555,476,6515,3532,2096,2717,1013,6043,7876,9080,4359,4591,6000
2019-01-24,17518,37440,8,6,188eeeb982eb75b7,430,2435,497,6446,3125,1384,2445,756,6225,7529,8475,4743,4510,5958
2019-01-25,15281,30815,8,6,1dbb21a44c43b21e,386,2363,346,5464,2541,1155,2321,705,5761,6446,7369,3475,3095,4669
2019-01-26,11391,26397,8,6,9309f5ab868e5ac9,285,1779,338,4071,2013,763,1612,530,5322,5465,7020,2562,2314,3714
2019-01-27,14038,33058,8,6,5459df898ad7f88a,321,1901,663,5161,2432,1094,1840,626,5783,6157,10090,3069,3327,4632
2019-01-28,16958,35136,8,6,5323b0434095287e,424,2579,490,6101,3037,1277,2274,776,6414,6340,8445,4214,3991,5732
2019-01-29,17598,36335,8,6,84df3dd8fec7c253,393,2456,457,6782,3125,1166,2384,835,6321,6748,8733,4112,4527,5894
2019-01-30,17735,37624,8,6,3d15bd477f696b3f,442,3118,432,6397,3135,1082,2390,739,6235,7276,9529,4401,4315,5868
2019-01-31,19275,35926,8,6,f66126a6b3f0e38c,460,3498,501,6044,3025,2309,2657,781,6271,7183,8840,3877,3967,5788
2019-02-01,16196,31334,8,6,d7978c62383b4761,361,2567,361,5394,2821,1611,2393,688,5874,6547,7455,3288,3206,4964
2019-02-02,11964,27121,8,6,79085cc272aab9ed,295,1810,292,4008,2282,993,1834,450,5217,5695,7296,2642,2528,3743
2019-02-03,12883,30775,8,6,39fc9b440e83c60c,307,1805,373,4468,2635,890,1843,562,5553,6347,7985,3141,3342,4407
2019-02-04,15627,33869,8,6,98356d96ccbb7638,395,2093,390,5819,2811,1206,2196,717,5768,6693,7782,3933,3665,6028
2019-02-05,17336,35965,8,6,dc34e010430bee87,468,2470,413,6714,2954,1157,2444,716,6033,7329,8614,4011,4257,5721
2019-02-06,16782,36617,8,6,dbc9905ca62be2f9,432,2372,420,6274,2930,1154,2427,773,5651,8070,8824,4112,4232,5728
2019-02-07,17905,35659,8,6,9be68bd5efc0a16f,508,2532,452,6643,3092,1688,2302,688,6895,6801,8166,4176,4062,5559
2019-02-08,15400,31315,8,6,23b86de387763613,495,2244,384,5506,2909,1166,2024,672,5660,6385,7268,3773,3111,5118
2019-02-09,12140,26385,8,6,9a65f31db97f6139,372,1738,352,4316,2252,858,1724,528,5170,5571,7119,2623,2341,3561
2019-02-10,13156,33669,8,6,bbd3e9fd9a178bf2,336,1904,463,5013,2328,889,1658,565,5646,6566,7980,3057,3186,7234
2019-02-11,18022,36186,8,6,fb8636d462e9ee3b,466,2457,530,6555,3164,1567,2485,798,6978,6962,8389,4192,3894,5771
2019-02-12,17474,34995,8,6,0ce964892656b6bb,530,2537,435,6473,3185,1267,2324,723,5911,6941,8042,4631,4000,5470
2019-02-13,17806,35425,8,6,9120520d909ebc1a,420,2607,489,6505,3505,1205,2236,839,5842,7193,8399,4632,3884,5475
2019-02-14,16550,33599,8,6,a694ea5fee43080d,383,2517,429,6055,2777,1574,2050,765,5612,7026,7976,4258,3889,4838
2019-02-15,14335,36431,8,6,325164a11502e62f,412,2104,396,5268,2696,1081,1774,604,6467,6323,13301,3312,2984,4044
2019-02-16,11258,29771,8,6,bb74bd36b04c2ae6,294,1609,307,4111,2003,778,1655,501,5471,5726,10464,2505,2344,3261
2019-02-17,12742,32074,8,6,481b459e3b7fb4ef,302,1866,395,4801,2372,780,1715,511,5469,6979,9673,2922,2919,4112
2019-02-18,15291,34703,8,6,af96680c749ab684,365,2192,607,5536,3012,921,2051,607,5657,7670,9652,3623,3213,4888
2019-02-19,16461,39990,8,6,e045dccb5d3a5feb,431,2375,524,6200,2927,1158,2137,709,6137,10212,9472,4367,3989,5813
2019-02-20,16718,41831,8,6,7835e5c878bf326e,388,2722,491,5993,2966,1235,2216,707,9150,10804,8346,4400,3861,5270
2019-02-21,17947,35239,8,6,b1d5a454caaf11af,425,2598,483,6260,2858,1172,3447,704,5984,7498,8447,4473,3597,5240
2019-02-22,15003,32445,8,6,8b9ddba45bc87573,393,2224,433,5482,2543,1029,2271,628,5746,6897,7451,3817,3297,5237
2019-02-23,11813,26541,8,6,b8c13520cfdf2d42,251,1612,318,4550,2111,690,1726,555,5179,5768,7072,2787,2291,3444
2019-02-24,14241,30554,8,6,e5a4f177a1905d6e,366,1861,418,4896,2451,1246,2180,823,5788,6126,8157,3336,2940,4207
2019-02-25,18276,35640,8,6,d6589fcdb8c028e6,429,2854,522,6836,3138,1465,2253,779,5930,6684,8386,5259,3993,5388
2019-02-26,20318,37376,8,6,1a0fa851aff25ab4,429,3656,520,6995,3529,1640,2822,727,5899,7061,8606,5175,4465,6170
2019-02-27,19856,37043,8,6,e84c84b9198753fe,490,2853,491,7814,3505,1377,2599,727,5824,6802,8739,5352,4927,5399
2019-02-28,17606,36359,8,6,a01dea167bf2b86a,475,2717,450,6660,3063,1346,2188,707,6659,6698,8846,4751,4192,5213
2019-03-01,15134,32094,8,6,a00694331b4cf2d5,425,2320,380,5719,2566,1121,1989,614,5489,6490,9004,3677,3038,4396
2019-03-02,11169,28348,8,6,6ea7103fe556c01f,283,1738,355,4011,2023,695,1615,449,5057,5592,9406,2714,2152,3427
2019-03-03,12957,30135,8,6,5ad6d2e1a1bee666,307,1983,352,4921,2388,865,1657,484,5441,6121,8469,3740,2647,3717
2019-03-04,18574,35539,8,6,b91a9911384e02e9,407,2801,517,7238,3066,1618,2179,748,5873,6538,9438,4797,3978,4915
2019-03-05,18301,37425,8,6,536df6a69ddb507e,435,2704,477,6894,3452,1266,2276,797,8143,6541,8709,5180,3725,5127
2019-03-06,19181,35449,8,6,1cb058a3d9c206ed,464,2800,534,7044,3614,1698,2322,705,5994,6677,8636,5289,3543,5310
2019-03-07,18491,40781,8,6,62aea2c54f1d4591,388,2865,470,6969,3334,1593,2188,684,6182,6066,14918,5181,3335,5099
2019-03-08,15693,29678,8,6,b57afe48aee58e76,392,2550,401,5856,2713,1121,2001,659,5652,5656,7572,4041,2643,4114
2019-03-09,12214,27450,8,6,9e815414850683d8,303,1644,352,4665,2187,833,1758,472,4926,5128,8932,2928,2302,3234
2019-03-10,13976,31584,8,6,89b272aebff52349,349,2298,414,5143,2670,899,1637,566,5499,5934,9812,3549,3049,3741
2019-03-11,19955,35038,8,6,c40ae38b68f8313a,467,3664,484,6769,3582,1892,2385,712,5773,6672,9114,4867,3722,4890
2019-03-12,17852,33975,8,6,e66ee83e9df79579,448,2478,579,6518,3501,1283,2348,697,5704,6427,8409,4820,3547,5068
2019-03-13,17519,36999,8,6,124bd2f298627c24,413,2571,522,6479,3373,1067,2391,703,5853,8132,9030,4866,3544,5574
2019-03-14,17429,33154,8,6,2bf442b9c9f2a5d2,409,2621,437,6031,3147,1531,2349,904,5733,6313,8126,4885,3327,4770
2019-03-15,14250,29131,8,6,a11903e7cb056f37,333,2335,411,5175,2491,924,2020,561,5568,5332,8072,3723,2462,3974
2019-03-16,11161,27530,8,6,9f7a2f8468f59252,256,1643,403,3958,2033,764,1667,437,5358,5125,9024,2721,2033,3269
2019-03-17,12659,30717,8,6,781291089b1516e6,276,1604,413,4866,2321,881,1852,446,5523,5726,9317,3640,2694,3817
2019-03-18,17151,35260,8,6,bc245efcbbcadc94,394,2456,512,6730,2959,1209,2232,659,6571,6701,9083,4658,3449,4798
2019-03-19,17368,34674,8,6,b780765f5a92c6fb,445,2529,517,6394,3067,1272,2262,882,5712,6903,8684,4951,3447,4977
2019-03-20,17502,33848,8,6,3e748815896be344,445,3283,492,6263,3017,1307,2020,675,5901,7794,7613,4719,3068,4753
2019-03-21,17408,39553,8,6,63bf2a0553ba0b78,477,3292,463,6220,3095,1292,1940,629,5828,8019,12991,4307,3218,5190
2019-03-22,17549,37421,8,6,58a9bef63c99c55b,411,3261,453,5905,2845,2045,1969,660,5791,6379,12787,3796,2600,6068
2019-03-23,13140,30316,8,6,19cfdaa24908aa70,275,2005,369,3976,2205,1906,1868,536,5421,5285,11366,2702,2194,3348
2019-03-24,13479,31049,8,6,0c5d0c78489eed78,319,1854,380,4650,2734,1339,1674,529,5578,5821,10484,2982,2389,3795
2019-03-25,20565,33385,8,6,bbc392b3a0258553,524,3003,614,6580,4300,2543,2229,772,5878,5792,9306,4575,3121,4713
2019-03-26,19837,32730,8,6,ec2b99c00f878e29,469,3044,533,6632,4263,1926,2290,680,5706,6240,8366,4878,2902,4638
2019-03-27,20243,32267,8,6,7e9fd0782bed7173,514,3161,518,6760,4300,1887,2368,735,5750,6410,7937,4718,3026,4426
2019-03-28,19646,31710,8,6,d9f180cbce4726b9,432,3180,461,6726,4186,1638,2320,703,5946,5754,7819,4481,3038,4672
2019-03-29,18537,28096,8,6,2aad68f2ec8d545a,417,2692,432,6985,3718,1383,2301,609,5617,5273,7024,3578,2627,3977
2019-03-30,16722,23944,8,6,2281eda025bc38e1,294,1936,429,8011,2844,934,1768,506,5140,4631,6520,2417,1967,3269
2019-03-31,18438,28027,8,6,7e38843073bd8e93,324,2078,461,8932,3010,1120,1886,627,5499,6451,7451,3030,2071,3525
2019-04-01,21906,33265,8,6,63a13dcc40598e06,534,3267,522,8844,3811,1553,2553,822,6077,6147,8333,4681,2907,5120
2019-04-02,20302,33564,8,6,562dc9c1eca17e79,458,3189,466,8168,3477,1404,2394,746,6074,5697,8096,5193,3025,5479
2019-04-03,19930,32392,8,6,73326e3d7c83fdeb,437,3238,544,7730,3617,1321,2282,761,5708,5510,7851,5251,2705,5367
2019-04-04,21314,32068,8,6,8578b3d31fbefb19,504,4432,478,7590,3692,1363,2473,782,6221,5712,7733,4938,2807,4657
2019-04-05,19977,29292,8,6,e24e028e722785c5,498,4671,467,6834,3442,1210,2169,686,5996,5204,7061,4131,2221,4679
2019-04-06,14386,23981,8,6,25132ec4c1a711da,339,2703,407,5488,2435,796,1687,531,5233,4581,6545,2724,1747,3151
2019-04-07,15762,27145,8,6,343e108cd4296cc3,377,2704,491,6567,2600,957,1486,580,5750,5016,6874,3819,2194,3492
2019-04-08,21306,69406,8,6,5d9930b18761d9ec,557,4807,523,7654,3488,1395,2145,737,5935,5988,43873,5119,2896,5595
2019-04-09,20482,114519,8,6,e4359653a674f6da,459,4400,562,7254,3382,1480,2209,736,5941,6305,88480,5246,3021,5526
2019-04-10,20067,35159,8,6,ae962406f7211177,502,4332,458,7013,3369,1355,2219,819,7593,6113,8565,5218,2746,4924
2019-04-11,20427,35047,8,6,f5e43188f23ce653,501,4304,477,7298,3544,1449,2100,754,8613,6939,7509,4843,2718,4425
2019-04-12,17884,32064,8,6,1ed9f84a8886622f,394,4004,355,6402,2971,1132,2017,609,6999,6953,7048,4045,2387,4632
2019-04-13,12607,24787,8,6,c63843c7ca511c1f,292,2110,341,4823,2216,781,1545,499,5841,5477,6204,2567,1795,2903
2019-04-14,14599,28185,8,6,0744e8ee20f8dfb3,367,2783,386,5420,2651,870,1577,545,6418,5529,7473,3243,2011,3511
2019-04-15,19833,32207,8,6,97c553cb394fc40c,533,4468,424,6558,3426,1402,2358,664,6297,5810,7238,4495,2639,5728
2019-04-16,18637,30124,8,6,59aa9cf9fcf5634f,516,3793,512,6421,3251,1182,2219,743,5930,6368,6430,4231,2414,4751
2019-04-17,17606,33444,8,6,f7796f3db40177e7,457,3559,418,5940,3135,1214,2163,720,5736,9870,6404,4148,3021,4265
2019-04-18,16715,39145,8,6,e8d94b92d309a130,414,3628,406,5796,2824,1097,1918,632,5896,16545,7234,3522,2192,3756
2019-04-19,13134,43536,8,6,ab156971af07a66d,353,2461,344,4606,2203,864,1798,505,6566,21692,7492,2838,1818,3130
2019-04-20,11576,39599,8,6,7e053516a85bbe2a,291,1969,452,4358,1994,688,1375,449,5358,19945,7331,2424,1647,2894
2019-04-21,14588,41288,8,6,9c7935dea38251fd,378,2173,343,6183,2443,1167,1424,477,5673,20581,7224,2738,1842,3230
2019-04-22,18778,58168,8,6,261aaad969382473,481,4373,479,6483,3114,1111,2063,674,5957,23107,8122,3872,2638,14472
2019-04-23,19101,53351,8,6,23da93cc0c4c3d1d,512,4378,456,6762,3086,1223,2010,674,6086,23439,7752,4742,2810,8522
2019-04-24,19686,48013,8,6,b9daefdfb360f521,473,4203,455,6755,3241,1220,2573,766,5804,22071,7789,4707,2984,4658
2019-04-25,19408,46283,8,6,c1dd867704ddd05a,486,4029,440,6557,3363,1158,2405,970,6040,21261,6791,4779,3024,4388
2019-04-26,16683,42711,8,6,317c5f2768f64677,484,3316,482,5784,2854,1107,2042,614,5616,19765,6953,3969,2472,3936
2019-04-27,11832,40031,8,6,3e08db2647012c49,270,2017,354,4312,2163,737,1537,442,5060,20197,7074,2722,1948,3030
2019-04-28,14698,42253,8,6,800452f41d638923,333,2515,604,5530,2631,872,1519,694,5517,20423,6921,3195,2228,3969
2019-04-29,20017,48558,8,6,5035cffeaa5c840a,546,4073,653,6860,3618,1349,2148,770,5495,23362,7053,4869,3333,4446
2019-04-30,19532,47953,8,6,b4a7cf7e338e33c5,603,3942,446,6952,3316,1333,2261,679,6129,23505,7087,4500,2730,4002
2019-05-01,19144,49377,8,6,7eef8672e9f7a18b,432,3959,401,6681,3491,1289,2009,882,6209,24151,6924,4769,3139,4185
2019-05-02,20109,53187,8,6,eb12d89b4b32f691,434,4573,523,6711,3613,1279,2299,677,6539,24632,9807,4545,3010,4654
2019-05-03,17818,55790,8,6,8ba80d08d1a40436,360,3666,410,6234,3147,1194,2221,586,7002,26030,11469,4208,2662,4419
2019-05-04,12158,43033,8,6,db71578e80152be1,239,2015,350,4362,2409,677,1649,457,5051,23303,7040,2689,1930,3020
2019-05-05,13972,44655,8,6,82176332f30ac4b3,359,2192,441,5068,3020,765,1589,538,5464,22162,7608,3086,2254,4081
2019-05-06,19359,48396,8,6,af3a58757fe3068c,486,3483,555,6616,3873,1232,2364,750,6012,23372,7229,4678,2842,4263
2019-05-07,20192,50731,8,6,b81c7faffba6cbd0,487,3407,586,7190,3741,1289,2656,836,5952,24126,8121,4786,3083,4663
2019-05-08,18552,50599,8,6,595fd1cae881e6b1,463,3105,556,6367,3648,1144,2435,834,6280,23718,6981,4991,3130,5499
2019-05-09,18176,51228,8,6,316273e6927fa484,469,3078,482,6335,3623,1181,2263,745,8282,23939,6512,5123,2874,4498
2019-05-10,15840,51377,8,6,a2da07c9f298dbc9,479,2688,536,5500,2821,1073,2134,609,8307,25513,6444,4078,2681,4354
2019-05-11,12138,47674,8,6,3db82e12f35b0a4d,333,1608,464,4226,2329,751,1700,727,9358,23717,5956,3044,1920,3679
2019-05-12,12096,42012,8,6,1402afa4476087da,338,1760,456,4677,2230,628,1535,472,6402,20601,6144,3244,2151,3470
2019-05-13,20606,54358,8,6,d2352bd1bec553d3,493,3422,780,6942,3487,1226,3103,1153,6555,25716,9209,4950,3181,4747
2019-05-14,20289,55700,8,6,aad16fe1ee9ca929,624,3048,569,6258,3513,1755,3141,1381,6639,28235,7194,5314,3175,5143
2019-05-15,17965,55820,8,6,8555abdddccd7fa8,389,2846,535,6228,3441,1208,2635,683,6934,27202,8340,5227,3195,4922
2019-05-16,17519,57737,8,6,4d309a5f77e6fbba,370,2729,467,6288,3209,1133,2677,646,7089,27062,11221,4616,3161,4588
2019-05-17,14938,52214,8,6,870e7175e86ea4f8,318,2217,368,5405,2612,986,2432,600,6434,25885,8773,3931,2781,4410
2019-05-18,11477,49782,8,6,9bda959dd930561b,258,1439,342,3824,2485,676,2010,443,5594,27405,8316,2742,2420,3305
2019-05-19,12276,52585,8,6,752ab062376bdbd5,302,1618,378,4677,2337,767,1730,467,5495,29536,8256,3287,2509,3502
2019-05-20,17354,56688,8,6,aa1a28f071fff055,376,2281,467,5920,3229,1621,2821,639,5904,30199,7763,4740,3320,4762
2019-05-21,16935,53774,8,6,86d1f6f1fc0a6878,433,2296,470,6368,3041,1100,2621,606,6067,25425,9446,4716,3481,4639
2019-05-22,15805,46227,8,6,0ee8e961dd7a2871,380,2325,432,5755,2905,1036,2432,540,6176,17519,9683,4909,3217,4723
2019-05-23,16382,47396,8,6,8270fc9c51a26157,372,2290,503,5662,2620,1063,3239,633,6163,15881,13759,4153,2957,4483
2019-05-24,12893,66620,8,6,00b1baa32c32ca10,370,1824,360,4432,2437,826,2207,437,5544,15116,35973,3452,2755,3780
2019-05-25,10168,75040,8,6,a645a3c91cfca877,310,1372,322,3581,1936,525,1749,373,5159,15372,45936,2861,2334,3378
2019-05-26,10784,61185,8,6,7071c6b06f379df4,220,1368,368,4189,1901,608,1731,399,5047,13704,33120,3085,2426,3803
2019-05-27,12573,72139,8,6,de6da24a26e66222,305,1470,419,4709,2328,758,2189,395,5425,13182,42680,3514,2911,4427
2019-05-28,14801,106000,8,6,92d4808f9b7714c0,357,2060,448,5267,2585,887,2668,529,5934,13653,74071,4210,3267,4865
2019-05-29,14871,87468,8,6,28cb810981b890a1,337,1832,446,5232,2702,1326,2404,592,5940,11810,57990,4181,3025,4522
2019-05-30,14198,63550,8,6,84feda9b4605de34,339,1915,427,4999,2442,1102,2436,538,8141,11975,30833,3770,3028,5803
2019-05-31,12911,46822,8,6,e4cec6b6cef40afa,296,1774,360,4581,2028,904,2458,510,5459,12269,19110,3260,2667,4057
2019-06-01,10029,41766,8,6,c8cb0244e17b3213,176,1244,300,3691,1775,585,1858,400,5199,10029,18209,2692,2431,3206
2019-06-02,11665,48013,8,6,162e9747ab44a03d,307,1737,352,4383,1964,667,1828,427,5388,11844,21691,2976,2588,3526
2019-06-03,14992,47742,8,6,9ebe047e512b9aa8,318,1910,408,5581,2357,1351,2451,616,5409,11573,18332,3799,4071,4558
2019-06-04,14506,43102,8,6,dbea85fcf7f434ae,339,2223,380,4943,2422,1137,2493,569,5457,12709,13197,3526,3162,5051
2019-06-05,14681,41933,8,6,b0f8f0c69e8ff608,330,2401,400,4881,2536,1235,2320,578,6752,9245,13675,3912,3825,4524
2019-06-06,14261,41231,8,6,9b500b1b9632d92f,326,2043,404,4952,2439,1234,2303,560,5653,8942,13751,4791,3722,4372
2019-06-07,12810,37938,8,6,aa0d2d81e2d553a5,288,1941,319,4230,2100,912,2533,487,5501,10483,11960,3281,2915,3798
2019-06-08,10576,35467,8,6,28d2b942442f1096,245,1380,261,3674,1838,684,2081,413,5252,10875,10432,2833,2858,3217
2019-06-09,10846,37078,8,6,fd29119ed95b372a,244,1423,270,4152,1942,745,1671,399,5398,9431,11753,3330,3151,4015
2019-06-10,14504,39214,8,6,5409b8c602ddab81,360,2128,377,4982,2557,1215,2352,533,5630,10196,10299,4529,3883,4677
2019-06-11,15431,37106,8,6,be5b065866ccde91,355,2178,396,5760,2645,1067,2475,555,5362,9645,8934,4154,3563,5448
2019-06-12,14664,38951,8,6,526bb29676e8a02d,361,2140,451,4719,2824,1125,2506,538,5814,10533,10521,4057,3479,4547
2019-06-13,13748,37413,8,6,5de355cca109e15c,389,1930,360,4591,2632,1103,2186,557,5453,8413,9072,4198,5889,4388
2019-06-14,11714,29640,8,6,d0678edac653835b,267,1673,342,3781,2201,878,2095,477,4895,7603,6907,3238,3047,3950
2019-06-15,10006,28913,8,6,dd93a0b3afeaa3aa,226,1465,275,3424,1805,756,1664,391,4911,8070,7136,2981,2471,3344
2019-06-16,11430,31671,8,6,d2514e1865d4d81f,285,1484,334,3977,2433,773,1710,434,5066,8672,8040,3488,2731,3674
2019-06-17,14254,34192,8,6,b99fe0f20046fb08,543,2130,403,4627,2689,1108,2231,523,5138,9075,8221,4101,3181,4476
2019-06-18,14534,33755,8,6,94031f132008b603,314,2740,384,4637,2611,1011,2315,522,5117,8328,8172,4173,3465,4500
2019-06-19,15508,33931,8,6,b2e37822239d4ac2,340,3790,334,4353,2608,1081,2480,522,4927,7166,8983,4051,3229,5575
2019-06-20,14291,30494,8,6,5cf03f5fd8b8523b,308,3103,364,4188,2399,970,2420,539,5094,6645,7457,3725,3092,4481
2019-06-21,12083,26759,8,6,56ef9ecdcb9927a6,304,2310,371,3692,1837,807,2266,496,4538,6408,6553,3095,2672,3493
2019-06-22,10156,26119,8,6,29f9746054622fb3,270,1582,297,3582,1543,594,1905,383,4173,5797,6593,2644,2522,4390
2019-06-23,11654,29008,8,6,e90863244f6c51ef,261,1699,324,4019,1674,677,2601,399,5572,5938,7488,3226,3000,3784
2019-06-24,13277,39408,8,6,9734074a3c983d5a,326,2421,425,4332,2085,989,2234,465,5409,7068,15265,3699,3344,4623
2019-06-25,13537,37603,8,6,0c94a9b95c06ed14,342,2655,420,4291,2082,929,2313,505,7820,6783,11390,3668,3527,4415
2019-06-26,13388,33164,8,6,595394cfdc596358,391,2633,406,4068,2107,971,2330,482,5178,6316,9739,3488,3436,5007
2019-06-27,11821,29441,8,6,936c1217a2aa0f54,298,2003,333,3875,1893,1016,1997,406,4909,6031,7582,3309,3338,4272
2019-06-28,11119,28077,8,6,d7524e87c56c8fd4,288,2134,319,3577,1667,785,1970,379,4603,6028,6435,2867,2928,5216
2019-06-29,9919,25733,8,6,99c7d7d7eac068e3,242,1649,316,3316,1544,620,1860,372,4612,5604,6629,2611,2720,3557
2019-06-30,9817,29644,8,6,2a58a3d86b4759d2,266,1507,291,3606,1629,603,1538,377,5061,5826,7735,3138,3599,4285
2019-07-01,12068,29239,8,6,a5e094710288f9f3,362,1832,380,3924,1909,1085,2129,447,4851,6314,7369,3299,3433,3973
2019-07-02,12271,31345,8,6,a445a52c4fc6a5ec,342,1934,366,4029,1983,1144,2033,440,4861,8119,7398,3312,3367,4288
2019-07-03,12477,31638,8,6,660d32a0f90a765e,321,2296,429,3632,2004,1043,2304,448,5234,6078,8617,3282,4198,4229
2019-07-04,11497,29635,8,6,6f2407dc0370f084,390,1743,318,3619,1790,964,2226,447,4963,5928,6817,3211,4344,4372
2019-07-05,10891,26312,8,6,8e1a231e39901810,295,1930,271,3236,1731,811,2239,378,4584,6292,6112,2729,3062,3533
2019-07-06,10559,25254,8,6,bad12e87fd8347a7,250,2162,279,3226,1587,640,2027,388,4461,5993,6311,2435,2912,3142
2019-07-07,10933,31579,8,6,995a624c78e49639,285,1773,314,3676,1529,787,2157,412,4966,6867,8582,2919,4303,3942
2019-07-08,12554,29272,8,6,d18ee26edbdecc49,332,2106,441,4033,1929,878,2311,524,5027,6641,6861,2974,3788,3981
2019-07-09,12509,30197,8,6,8898ad4ec17a56a6,386,2127,358,4003,1995,958,2236,446,4975,7006,7778,2913,3534,3991
2019-07-10,13403,32190,8,6,ab54c3971f58d1ff,393,3247,377,3787,1978,1050,2101,470,5822,7580,7730,3214,3851,3993
2019-07-11,13396,30677,8,6,7e5b2eed466ab548,406,3024,356,3894,2153,902,2180,481,6140,7555,6793,2881,3399,3909
2019-07-12,12279,28808,8,6,f9ca10d57f3c1dc5,345,2164,342,3690,2034,990,2253,461,4923,7402,7331,2332,2898,3922
2019-07-13,10560,31022,8,6,e7db069d870a265b,274,1835,286,3827,1500,759,1655,424,5142,8307,8900,2159,3256,3258
2019-07-14,11004,32660,8,6,14532277ff2f40a3,291,1828,370,3915,1719,764,1675,442,5306,10043,6348,2498,4394,4071
2019-07-15,12912,33864,8,6,0b75317fcdfa52d7,496,2253,344,4266,2026,921,2152,454,6349,10190,6343,2795,3707,4480
2019-07-16,12876,40734,8,6,a370260024d2548c,367,2321,419,4071,2063,877,2247,511,5826,16170,7045,3002,4204,4487
2019-07-17,12702,36524,8,6,20604bdd66965e1b,398,2243,403,3999,1917,949,2299,494,5051,13015,6886,2679,3783,5110
2019-07-18,13451,42324,8,6,d9fc72a7a62f3632,316,2161,381,4354,2004,1210,2504,521,4917,19772,6736,2667,3786,4446
2019-07-19,12598,43272,8,6,b92373f13630c361,267,2311,353,3805,1792,914,2672,484,4667,13756,15339,2297,3101,4112
2019-07-20,10440,74848,8,6,f313c1aca98465e2,279,1751,362,3671,1524,691,1683,479,6165,17318,42893,2157,2882,3433
2019-07-21,11734,40663,8,6,0abaf0d489f777c8,305,1779,385,4074,2283,659,1793,456,4970,17491,6789,2445,4403,4565
2019-07-22,13555,39528,8,6,b57f813a89dc5ffd,365,2335,471,4167,2317,1001,2402,497,5104,17155,6596,2556,3760,4357
2019-07-23,15137,47686,8,6,1412f2e9a85eec5e,430,3108,1397,4112,2276,1030,2291,493,5490,12643,18809,2980,3531,4233
2019-07-24,12677,40535,8,6,32e66f39c52644be,364,1934,431,3876,2092,959,2544,477,5287,10407,14121,2804,3476,4440
2019-07-25,13314,31334,8,6,fba7c291f5954eb3,592,2024,468,4215,2133,985,2371,526,5338,8695,6981,2716,3190,4414
2019-07-26,12354,28510,8,6,091a98433c4b215d,408,1992,422,4078,1818,976,2120,540,4671,8578,6067,2245,3020,3929
2019-07-27,11529,27291,8,6,98e81d187c87121c,322,1724,338,4065,1638,721,2193,528,4456,8355,6258,2209,2694,3319
2019-07-28,11782,29395,8,6,5d2119c8945bc37f,287,1787,367,4439,1709,829,1894,470,4665,8252,6757,2553,3420,3748
2019-07-29,13807,31389,8,6,ef30f78e7efb6f65,333,2600,429,4624,1993,1150,2130,548,4839,8255,6776,3316,3690,4513
2019-07-30,15011,30663,8,6,9e627b408a3dbf79,377,2769,474,5051,2146,1136,2424,634,5478,7612,6673,3622,3209,4069
2019-07-31,17956,28998,8,6,b264fe262cf9add5,428,5818,432,4683,2247,1118,2580,650,4909,7637,6394,3053,3074,3931
2019-08-01,16000,27968,8,6,97ed4df4720b5906,405,4651,459,4202,2115,1379,2185,604,4632,7500,5808,2785,3020,4223
2019-08-02,13283,24384,8,6,7e61a2c1d36ad671,359,3003,325,3932,1783,1108,2166,607,4303,6010,5485,2282,2604,3700
2019-08-03,10923,23308,8,6,ed78f9adcdec6c9d,309,2040,291,3673,1461,936,1777,436,4251,6142,5647,2067,2108,3093
2019-08-04,10795,25892,8,6,7fa8d330caa78cd3,226,1741,334,4005,1538,782,1680,489,4388,6637,6038,2391,2869,3569
2019-08-05,15560,27012,8,6,6ccb192dc637c79c,340,2589,506,4454,1919,1634,2439,1679,4528,6715,6316,2691,2817,3945
2019-08-06,16517,27423,8,6,d1aea9a07eb87c92,349,3010,535,4809,2167,1691,2731,1225,4617,6628,6523,2665,2816,4174
2019-08-07,15075,28330,8,6,e67cff002d58e5bb,353,2754,413,4300,2129,1821,2553,752,4525,6964,7459,2746,2647,3989
2019-08-08,13878,27102,8,6,dfd3c47e96f3cc77,345,2582,452,4142,1903,1555,2277,622,4508,6380,6692,2511,2535,4476
2019-08-09,14163,24774,8,6,c16f2923e21c883c,389,2203,401,4025,1647,2922,2037,539,4355,6688,5929,2165,2052,3585
2019-08-10,11524,24132,8,6,3134415b414343b8,1305,1600,354,3655,1270,1248,1618,474,4172,7104,5698,2010,2036,3112
2019-08-11,12140,25574,8,6,4890213566336f6a,1120,1498,337,4544,1428,1189,1544,480,4684,7360,5983,2103,2224,3220
2019-08-12,14384,29427,8,6,698bd53509d73bc2,877,1925,489,4437,1735,1987,2273,661,4933,7932,6646,2832,3066,4018
2019-08-13,14679,27837,8,6,75d823e9b1d07573,840,1886,448,4335,1802,2574,2120,674,4616,7843,5992,2935,2666,3785
2019-08-14,35225,27536,8,6,76d4dd561a6d3967,731,2993,668,5646,1999,18887,2198,2103,4722,7906,6345,2644,2266,3653
2019-08-15,36257,28574,8,6,d5a745b3b951f006,1013,3019,781,6124,1812,19599,2275,1634,4758,8483,6667,2600,2338,3728
2019-08-16,21238,27731,8,6,bd137d717ad2c129,1339,2253,494,4824,1608,7568,2220,932,5036,7674,6317,2639,2306,3759
2019-08-17,15860,25832,8,6,b7ed44a89972609b,591,1585,398,4145,1390,5424,1671,656,5008,7332,5879,2239,2060,3314
2019-08-18,16200,29095,8,6,f89344d7da4396b5,429,1782,435,4370,1638,4941,1956,649,4940,7922,6811,2539,2966,3917
2019-08-19,21683,30656,8,6,cbaef6c7e1be970e,522,2376,644,4946,1860,8339,2274,722,5151,8359,6502,3237,3024,4383
2019-08-20,21123,33373,8,6,cdad44843cacc55d,480,2499,519,5410,1911,7332,2322,650,5009,9977,7571,3145,2998,4673
2019-08-21,20855,33849,8,6,71c28695ad4d097d,441,3791,569,5208,1978,5909,2284,675,4885,10448,7120,3511,3101,4784
2019-08-22,19223,31143,8,6,d0bcf75abb9a8e42,346,3321,453,4828,1867,5168,2557,683,4617,9625,6482,3495,2692,4232
2019-08-23,21280,29059,8,6,2e95c8ae1b5ca4ec,362,5810,507,4609,1730,4806,2601,855,4447,8736,5934,2972,2234,4736
2019-08-24,17040,28159,8,6,ad07ac8696fb01f3,424,3716,441,4606,1542,3813,1864,634,4128,10194,5424,2630,2164,3619
2019-08-25,17011,31712,8,6,90e479f7ea6561c9,310,2368,460,5911,1579,3558,1907,918,5080,10676,6179,2937,2709,4131
2019-08-26,19514,33291,8,6,522b92d941755bdf,378,2575,566,6801,1819,3778,2400,1197,4832,9964,6620,4261,2938,4676
2019-08-27,19017,31176,8,6,750ef44ab037f661,394,2955,547,5908,1838,3905,2560,910,4969,7751,6590,3834,3084,4948
2019-08-28,18683,32561,8,6,d7dc463f39a256b3,408,2746,569,5926,2039,3940,2267,788,5240,7636,7915,3853,2890,5027
2019-08-29,16922,31674,8,6,50af87e7eddb6ed2,392,2280,522,5367,1890,3456,2301,714,5417,7515,6944,3695,3189,4914
2019-08-30,15368,29586,8,6,531ef390f13bbc9d,386,2097,453,4650,1757,3075,2295,655,4560,8065,7032,3112,2718,4099
2019-08-31,13054,25043,8,6,07e11dc4e5869ade,332,1680,437,4401,1550,2368,1767,519,4347,6910,5832,2510,1994,3450
2019-09-01,13620,26081,8,6,f5f6b12def5614e8,305,1721,476,4645,1700,2345,1852,576,4482,7208,5878,2676,2381,3456
2019-09-02,15103,29435,8,6,91258f769e016b08,368,1862,538,5325,1970,2579,1869,592,4938,8454,5991,3272,2596,4184
2019-09-03,17286,31303,8,6,727ba93c4e964353,345,2056,525,5577,2138,3557,2417,671,5617,7647,6350,3837,2833,5019
2019-09-04,17715,30212,8,6,96c9e3f97714b2a0,331,2155,551,5539,1956,4145,2365,673,5182,7404,6200,3774,2776,4876
2019-09-05,16780,30377,8,6,6082a0177f1afd09,368,2033,555,5631,2111,3086,2417,579,4816,7720,6285,3829,2890,4837
2019-09-06,16178,34249,8,6,e6bfd471e8f00613,343,2242,482,5227,2672,2542,2152,518,4417,14281,5777,3224,2441,4109
2019-09-07,12494,41567,8,6,7ccde100cd1def92,267,1864,365,4431,1475,1956,1671,465,3977,22487,6940,2427,2257,3479
2019-09-08,14121,40848,8,6,d682c52466512afc,317,1579,429,5455,1664,1833,2290,554,4462,19109,6827,3175,3049,4226
2019-09-09,16990,39713,8,6,1607b52378cbb7d6,368,1974,481,6358,1907,2890,2428,584,5128,15640,6714,4111,3140,4980
2019-09-10,17606,39254,8,6,036948afe0edb14d,323,1919,545,6493,2082,3175,2450,619,5166,13564,6688,4696,3635,5505
2019-09-11,18300,35419,8,6,64b6d804908850a0,491,2891,537,6387,2026,2755,2493,720,4910,10970,6522,4548,3152,5317
2019-09-12,17778,34372,8,6,ff787c4c902b3fb2,339,2804,585,6201,2142,2674,2399,634,4893,9571,6769,4497,3234,5408
2019-09-13,15787,32937,8,6,ffde274283b12e1b,353,1999,533,5368,2344,2193,2345,652,4494,10882,6178,3658,3207,4518
2019-09-14,12737,30203,8,6,d13bb70c04a637b9,519,1700,435,4364,1826,1626,1752,515,3931,10921,6402,2748,2367,3834
2019-09-15,14661,32905,8,6,a649adc273ac5525,418,1763,518,5685,1953,1828,1883,613,4426,9908,6654,4118,3256,4543
2019-09-16,17827,34313,8,6,045309c8e217e97f,431,2278,656,6647,2231,2256,2571,757,4562,9137,7164,4801,3303,5346
2019-09-17,17746,35350,8,6,daa1a8f91fb951ef,364,2606,612,6608,2062,2213,2563,718,5035,8944,7487,4763,3536,5585
2019-09-18,21393,34640,8,6,3529df74ccb45285,419,5785,605,6321,2416,2537,2587,723,4768,8970,7246,4829,3391,5436
2019-09-19,19306,34349,8,6,e4148a1b06f9a2cf,353,4517,526,6108,2329,2274,2504,695,5237,8440,7102,4513,3702,5355
2019-09-20,16053,31516,8,6,1ca5a31ecf18a161,377,2848,522,5174,1866,2045,2625,596,5182,8372,6638,3625,3029,4670
2019-09-21,12641,27966,8,6,0a58aee0e20f7598,307,1935,443,4381,1543,1450,2094,488,4521,7662,7258,2771,2279,3475
2019-09-22,15131,52120,8,6,d570f9ed46786bb4,347,1966,523,5914,1840,1616,2260,665,4943,10515,25007,3793,3606,4256
2019-09-23,17106,36248,8,6,3639375e42affe11,415,2426,585,6090,2102,2269,2557,662,5620,7974,9656,4618,3414,4966
2019-09-24,17640,36309,8,6,922f95a2ac15c959,431,2380,580,6451,2079,2283,2785,651,5505,7657,9391,4748,3540,5468
2019-09-25,16493,34855,8,6,11d3f6f2abaa7573,348,2227,651,5798,2144,2053,2621,651,5953,7519,7271,4935,3583,5594
2019-09-26,16193,34056,8,6,d9812875915b4845,361,2241,533,5848,1914,1973,2646,677,5271,7787,7490,4719,3607,5182
2019-09-27,14711,32386,8,6,f186c430f11d51ae,323,2012,467,5496,1711,1661,2385,656,5862,7379,6788,3987,3856,4514
2019-09-28,12997,27827,8,6,f9b2cc47d061c953,297,1846,454,4940,1534,1276,1883,767,5521,6768,6484,2844,2394,3816
2019-09-29,13833,32659,8,6,96f09f74290f79d3,357,1779,418,5571,1777,1398,1844,689,6343,7046,7863,3630,3192,4585
2019-09-30,16314,36615,8,6,f5b64c5a1939a5f2,409,2147,596,6493,2053,1652,2352,612,6182,7193,8323,4616,3360,6941
2019-10-01,15889,33807,8,6,523a26b7c3378fd4,429,2329,653,5464,2200,1815,2315,684,5646,7296,6978,4909,3272,5706
2019-10-02,17438,33832,8,6,1a5333bfdc4f9459,414,2401,515,6154,2072,2323,2659,900,5388,7104,7323,4980,3616,5421
2019-10-03,18445,33048,8,6,6260b04f9e89abef,358,2246,496,5743,3831,2241,2620,910,5128,7771,6775,4769,3228,5377
2019-10-04,18543,30504,8,6,2b538b5e5da9aee9,322,2187,444,5406,2196,2991,2742,2255,4785,7263,6399,4399,2848,4810
2019-10-05,14016,26790,8,6,74fb0591f8120cfa,355,1631,397,5650,1522,1418,2083,960,4848,7093,5996,2829,2189,3835
2019-10-06,14307,30212,8,6,1cdf85a32776092b,371,1753,423,6176,1699,1327,1629,929,5470,7607,6699,3603,2581,4252
2019-10-07,17263,34550,8,6,f781ea13f352f71b,427,2678,539,6801,1906,1773,2180,959,5580,8013,7736,4846,3023,5352
2019-10-08,17045,36238,8,6,590f5ef25d12a57b,490,2145,623,6755,2067,1785,2235,945,5657,9521,7249,5124,3331,5356
2019-10-09,17326,35312,8,6,07a32cbb3fc58f27,372,2249,614,6553,2101,2162,2455,820,5395,8465,6907,4960,4076,5509
2019-10-10,17182,34050,8,6,57d4d132ee85b540,387,2045,522,6349,2547,2007,2550,775,5542,7731,6791,5015,3297,5674
2019-10-11,15621,32033,8,6,7417d9d8bbfd91d7,298,1965,489,5643,1804,1527,3206,689,5154,7062,7843,3980,2934,5060
2019-10-12,12278,27377,8,6,2ec5300f8c5eeece,315,1575,416,4507,1527,1180,2178,580,4882,6991,6153,3154,2331,3866
2019-10-13,13635,31776,8,6,b0e4650668b3ea0d,353,1697,458,5452,1774,1367,1832,702,5366,8459,6712,3806,2827,4606
2019-10-14,16021,34965,8,6,72eaf8dfbd9fa64f,359,2004,626,6112,2110,1841,2248,721,5827,8084,7176,4984,3588,5306
2019-10-15,17300,34830,8,6,aeca578ec07c7332,377,2554,659,6246,2273,1907,2353,931,5455,7841,6885,5595,3485,5569
2019-10-16,17992,40144,8,6,8a568cd7c8d32ca6,415,3172,673,6287,2433,1849,2478,685,5514,7272,12233,5496,3441,6188
2019-10-17,15749,34265,8,6,0424c3db8c58ac61,390,2084,670,5916,2146,1512,2356,675,5223,8251,7065,5225,3187,5314
2019-10-18,14769,31417,8,6,bc8b28c8de50ab42,341,1901,463,5952,1844,1499,2164,605,5342,8002,6592,4148,2699,4634
2019-10-19,12019,27290,8,6,749265704d84c378,297,1513,427,4867,1510,1079,1820,506,5042,6848,6514,2913,2175,3798
2019-10-20,14025,30380,8,6,57a87866cb5bb54f,325,1658,537,5872,1843,1246,1908,636,5229,6929,7179,3806,2764,4473
2019-10-21,16453,35052,8,6,6b27b261d4dc46c4,410,2044,540,6796,2092,1566,2246,759,6493,7290,7564,4839,3444,5422
2019-10-22,16592,34056,8,6,ebf0a494c272e92b,565,2059,575,6499,1976,1661,2346,911,5255,7113,7448,4832,3849,5559
2019-10-23,16505,32716,8,6,ce8528427b63dfe7,438,1977,540,6614,2032,1477,2378,1049,5095,7036,7029,4683,3695,5178
2019-10-24,17360,31345,8,6,907277853fc71733,438,1991,483,7197,1947,1325,2235,1744,5262,6694,6424,4271,3323,5371
2019-10-25,13848,27587,8,6,bf6b137bb51f4f44,348,1765,436,5713,1671,1105,1949,861,4649,6225,6221,3576,2473,4443
2019-10-26,14294,23566,8,6,a411777eb06a859c,269,4812,346,4267,1420,977,1578,625,4150,5653,5747,2504,1921,3591
2019-10-27,11891,27835,8,6,46e3f21090b60986,330,1630,389,5001,1413,939,1526,663,4336,8377,6195,2980,2198,3749
2019-10-28,17688,33151,8,6,f8e63f5e647e435e,424,2224,554,7569,1972,1895,2062,988,5061,6429,7910,4498,4054,5199
2019-10-29,21312,35435,8,6,9ca57c9190b7df3b,453,2342,518,10801,1956,1772,2209,1261,5338,6672,8932,4616,4333,5544
2019-10-30,18778,33500,8,6,4f2d6ca742983c4b,564,3135,485,7523,1995,1701,2218,1157,6202,6523,7406,4426,3620,5323
2019-10-31,17029,29938,8,6,887e84fcb62ac18a,460,2572,532,6368,1939,1917,2247,994,4596,6764,6320,4385,2789,5084
2019-11-01,14621,27218,8,6,fdb46e55ba7b1d31,445,2117,464,5443,1755,1485,2022,890,4376,6149,5849,3478,2650,4716
2019-11-02,12543,24477,8,6,1ca2816779c5c2ce,379,1537,367,4743,1533,1088,2198,698,4204,5827,5627,2656,2281,3882
2019-11-03,14169,30341,8,6,a28c7c216236a200,420,1790,462,5869,1755,1313,1795,765,4711,6532,8097,3331,3234,4436
2019-11-04,17514,35720,8,6,028ba29f6b334b18,472,2088,571,7226,2148,1769,2380,860,5257,6841,7074,4670,6076,5802
2019-11-05,17533,35106,8,6,79fe6dcd1dd57d35,553,2217,587,6581,2453,1671,2539,932,4881,6287,7005,4996,6257,5680
2019-11-06,17258,34762,8,6,b49fac7fc19ac653,487,2289,568,6739,2243,1512,2571,849,5021,6577,6689,4983,5734,5758
2019-11-07,16998,33170,8,6,eccf1eff7a69ff36,483,2134,472,6809,2357,1371,2572,800,5243,6307,6337,4564,5063,5656
2019-11-08,14930,29767,8,6,f52e4f2005584432,464,1955,443,5982,1862,1263,2241,720,5213,6224,6029,3833,3619,4849
2019-11-09,12273,24940,8,6,81793c016c996fd5,451,1554,362,4866,1603,922,1960,555,4369,5714,5956,2521,2704,3676
2019-11-10,13329,29500,8,6,a6decc9f41560b62,434,1614,418,5507,1797,1126,1783,650,5225,6360,6761,3018,3782,4354
2019-11-11,17259,35278,8,6,1cc61d5cfe68f90a,526,2112,532,6638,2538,1527,2386,1000,5475,7840,6552,4324,4724,6363
2019-11-12,19837,46185,8,6,464282757a36dd70,492,3416,601,6821,3433,1572,2781,721,6817,10267,7355,6424,6199,9123
2019-11-13,21875,46781,8,6,c8fc36ce39680252,535,4550,663,6665,3735,1655,3297,775,7409,10408,7078,6499,6039,9348
2019-11-14,18211,38175,8,6,2bcbf1dbc1312486,483,2783,526,6278,3131,1743,2507,760,5916,8415,7050,5241,4835,6718
2019-11-15,14530,30276,8,6,573d8d17e788ec5a,422,1942,449,5740,1880,1341,2069,687,4640,7477,6068,3928,3321,4842
2019-11-16,11850,25814,8,6,583ef3dd31910423,359,1378,397,4639,1602,1014,1841,620,4184,6776,5858,2791,2432,3773
2019-11-17,13143,31042,8,6,a3ed965c6188c8b7,412,1707,431,5168,1857,1155,1789,624,4695,7221,7498,3585,3410,4633
2019-11-18,16495,34097,8,6,fcc711969cf14f0e,526,2293,636,6142,2227,1388,2363,920,5561,7491,6409,4735,4164,5737
2019-11-19,16909,35223,8,6,797688b24b1b4ecf,491,2442,643,6221,2249,1462,2473,928,5023,7679,7085,5241,4173,6022
2019-11-20,16881,34949,8,6,d6dc2f8e859ca228,582,2336,594,6459,2358,1365,2468,719,5061,7598,7393,5209,3820,5868
2019-11-21,15655,33634,8,6,01a0bb419bab456c,577,2127,504,6089,2143,1215,2291,709,4788,7344,7049,4903,3889,5661
2019-11-22,14589,29809,8,6,d244bb4455a037b6,472,2211,509,5368,1870,1154,2313,692,4554,7326,6234,3980,2943,4772
2019-11-23,11823,25699,8,6,4e8c414b0fc2e51a,550,1455,439,4341,1465,916,2088,569,4337,6159,6679,2418,2310,3796
2019-11-24,12468,29666,8,6,7006f73801c03034,402,1538,456,5116,1722,954,1719,561,4829,6692,7159,3198,3124,4664
2019-11-25,15836,32047,8,6,e05e3557a461f6bc,496,2069,573,6121,2150,1291,2331,805,5131,6979,6765,3963,3578,5631
2019-11-26,15357,31612,8,6,c22153ecf77b6bbb,447,2054,615,5754,2139,1307,2294,747,4813,7112,6287,3762,3422,6216
2019-11-27,14746,31458,8,6,5ecb942e181fd7e8,485,2017,587,5074,2067,1391,2436,689,4919,6818,7472,3433,3147,5669
2019-11-28,14065,30122,8,6,15f9a00a8441dcf5,442,1758,528,5037,1896,1520,2226,658,5056,6862,7051,3369,3036,4748
2019-11-29,13470,28416,8,6,236d71459fa4f7b0,487,1729,500,4778,1733,1301,2269,673,5497,6549,6579,2457,2146,5188
2019-11-30,12499,25273,8,6,1d3daa7af3fffcec,459,1622,424,4613,1608,1199,1978,596,4410,6342,6363,2317,2092,3749
2019-12-01,14733,28234,8,6,15dffd8083add1ae,1112,1656,525,5392,1867,1213,2286,682,4706,6528,6994,2806,2825,4375
2019-12-02,18113,31393,8,6,be7ddcb0319482d1,668,2172,707,6860,2416,1509,2935,846,4922,7262,7191,3531,3029,5458
2019-12-03,17103,31960,8,6,44d73a00db59ed09,581,2204,697,6266,2195,1408,2909,843,4850,7778,6889,4082,3088,5273
2019-12-04,16535,31896,8,6,08df313ac6f659e0,500,2223,645,6000,2243,1449,2720,755,5006,7546,7399,3945,3006,4994
2019-12-05,16052,31761,8,6,87b3a892b01ee15b,563,2144,602,6068,2224,1366,2356,729,5003,6748,7950,3875,3089,5096
2019-12-06,14541,30888,8,6,75a036173466cf77,463,2033,519,5322,2078,1044,2395,687,4638,8919,7136,3348,2412,4435
2019-12-07,11943,25617,8,6,c1586cc086fec3dd,431,1659,476,4264,1543,876,2122,572,4401,6600,6886,2623,1779,3328
2019-12-08,14047,29381,8,6,e1292a33270f469f,537,1668,579,5513,1826,1042,2310,572,4544,7131,7546,2853,2592,4715
2019-12-09,17454,37083,8,6,43bf144b0af5f0b3,559,2580,689,6714,2354,1223,2571,764,5113,7712,7167,4297,7312,5482
2019-12-10,16976,37320,8,6,c70be932c61f75f5,557,2613,621,6336,2288,1288,2508,765,5050,7586,7080,4188,8348,5068
2019-12-11,16211,35509,8,6,2b62814f646eb57d,610,2506,621,6079,2174,1162,2304,755,4716,9101,7218,3986,5627,4861
2019-12-12,15857,39156,8,6,b1d619ade7038b0f,505,2433,627,5973,1947,1235,2471,666,9301,8863,6611,3727,5244,5410
2019-12-13,14814,29890,8,6,0d1b56a885042680,551,1989,473,5385,1682,1421,2669,644,5367,7640,6167,3049,3549,4118
2019-12-14,11007,25713,8,6,1c3a4605e0fc66c9,496,1475,477,4186,1391,706,1796,480,4713,6714,5956,2276,2681,3373
2019-12-15,12441,28595,8,6,5df409696ff6e924,616,1680,596,4854,1519,724,1830,622,4780,7009,6847,2569,3202,4188
2019-12-16,15225,30692,8,6,068c005a347dfd8c,617,2118,585,5962,1867,1025,2370,681,4800,7447,6690,3487,3504,4764
2019-12-17,16437,41702,8,6,bdbd208571dd26a5,575,2704,517,5305,2748,1033,2826,729,7821,8883,7453,4583,3625,9337
2019-12-18,17296,41813,8,6,c5899362d03e6b4b,545,2683,475,5685,2493,1098,3645,672,8956,8487,7392,4555,3177,9246
2019-12-19,14462,29929,8,6,54bacab3e0b8b89b,531,2282,439,4957,1717,1164,2708,664,6085,6817,6113,3069,3224,4621
2019-12-20,11728,24255,8,6,342f167cf891d5e5,636,1611,324,4122,1374,909,2175,577,4451,6263,5699,1960,2590,3292
2019-12-21,10218,22393,8,6,ce3682febc56a5f7,907,1301,299,3537,1098,705,1784,587,3914,5956,6486,1689,1672,2676
2019-12-22,10859,24097,8,6,97ba92b19a8bd6bc,952,1443,469,3793,1129,806,1721,546,4337,6008,6878,1804,1843,3227
2019-12-23,11712,24742,8,6,67927b32603bb04e,804,1651,385,3755,1326,990,2196,605,4395,6078,7601,1746,1820,3102
2019-12-24,11380,23101,8,6,d7301201a630453e,1213,1461,314,3716,1157,763,2197,559,4105,6062,6701,1527,1712,2994
2019-12-25,14659,23834,8,6,fb318611c3774f39,4407,1266,296,4630,1012,726,1688,634,3936,6327,7611,1505,1584,2871
2019-12-26,13792,28234,8,6,55168e8c89660ebc,1967,1593,498,4748,1278,769,2197,742,4502,8874,7919,1757,2007,3175
2019-12-27,12354,26647,8,6,569ecc49d922b0cd,736,1839,361,4407,1302,750,2257,702,4371,6914,8299,1661,2097,3305
2019-12-28,11723,26105,8,6,4f4e2fa9ed00d149,529,1647,347,4621,1234,734,2034,577,4636,6793,7869,1768,1916,3123
2019-12-29,11621,27804,8,6,2e9c3ac810fd7636,432,1720,339,4707,1249,713,1888,573,4810,7262,8492,1744,1999,3497
2019-12-30,12095,26980,8,6,db65a027bbbe4c80,348,1782,330,4625,1284,740,2279,707,4754,6848,7736,1851,2116,3675
2019-12-31,11902,25078,8,6,745676fe325b61e0,332,1491,370,4931,1151,676,2318,633,4505,6630,7151,1612,1735,3445
2020-01-01,13802,25398,8,6,13fcf5be4a809e36,362,1330,317,7367,1176,688,1781,781,4456,6706,7507,1591,1926,3212
2020-01-02,14852,29095,8,6,77055b29ed583389,443,1748,461,6425,1554,918,2480,823,5088,7533,7578,2141,2372,4383
2020-01-03,14656,28794,8,6,5d7d1d60aa2bc18e,347,2014,436,5503,1493,1022,3066,775,5283,7511,7348,2130,2327,4195
2020-01-04,13011,27911,8,6,7bc5fce06d66a8dc,284,1985,607,5013,1272,795,2400,655,4975,7013,8084,2065,2157,3617
2020-01-05,13045,29430,8,6,48f2fb47e5f40b64,341,2010,438,4976,1580,836,2166,698,5071,7164,8046,2335,2794,4020
2020-01-06,14962,31085,8,6,927d04cd4317004d,458,2043,445,5792,1631,918,2913,762,5093,7897,7216,3043,3033,4803
2020-01-07,15822,33168,8,6,aac5cffa0951ea60,429,2078,469,6334,1960,1066,2734,752,5247,8149,7053,3396,3510,5813
2020-01-08,16252,33835,8,6,26b51c5acfb313a8,396,1924,461,6227,1966,1033,3384,861,5498,8202,7567,3453,3928,5187
2020-01-09,15976,34375,8,6,2249abc4cdd6c3b5,462,1818,466,6478,2033,1041,2913,765,5695,8467,7156,3379,3814,5864
2020-01-10,14542,38338,8,6,e653367438340666,434,1788,463,5653,1605,959,2868,772,7441,10910,7192,3146,3312,6337
2020-01-11,11244,33951,8,6,712085572a7ebdd0,302,1466,382,4468,1372,660,2051,543,7908,8589,7489,2110,2602,5253
2020-01-12,12826,36531,8,6,ce24f351639c002f,317,1578,487,5355,1510,789,2138,652,6178,8300,7637,2738,7212,4466
2020-01-13,16013,43853,8,6,14d914aaa04ffda8,468,2030,470,6434,2069,1058,2632,852,6268,8697,7699,3450,12500,5239
2020-01-14,16657,40131,8,6,941fc4ec586c9521,393,1933,509,6571,2788,1021,2588,854,6169,8278,7980,3362,9053,5289
2020-01-15,16154,39010,8,6,a8c942bf17a973ab,430,1942,520,6234,2554,973,2621,880,6011,7939,8276,3988,7563,5233
2020-01-16,16217,39080,8,6,00f0fc5fab65fd7a,423,1940,481,6184,2299,1036,2938,916,5952,8295,7660,4431,6896,5846
2020-01-17,15007,34696,8,6,66d9b958f8a8b2ac,409,1850,431,6127,1813,867,2657,853,5908,7877,7361,3331,5238,4981
2020-01-18,11922,29142,8,6,dfa144f5fa3c23c6,319,1364,352,4889,1414,730,2147,707,4874,6722,7293,2571,3867,3815
2020-01-19,12335,33167,8,6,1846cc57405d9bc7,327,1414,345,5028,1636,812,2083,690,5157,7244,8387,3214,4550,4615
2020-01-20,14599,35629,8,6,51cfc75e62613ab6,381,1677,490,5549,1920,1028,2765,789,5223,8154,8132,3722,5186,5212
2020-01-21,17149,37777,8,6,473999f1c36d80d3,433,1836,466,6951,1936,1398,3193,936,5673,7820,8610,4530,5175,5969
2020-01-22,16388,36710,8,6,0507aac84069363b,413,1830,518,6288,1971,1197,3325,846,5754,7793,7792,4412,5021,5938
2020-01-23,15637,37260,8,6,60af60fcc8fc658c,452,1919,471,6062,1944,1061,2906,822,5635,8006,8767,4370,4815,5667
2020-01-24,15056,32937,8,6,a7539af6b1d6b8b6,382,1820,372,5724,1851,1015,3013,879,5256,7607,7731,3783,3801,4759
2020-01-25,11451,27206,8,6,f0a1f652338807ae,353,1362,278,4366,1383,993,1997,719,4828,6623,6968,2364,2795,3628
2020-01-26,11758,31534,8,6,36a613142cc0ffaf,337,1464,361,4584,1618,738,2062,594,5104,6714,9049,2916,3314,4437
2020-01-27,16405,34917,8,6,ab7a6d85aa1d5ff9,446,1881,482,6129,1983,1132,3286,1066,5171,7858,7829,3854,4415,5790
2020-01-28,16540,36568,8,6,c08efbe09bdf29ea,399,1844,544,6455,2067,1095,3256,880,5722,8384,8006,4117,4433,5906
2020-01-29,16037,35497,8,6,7797d825abfde8cf,417,2172,476,6027,2073,1082,2900,890,5537,8031,7662,3925,4526,5816
2020-01-30,16312,35424,8,6,5fa7826efcfee18a,391,2155,485,6497,2041,1147,2709,887,5700,7910,8467,3779,4150,5418
2020-01-31,14287,30447,8,6,082584d172852566,447,1819,376,5109,1770,964,2853,949,5443,7438,6602,3143,3157,4664
2020-02-01,11231,26037,8,6,e611eba007beb447,304,1384,401,3839,1605,753,2259,686,4442,6858,6354,2346,2406,3631
2020-02-02,11864,30123,8,6,27a919da8450ff48,319,1433,383,4439,1798,768,2021,703,4783,7663,7089,2871,3393,4324
2020-02-03,15024,33321,8,6,0e23cbb91f333d7f,406,1783,409,5729,2024,853,2957,863,5286,7609,7010,3614,4168,5634
2020-02-04,15689,35059,8,6,3bdd2f0722496314,366,1736,517,5928,2311,979,3009,843,5000,9263,6960,4109,4078,5649
2020-02-05,15457,33941,8,6,c6ee263a29faf12e,456,1854,483,5849,2080,981,2946,808,5255,8787,6703,3994,3693,5509
2020-02-06,15783,33122,8,6,3c7c96bd7565c1b2,423,2015,434,5921,2029,997,3053,911,5069,8143,6933,4014,3758,5205
2020-02-07,14085,30185,8,6,05bf83b7fc8fa28e,429,1953,377,5265,1865,916,2505,775,4949,7974,6654,3171,3011,4426
2020-02-08,11171,28177,8,6,29b02814bc29b7c4,345,1468,317,4099,1564,665,2143,570,4473,8602,6717,2443,2298,3644
2020-02-09,12763,32245,8,6,c316dec8cdd2c788,408,1412,389,5154,1832,820,2141,607,4644,9822,7672,2849,3170,4088
2020-02-10,15664,35332,8,6,5ef6a546e8ac93c8,354,1973,459,6215,2202,1062,2653,746,5080,9918,7661,3772,3758,5143
2020-02-11,17022,34566,8,6,06786e6717c6f438,529,2652,624,6344,2218,1098,2742,815,5129,8503,7363,4029,4260,5282
2020-02-12,16502,33730,8,6,0ea72fbdd40defc6,406,2420,543,6327,2260,1033,2752,761,5114,8101,7149,4009,3951,5406
2020-02-13,16009,32646,8,6,518935d15466257c,412,2273,468,6092,2359,971,2640,794,5398,8080,6810,4027,3507,4824
2020-02-14,14149,28922,8,6,caf72111111e3de8,302,1984,365,5538,1926,1010,2329,695,4740,7705,7065,2849,2610,3953
2020-02-15,11349,26825,8,6,0b8c5bad50ab09cc,278,1471,330,4252,1676,796,1984,562,4210,7181,7394,2398,2120,3522
2020-02-16,12805,30668,8,6,06f088324ac8873b,320,1700,412,4853,1918,801,2115,686,4472,7580,8447,2908,3015,4246
2020-02-17,15389,33221,8,6,3b5caa8e1e16d1f3,392,2003,513,5811,2038,1190,2624,818,4928,7804,8632,3496,3352,5009
2020-02-18,15981,32982,8,6,8355a691fece1a10,478,1877,527,5914,2268,1232,2853,832,5033,7663,7906,4167,3270,4943
2020-02-19,16056,33017,8,6,cc9adc005b3e025f,416,1968,562,6067,2433,1112,2652,846,5208,7843,7325,4140,3424,5077
2020-02-20,16329,31564,8,6,0c197e06fc242eab,404,2215,535,6172,2317,1007,2760,919,5044,7665,7117,3960,3372,4406
2020-02-21,13938,29595,8,6,1ee9e88c05dc4aa5,377,1803,434,5353,1803,875,2405,888,5113,7191,7333,3257,2653,4048
2020-02-22,11577,27204,8,6,471cebc9a4df087f,336,1508,387,4249,1562,757,2173,605,4540,6777,7532,2678,2249,3428
2020-02-23,13261,30325,8,6,87482d46dce50adf,335,1704,453,5089,1759,907,2288,726,4608,7194,8261,3228,3015,4019
2020-02-24,20597,33601,8,6,56db627f00487d7e,442,2598,624,6926,2231,1506,3545,2725,5049,7827,7741,4437,3539,5008
2020-02-25,20622,33647,8,6,6119cb2b54a2889a,399,2063,557,6983,2284,1579,3903,2854,5244,7911,7248,4459,3720,5065
2020-02-26,20281,33755,8,6,2d0fd485ccc82750,424,2116,734,6978,2179,1604,3975,2271,5287,8331,6853,4572,3929,4783
2020-02-27,25258,37017,8,6,b1ba6850700e6b40,484,2047,694,7767,2287,2653,4389,4937,5322,10150,7133,4819,4806,4787
2020-02-28,33872,31522,8,6,53c4bacaced6b57c,555,2534,858,8572,1846,3755,6294,9458,4867,8904,6665,3606,3269,4211
2020-02-29,20163,26185,8,6,60d8a90ae0f13a69,404,2431,577,5450,1593,2168,3918,3622,4275,7491,6145,2774,2174,3326
2020-03-01,17835,28861,8,6,898771f16c371e16,360,1975,549,5933,1812,1509,3089,2608,4499,7716,6685,3439,2664,3858
2020-03-02,22339,32290,8,6,d48903cecf33e7cd,489,2670,626,7724,2028,2062,4067,2673,5041,8136,6767,4438,3033,4875
2020-03-03,26383,31964,8,6,629c9d1c6d22b47e,526,6553,626,7514,2371,2892,3948,1953,5001,7818,6474,4596,3404,4671
2020-03-04,22045,32576,8,6,3cb3d50233f17f4a,592,4411,555,7214,2135,2317,3310,1511,5306,7691,6775,4457,3513,4834
2020-03-05,20673,33704,8,6,79cd7eae3622e78c,602,3106,642,7367,2025,2238,3176,1517,5007,7946,8220,4545,3196,4790
2020-03-06,22275,31324,8,6,eb494b6bdfbbdf2a,571,2709,569,8542,1959,2263,3392,2270,4779,9380,6801,3469,2541,4354
2020-03-07,15485,32437,8,6,24c4596bd3c9b5fc,492,2082,464,5162,1550,1778,2608,1349,4259,12434,8133,2658,1962,2991
2020-03-08,16298,29194,8,6,4497671fd5f96f52,548,1931,521,5984,1559,1742,2520,1493,4563,8956,6848,3141,2137,3549
2020-03-09,55545,32230,8,6,9302aa38921750d9,1016,2950,1393,12497,2038,9612,7308,18731,4621,9571,7042,3851,2671,4474
2020-03-10,37783,40698,8,6,b8aa00eca6580306,915,2892,1091,9887,1873,6997,5739,8389,4755,9411,6198,3815,2573,13946
2020-03-11,34670,34172,8,6,cdd1a95176159aaf,814,2777,943,9660,2013,5543,6650,6270,4787,8083,6302,3639,2741,8620
2020-03-12,74003,31133,8,6,0c12f3e71c2f512e,1674,6926,1561,18860,2099,11443,10911,20529,4790,7463,7560,3699,2599,5022
2020-03-13,71676,28671,8,6,45a9e0c56dee00e8,1939,12559,1459,18020,1867,10150,11541,14141,4588,7449,7935,2813,2095,3791
2020-03-14,41224,25995,8,6,91291044945f7c7a,2049,7002,876,11708,1574,6088,7025,4902,4585,7185,6981,2301,1664,3279
2020-03-15,45100,25472,8,6,71d2f15190acddf1,1452,13678,872,12785,1838,6737,4131,3607,4432,6904,6445,2581,1806,3304
2020-03-16,90593,25454,8,6,78b75644810dc2cc,3505,15449,1463,25275,2174,22527,7550,12650,4521,6592,5528,3057,2014,3742
2020-03-17,85664,26151,8,6,7160d91af281b016,2580,7509,1317,31415,2053,25096,6896,8798,4360,6506,6450,3203,2049,3583
2020-03-18,76269,26248,8,6,77fe0abc1af658a1,2542,6487,1295,35793,2024,14128,6256,7744,4613,6649,5615,3602,2106,3663
2020-03-19,68683,26054,8,6,8a7e3b42b52a565f,2650,5446,1260,32532,2077,12688,6010,6020,4621,6762,5820,3215,1969,3667
2020-03-20,58485,25395,8,6,eb268173902b059f,1687,4906,1034,30246,1776,9262,4604,4970,4632,6697,5679,2981,1964,3442
2020-03-21,55391,24076,8,6,ebf5742d11da49e3,1393,4842,886,30874,1903,7429,3759,4305,4520,6366,6351,2312,1475,3052
2020-03-22,58158,26295,8,6,89493dedfa31e95e,1433,5427,919,33879,1795,7372,3711,3622,5081,6346,7430,2544,1686,3208
2020-03-23,75846,28975,8,6,a21162ed30dbbd2a,1459,9916,1194,41275,2323,9063,5326,5290,5078,7043,6967,3553,2360,3974
2020-03-24,63311,28842,8,6,d7acf89fd478eaba,1180,7674,1314,33613,2172,8675,4810,3873,5055,7142,6620,3669,2499,3857
2020-03-25,53144,28962,8,6,f34de428e199fdce,1168,7191,1043,26687,2454,6724,4818,3059,5200,7290,6738,3773,2251,3710
2020-03-26,53475,30760,8,6,891c93be568b29dc,979,7599,1088,25203,2549,8787,4496,2774,5182,7459,6870,3903,3155,4191
2020-03-27,48200,29409,8,6,c442fe8756fbb459,915,7163,950,22653,2438,7277,4454,2350,5076,7267,6959,3734,2325,4048
2020-03-28,46606,27929,8,6,28c9c9bd5f1de40c,837,10091,892,20426,2250,6592,3553,1965,5218,7359,6904,2788,1813,3847
2020-03-29,41791,28837,8,6,235d452686905c1a,770,7177,989,20357,1986,5175,3406,1931,5123,7778,7523,3077,1857,3479
2020-03-30,58291,31921,8,6,9bd05e9c771bf5b5,859,6817,924,22480,2234,18479,4313,2185,5255,7895,7836,4443,2360,4132
2020-03-31,45586,31861,8,6,64d132d083617d1d,853,6447,969,20564,2115,8093,4292,2253,5312,8041,7356,4621,2428,4103
2020-04-01,46232,32340,8,6,62e4e374c7918d3c,991,6242,1011,21908,2153,7184,4497,2246,5626,7921,7099,4609,2760,4325
2020-04-02,49498,33308,8,6,a5f32ea81054237c,891,5427,1097,26680,2198,7327,3861,2017,5609,8400,7397,4931,2502,4469
2020-04-03,46590,34424,8,6,7cb258cb894b446d,934,5149,1003,26030,2023,5755,3849,1847,5602,9274,8192,4681,2427,4248
2020-04-04,43252,34368,8,6,fa8923b49f84e7e5,830,4460,953,23243,2504,6428,3173,1661,5702,9252,9276,3738,2534,3866
2020-04-05,40424,31954,8,6,224c04eb46358306,913,4614,950,22208,1954,5179,3125,1481,5609,8894,8550,3308,2062,3531
2020-04-06,39686,35257,8,6,bea987203e1395ea,807,4784,939,20733,2180,5206,3337,1700,5744,10703,7768,4655,2171,4216
2020-04-07,34242,38172,8,6,613a7ec1e7abdfbc,752,4642,880,16227,2040,4409,3677,1615,5297,14321,7218,4868,2230,4238
2020-04-08,39809,41317,8,6,fb4b241e16c47798,771,4851,792,17158,2222,8835,3701,1479,5325,16757,8054,4878,2387,3916
2020-04-09,53148,39064,8,6,69928ee0f01dcead,708,7099,1359,29439,2286,6583,3938,1736,5658,12179,9262,4746,2074,5145
2020-04-10,53717,36430,8,6,69a3783247a18768,664,6694,955,31393,2360,6103,3896,1652,5962,10107,9096,4308,2217,4740
2020-04-11,37457,37069,8,6,1fbdb24b62f6575d,610,5077,738,20507,1907,3909,3345,1364,5751,10140,9757,3769,3605,4047
2020-04-12,34467,35137,8,6,3f36ca35368f5e07,566,4918,688,18554,1925,3535,3007,1274,5686,8798,10576,3482,2624,3971
2020-04-13,36142,37078,8,6,20f2808377cfc62a,673,5576,903,17677,2377,3971,3665,1300,5830,9709,9754,4607,2543,4635
2020-04-14,51912,35180,8,6,0469ce2da87514c2,686,4906,948,30160,2301,7680,3631,1600,5747,8790,8309,5049,2461,4824
2020-04-15,51446,37879,8,6,f98482004a7bb1a7,756,5059,938,30728,2342,6534,3529,1560,6074,8843,8855,5139,2402,6566
2020-04-16,44120,41325,8,6,b4794c527b88bee4,746,4864,918,25077,2369,5071,3612,1463,6197,8542,9160,5310,2550,9566
2020-04-17,39519,36583,8,6,0f73ff7096803288,704,4568,850,21916,2363,4325,3422,1371,5819,8075,8557,4949,2244,6939
2020-04-18,32462,35862,8,6,39db715302454817,587,3889,794,17454,1964,3213,3328,1233,5820,7917,9291,4159,1931,6744
2020-04-19,31790,35954,8,6,2fd30942799425ab,705,3938,723,16800,2055,3064,3309,1196,5919,8194,9266,3772,2119,6684
2020-04-20,36763,38964,8,6,418fe6eafe9521b6,727,3971,840,19957,2309,3499,4010,1450,5866,8781,9274,5538,2915,6590
2020-04-21,36426,37782,8,6,25e5e0faa1377aaa,615,4080,989,19316,2404,3643,3974,1405,5773,9001,9000,5635,2763,5610
2020-04-22,33111,38594,8,6,6bb836ab1379e6f4,631,3683,875,17028,2282,3597,3777,1238,6032,9076,10047,5629,2683,5127
2020-04-23,35023,38373,8,6,cdb6dbfeebd4b909,584,3489,882,19408,2442,3245,3621,1352,5741,9651,9749,5592,2756,4884
2020-04-24,31860,35824,8,6,18dc149fbd60f8d7,570,3964,793,17036,2136,2806,3362,1193,5502,9082,8977,5342,2394,4527
2020-04-25,27379,33449,8,6,89fd1d9b4c15aa7f,449,3229,730,14565,2043,2212,3121,1030,5435,8278,9684,3968,1922,4162
2020-04-26,28961,34028,8,6,5c23871d95964e90,550,3211,737,15896,2015,2321,3192,1039,5684,9328,9314,3673,2001,4028
2020-04-27,31898,38212,8,6,8c315b08e8b62cdf,628,3506,787,16854,2317,3085,3591,1130,5947,9501,9924,5238,2793,4809
2020-04-28,30412,38643,8,6,07f3bac38b176c37,590,3695,867,15251,2219,3292,3421,1077,5696,9496,9580,5448,3024,5399
2020-04-29,35961,38680,8,6,25835c07bd1baade,613,4835,774,16014,2301,6594,3564,1266,5918,9646,9775,5495,2777,5069
2020-04-30,31940,36082,8,6,2d21c0d7925fc0bf,571,4219,822,16337,2211,3183,3389,1208,5635,8894,9302,5276,2642,4333
2020-05-01,28201,35173,8,6,87de840b2b5894d2,504,3378,716,14025,1998,3094,3424,1062,5526,8894,10000,4336,2360,4057
2020-05-02,23495,33496,8,6,e5326d336dede5c0,490,3116,645,11537,1905,1888,3030,884,5223,9335,9688,3683,1888,3679
2020-05-03,25542,34877,8,6,3d96919372586ed9,497,3360,616,13046,2124,1790,3073,1036,5496,10449,9832,3446,2039,3615
2020-05-04,26647,39661,8,6,43960574031fc531,628,3544,645,13230,2291,1940,3357,1012,5508,11716,10836,4931,2434,4236
2020-05-05,27038,40345,8,6,c1bdfa58654aa589,500,3731,677,13216,2347,2359,3207,1001,5417,13240,9930,5015,2513,4230
2020-05-06,28117,40914,8,6,7e11febd1a151ae0,482,3336,677,13270,2388,3761,3154,1049,5454,13980,9867,4822,2452,4339
2020-05-07,30248,40353,8,6,498094f16c3f97bc,496,3333,693,14180,2304,5079,3146,1017,5421,14476,9321,4705,2432,3998
2020-05-08,39010,35879,8,6,e211a8043f726182,512,3307,629,25428,2295,2833,2981,1025,4955,11548,8916,4329,2313,3818
2020-05-09,31193,31875,8,6,e3ed9467b53c8d26,381,3686,538,18846,2085,1967,2687,1003,4956,8795,9281,3447,1925,3471
2020-05-10,27757,40015,8,6,09dd1f0eeba8faf0,376,3837,612,15485,1853,2189,2484,921,5075,8364,17926,3274,1891,3485
2020-05-11,27911,41156,8,6,283bf78e95664911,495,3796,714,14485,2313,2137,3013,958,5460,8630,16192,4610,2287,3977
2020-05-12,26930,37008,8,6,1c328d50de87470a,463,3826,755,12705,2529,2671,3110,871,5402,7946,12793,4679,2281,3907
2020-05-13,34189,38325,8,6,ec0bacc81c576e62,463,4695,741,13031,2726,8150,3294,1089,6877,7785,11701,5033,2535,4394
2020-05-14,28413,34338,8,6,1794092c07735782,527,3959,640,13046,2675,3391,3206,969,5343,7559,10100,4889,2387,4060
2020-05-15,26352,38564,8,6,db9adb83cf853781,425,3411,629,11656,2089,4287,3009,846,5258,7485,15707,4206,2264,3644
2020-05-16,21340,43441,8,6,1f4e3f75c54e7a12,426,3048,504,10024,1820,2182,2666,670,4813,6777,23782,3277,1928,2864
2020-05-17,22415,37388,8,6,1cb77eda8fb24260,427,3512,528,10797,1943,1779,2647,782,4930,7181,16760,3091,2066,3360
2020-05-18,27826,39203,8,6,b2554f408bf08934,497,4583,593,11705,2189,4608,2782,869,5375,7329,14985,4342,3397,3775
2020-05-19,25112,38474,8,6,3a1170f08d081748,386,3851,663,10750,2038,3662,2945,817,5174,7348,15135,3946,2931,3940
2020-05-20,21823,37157,8,6,69d79c06cac2aa0e,391,3081,569,9564,2259,2361,2784,814,5167,7183,14386,3923,2550,3948
2020-05-21,21449,37430,8,6,b871204e94b8850f,360,2853,536,10036,2244,1855,2825,740,5561,7519,14576,3859,2277,3638
2020-05-22,20020,34589,8,6,a7421c087a46590f,381,2536,539,9444,2124,1760,2596,640,4659,8193,12533,3693,2141,3370
2020-05-23,17514,32416,8,6,42e89bbfaa327a93,295,2320,415,8389,1765,1394,2310,626,5269,8194,11381,2922,1803,2847
2020-05-24,17384,29755,8,6,a675ac42350f5cac,338,2438,415,8382,1603,1382,2145,681,4948,7659,9992,2616,1607,2933
2020-05-25,19715,30323,8,6,8142817c9244dee2,346,2403,452,9342,1741,2194,2545,692,4886,7735,9203,2986,2101,3412
2020-05-26,19146,31114,8,6,90508c433a892cd1,306,2510,514,8639,1892,1733,2801,751,5019,7701,8895,3591,2341,3567
2020-05-27,18378,34006,8,6,cd0b1c3ee4e4890d,428,2411,542,7770,1924,1564,2877,862,4806,8212,11604,3542,2214,3628
2020-05-28,18775,33452,8,6,9876e140867c43e8,555,2446,499,8517,1678,1516,2808,756,4854,7663,11852,3414,2185,3484
2020-05-29,17485,31994,8,6,99b8315554411acd,475,2575,486,7598,1804,1286,2607,654,4584,7729,11078,3241,1980,3382
2020-05-30,15281,30374,8,6,5aa542dfce477f85,446,2314,412,6477,1508,970,2525,629,4429,9969,8808,2662,1580,2926
2020-05-31,15362,32386,8,6,0738889516e22829,499,2173,471,6848,1471,1108,2219,573,4656,11057,9862,2392,1565,2854
2020-06-01,17146,30010,8,6,b9283e17686b502f,480,2374,492,7611,1667,1143,2690,689,4797,9185,7461,3219,1999,3349
2020-06-02,16424,30150,8,6,35db922603051722,401,2258,448,7183,1610,1193,2570,761,5122,8398,7489,3419,2219,3503
2020-06-03,23253,31474,8,6,f0869b3825805471,368,2236,480,7028,1640,7895,2791,815,5632,8674,7739,3503,2314,3612
2020-06-04,18500,31784,8,6,d3cc5ebc65d6ee51,422,2314,434,6816,1580,3402,2783,749,5252,9461,7345,3673,2393,3660
2020-06-05,17177,32757,8,6,c77d0d778ff1a400,371,2235,512,7058,1515,1849,2800,837,5108,11381,7360,3368,2109,3431
2020-06-06,14635,54165,8,6,c6c7ce457bd12321,297,2115,391,5758,1574,1267,2544,689,4831,33215,8023,2882,2167,3047
2020-06-07,15193,29660,8,6,2999b6cab4ff8e48,360,2101,405,5906,1795,1393,2547,686,5157,8735,8078,2689,1941,3060
2020-06-08,20142,28878,8,6,b044df48d7f3e89b,370,2408,459,7471,1720,3710,3155,849,4876,7591,7298,3442,2173,3498
2020-06-09,20174,28319,8,6,c181eac210e9fb5b,448,2481,477,6465,1859,4457,3156,831,4947,6991,7156,3411,2222,3592
2020-06-10,19052,28669,8,6,dcd87314339c8847,435,4111,431,6219,1803,2399,2965,689,5572,6685,7227,3486,2218,3481
2020-06-11,18708,28525,8,6,ecd9546d6c71afcf,325,3534,472,6221,1715,1591,3332,1518,5292,6739,7414,3448,2187,3445
2020-06-12,18360,28074,8,6,f1c28d49cf37f2c8,333,3081,468,6592,1559,2224,3153,950,5445,6998,7505,3082,1910,3134
2020-06-13,13944,26733,8,6,b4f1a54fcc7953cd,388,2127,360,5464,1394,1146,2492,573,5059,6580,8181,2484,1614,2815
2020-06-14,14179,27126,8,6,1d975996838c39a6,296,2260,348,5811,1479,1170,2249,566,5348,6624,7955,2546,1728,2925
2020-06-15,15801,28545,8,6,1ee5864338073727,352,2872,381,5839,1530,1512,2671,644,5288,7005,7868,3045,2014,3325
2020-06-16,16223,29123,8,6,c21211c49925dd93,385,3799,411,5625,1605,1166,2604,628,5211,7014,8200,3046,2122,3530
2020-06-17,15168,28871,8,6,70b3d22fec6b0f63,378,2829,378,5452,1791,1015,2660,665,5234,6844,8231,2970,2108,3484
2020-06-18,14239,28322,8,6,03fe373c4318227c,325,2275,379,5564,1433,1165,2514,584,5016,6773,7602,3265,2112,3554
2020-06-19,13614,27759,8,6,ed604cffb7f565db,266,2154,369,5112,1423,1144,2555,591,4900,6791,7899,3081,1813,3275
2020-06-20,12142,26851,8,6,1e96c0acba2d1d86,277,2008,263,4754,1220,761,2399,460,4918,6942,8049,2663,1601,2678
2020-06-21,11896,30694,8,6,a0ab21236dd2dcd8,245,1916,345,4712,1193,727,2245,513,5002,9696,8413,2516,2331,2736
2020-06-22,13687,28995,8,6,022cdf2b1147dd33,306,2027,335,5332,1513,953,2673,548,4782,8155,7533,3168,2059,3298
2020-06-23,13275,27517,8,6,4c76c36d3b360c32,312,2000,332,5166,1486,932,2488,559,4857,7024,7031,3081,2282,3242
2020-06-24,13375,27199,8,6,08c6ca0124a443ee,305,1973,353,5224,1376,973,2533,638,4708,6957,6836,3154,2218,3326
2020-06-25,13647,27508,8,6,313ae645b38c1bd7,268,2054,330,5505,1560,948,2377,605,4805,6851,7099,3084,2123,3546
2020-06-26,13759,26608,8,6,7545679614bf1ffc,302,2036,377,5965,1333,797,2367,582,4676,6822,7359,2758,1925,3068
2020-06-27,12277,25060,8,6,0f62bdf0a32143b0,264,1820,289,5239,1238,699,2092,636,4573,6689,6948,2453,1840,2557
2020-06-28,12952,25880,8,6,c0174b497ebd5486,337,2136,297,5285,1299,837,2114,647,4635,7146,7136,2411,1872,2680
2020-06-29,13983,26104,8,6,ae2075e56ecfceaa,272,2422,347,5659,1362,821,2437,663,4575,6965,6988,2700,1856,3020
2020-06-30,13431,28003,8,6,60fed4831039fa89,266,2148,359,5426,1581,821,2272,558,6922,6614,7032,2659,1670,3106
2020-07-01,13200,30239,8,6,9297ee143816a54e,278,2069,338,5032,1742,848,2309,584,4530,7043,11094,2715,1705,3152
2020-07-02,13700,26883,8,6,8744c97f991705b5,415,2052,394,5293,1783,834,2421,508,4791,7006,7362,2720,1852,3152
2020-07-03,13053,26564,8,6,bad2cae7b899bcad,358,2239,299,5101,1607,670,2324,455,4459,7821,7314,2490,1635,2845
2020-07-04,12739,26594,8,6,502911279f37859e,347,2487,265,4854,1596,621,2108,461,4542,8771,7050,2210,1344,2677
2020-07-05,12922,29424,8,6,02589927f619feb4,295,2243,283,5219,1592,650,2145,495,4732,10898,7570,2096,1447,2681
2020-07-06,14256,28166,8,6,3dcd41736871b8b5,355,2350,308,5246,1807,799,2708,683,4796,8180,7702,2651,1609,3228
2020-07-07,14257,27106,8,6,69b72dc03d1cc9fd,379,2341,333,5371,1891,815,2555,572,4359,7172,7398,2753,1767,3657
2020-07-08,14029,26179,8,6,5fd230b611a3282e,398,2346,307,5433,1622,830,2531,562,4216,7022,7225,2866,1623,3227
2020-07-09,13895,25308,8,6,b59b3f0d1af3e6f7,340,2268,335,5230,1439,1010,2711,562,4316,6527,6889,2904,1718,2954
2020-07-10,13014,24343,8,6,4edd7927eaaee77d,323,2130,335,5078,1440,727,2477,504,4115,6411,6727,2501,1711,2878
2020-07-11,12123,26310,8,6,f143182ecfe243e8,293,2132,299,4838,1196,599,2276,490,4212,6532,8264,2480,2053,2769
2020-07-12,12289,25079,8,6,8d258b30af6b9226,317,1983,276,4957,1272,663,2202,619,4163,6672,7497,2371,1533,2843
2020-07-13,14400,25792,8,6,d1b1304473e3e63f,389,2189,322,6032,1455,723,2691,599,4213,6716,7243,2721,1744,3155
2020-07-14,15502,26486,8,6,daef67e2db61e554,341,2344,302,5885,1725,1674,2626,605,4301,6916,7238,2860,1848,3323
2020-07-15,14486,25985,8,6,d0002ed23745ef68,380,2317,362,5305,1588,1336,2636,562,4227,6824,6842,2853,1768,3471
2020-07-16,14427,26192,8,6,133106c577a9faab,379,2443,365,5258,1622,1095,2717,548,4513,7104,7222,2646,1735,2972
2020-07-17,13635,26061,8,6,0054e7f85c624c23,369,2189,289,5039,1574,937,2611,627,4249,6926,7474,2710,1597,3105
2020-07-18,12576,25786,8,6,7a35bff615598d69,296,2033,241,4884,1358,770,2442,552,4199,6946,8230,2266,1427,2718
2020-07-19,13311,28174,8,6,d225bf39508885d3,282,2056,315,5360,1446,845,2425,582,4259,8868,8265,2255,1711,2816
2020-07-20,14177,118872,8,6,1be6193220c71547,355,2213,324,5637,1495,930,2636,587,4533,99367,7221,2702,1878,3171
2020-07-21,13733,31908,8,6,b54df2e84b822edf,301,2308,378,5204,1457,880,2640,565,4933,12077,6877,2816,1914,3291
2020-07-22,14138,26162,8,6,1858d86938540ec8,364,2414,662,5004,1597,774,2812,511,4441,6572,7015,2962,1850,3322
2020-07-23,15514,25485,8,6,11c57f4ed79f2e88,328,2295,549,5462,1588,1421,3303,568,4764,5948,6732,2827,2046,3168
2020-07-24,13657,25667,8,6,3d30f3594ea32f08,287,2126,316,4819,1533,1072,2955,549,4340,5677,8302,2542,1832,2974
2020-07-25,12591,24062,8,6,618d7bab00768f41,279,1876,310,4674,1358,879,2715,500,4370,5714,7123,2389,1744,2722
2020-07-26,13052,26621,8,6,586fdbe81f235059,288,1988,340,5137,1310,942,2567,480,4361,6617,7833,2633,1706,3471
2020-07-27,14342,25606,8,6,7d24cc71f885b124,314,2245,350,5394,1488,1132,2942,477,4580,6176,7131,2721,1921,3077
2020-07-28,13997,25060,8,6,09b2b6fdf39d7652,311,2166,390,5244,1457,926,3029,474,4546,6186,6611,2699,1835,3183
2020-07-29,14219,25264,8,6,8d9ff521d815e364,288,2648,439,5100,1548,837,2882,477,4302,6828,6407,2591,1938,3198
2020-07-30,17595,25670,8,6,b1fe00d1a6565b61,294,2745,333,6831,1514,2250,3086,542,4499,6699,6590,2566,2282,3034
2020-07-31,15171,25372,8,6,922fb548323ad7ab,341,2047,328,6198,1413,1648,2668,528,5072,6223,7815,2031,1516,2715
2020-08-01,12772,23401,8,6,539808e5c9bc13a1,289,1838,250,5281,1153,1018,2443,500,4489,6833,6197,2037,1458,2387
2020-08-02,13141,25657,8,6,9560602cac1d1516,304,1932,271,5531,1262,975,2339,527,4439,7781,6984,2492,1476,2485
2020-08-03,14321,25656,8,6,c069fabc54452c2d,295,2190,342,5789,1399,1167,2602,537,4516,7872,6604,2365,1495,2804
2020-08-04,14399,25094,8,6,d3ab2df0e23ffbfe,301,2153,356,5463,1761,969,2848,548,4460,6706,6336,2608,1777,3207
2020-08-05,14159,24752,8,6,3ca96298b86574e2,291,1976,437,5139,1862,1236,2650,568,4507,6032,6326,2600,1918,3369
2020-08-06,15966,24586,8,6,2507b2795b24c382,361,2008,390,5302,1695,2996,2685,529,4471,6022,6347,2702,1887,3157
2020-08-07,13653,25071,8,6,ca37bcfd1b247b59,349,1942,289,4889,1614,1402,2676,492,4229,7113,6560,2520,1634,3015
2020-08-08,12568,24055,8,6,720a94ff92f19b41,246,2078,305,4714,1356,796,2606,467,4152,7018,6512,2185,1571,2617
2020-08-09,13150,25762,8,6,2709bdd329cae378,329,2042,356,5079,1513,842,2495,494,4425,7145,7326,2246,1878,2742
2020-08-10,14256,29324,8,6,3ea4b2feb78df9d3,327,2104,338,5403,1757,946,2801,580,4614,7727,8119,2847,2833,3184
2020-08-11,14538,27374,8,6,f044add1dfb0995e,302,2100,368,5227,1729,1174,3056,582,4827,7662,6491,2832,2532,3030
2020-08-12,37201,27274,8,6,efa9d79bbf1d1c53,346,2042,439,6305,1628,22714,3071,656,4775,7707,6515,2618,2214,3445
2020-08-13,18366,26508,8,6,a6fa077db71e2e7c,290,1932,380,5590,1869,4817,2887,601,4832,6873,6485,2957,1993,3368
2020-08-14,14673,24690,8,6,236d620147f8611f,294,1958,367,5060,1733,2177,2525,559,4549,6501,6341,2530,1732,3037
2020-08-15,12341,23953,8,6,902df46548636ad7,236,1694,274,4598,1380,1311,2373,475,4555,6401,6947,1901,1613,2536
2020-08-16,13090,26110,8,6,20e487a0ccca5c57,279,1749,330,5127,1459,1245,2434,467,4784,6423,7939,2443,1760,2761
2020-08-17,14199,26671,8,6,688d708bf7901daf,289,1827,363,5379,1570,1451,2755,565,4687,6303,7566,2912,1935,3268
2020-08-18,14528,27145,8,6,39e5b676cd637edf,306,1914,382,5417,1721,1236,2939,613,4635,6464,7469,3073,1976,3528
2020-08-19,14656,29778,8,6,b296600714f1f113,260,2001,400,5329,1982,1113,2998,573,4617,7025,9326,3285,2067,3458
2020-08-20,13906,27683,8,6,22b0d805b4916283,287,1949,330,5125,1648,1015,3023,529,4717,6803,7595,3062,1983,3523
2020-08-21,13290,26738,8,6,3f5409ef8a33afc8,245,1800,305,5095,1442,919,2840,644,5115,6274,7481,2850,1863,3155
2020-08-22,11936,26504,8,6,1814347fb4ed5994,233,1678,281,4818,1410,707,2246,563,5270,6678,7995,2264,1611,2686
2020-08-23,12708,28514,8,6,00f742c32cda3ff8,209,1866,329,5187,1356,757,2412,592,5349,7468,8681,2385,1831,2800
2020-08-24,14493,30550,8,6,a0f2df09c8bddfac,266,2055,348,5378,1795,1079,2927,645,5465,7723,8511,3112,2140,3599
2020-08-25,14424,32440,8,6,061367c461ec0d39,261,1963,383,5357,1806,927,3115,612,5824,7719,9322,3549,2261,3765
2020-08-26,14547,31065,8,6,fd4412925bedca01,218,2155,348,5480,1804,985,2967,590,6156,7227,7285,4331,2313,3753
2020-08-27,16041,31477,8,6,b61b6a96bbfa3977,255,2812,375,5537,2492,954,2966,650,7077,7409,7316,3912,2139,3624
2020-08-28,14152,31340,8,6,cb0f02022b92f5dd,243,2429,354,4913,1875,806,2926,606,7108,7469,7601,3740,1962,3460
2020-08-29,12150,28193,8,6,69f5b72ffad4d031,243,1883,259,4582,1521,643,2490,529,6586,7267,6906,2941,1705,2788
2020-08-30,12314,28668,8,6,675634e0c4ce2b6a,233,1848,306,4766,1375,805,2436,545,6540,7535,7422,2595,1690,2886
2020-08-31,14974,31899,8,6,2253856cc29c81cc,259,2076,393,5695,1662,1192,2977,720,7143,7938,7781,3325,2176,3536
2020-09-01,14969,32125,8,6,9ce9a6ba3e620f41,262,1967,398,5344,1727,1389,3035,847,6975,8289,7187,3606,2310,3758
2020-09-02,18359,36283,8,6,51fccf5c029b2b3b,312,2203,440,5903,1713,3822,3163,803,7345,9870,8889,3873,2380,3926
2020-09-03,17042,33966,8,6,641e41f401c683e3,257,2018,412,6276,1646,1634,3572,1227,7171,8431,8186,4072,2280,3826
2020-09-04,15573,31538,8,6,39fee7846c3323f9,272,1904,393,5553,1507,1071,3649,1224,7097,7772,7457,3629,2081,3502
2020-09-05,12376,28149,8,6,2dabba4269af6405,223,1621,338,4756,1258,847,2702,631,6415,8048,6882,2425,1600,2779
2020-09-06,13033,30788,8,6,0e7e9db463837233,250,1692,329,5216,1335,921,2688,602,6900,8480,7592,2951,1744,3121
2020-09-07,14373,33107,8,6,787bb50df02cd5ae,299,1852,410,5445,1662,1122,2965,618,7529,8074,7531,3808,2317,3848
2020-09-08,15608,33900,8,6,5c849ce69fe84f08,283,1931,416,6202,1702,1055,3135,884,7398,7586,8097,4082,2498,4239
2020-09-09,15879,33611,8,6,5c108daee3a35a40,274,2338,388,6191,1772,961,3199,756,7506,7406,7265,4430,2566,4438
2020-09-10,15348,33429,8,6,2777f4275bccc958,294,2160,437,6136,1713,834,3116,658,7738,7255,7176,4433,2420,4407
2020-09-11,14413,32128,8,6,94bd33d5a66cd86e,251,2024,395,5592,1527,923,2996,705,7271,7076,7488,3961,2265,4067
2020-09-12,11699,28004,8,6,6e5fd1a79bf3c09b,202,1565,316,4801,1252,607,2405,551,6656,6524,7104,2757,1778,3185
2020-09-13,13023,30039,8,6,270ccac27bf0e793,292,1579,322,5575,1486,638,2503,628,6857,7076,7760,2951,1994,3401
2020-09-14,15898,34804,8,6,11f1d68771e4a2a0,606,1846,444,6770,1853,819,2926,634,7527,7991,7957,4466,2487,4376
2020-09-15,15386,35523,8,6,3bef626964ad82fe,311,2086,367,6588,1790,881,2770,593,7755,8019,8195,4464,2781,4309
2020-09-16,16466,35022,8,6,1af739095f25893e,325,2897,394,6128,2258,1072,2811,581,7988,7434,7659,4649,2900,4392
2020-09-17,16354,34528,8,6,bb616ae9482f43ee,262,2653,372,6086,1988,1605,2770,618,7944,7354,7586,4633,2703,4308
2020-09-18,13845,33384,8,6,d7363440fb848004,288,1938,349,5429,1637,969,2641,594,7704,7221,7792,4139,2575,3953
2020-09-19,12014,28472,8,6,7bd176ddc49fcfa0,200,1745,239,4717,1452,658,2459,544,6818,6957,6470,2948,2053,3226
2020-09-20,12168,29601,8,6,4303a56cb34d9176,324,1670,280,5094,1342,714,2206,538,6806,6939,7541,3050,2035,3230
2020-09-21,16002,35730,8,6,72c512fc67b9671a,296,2064,335,6363,1784,852,3395,913,7942,7414,8364,4826,2885,4299
2020-09-22,15643,36697,8,6,8da13fd255fb0f82,412,2107,350,6523,1706,1015,2872,658,8311,7611,8461,4854,3002,4458
2020-09-23,14781,36112,8,6,9300deb9416d0e65,327,1933,405,6042,1704,1018,2695,657,8167,7803,7871,4876,2872,4523
2020-09-24,14602,38590,8,6,25665cd940800d27,265,1965,355,5942,1714,911,2732,718,8110,7837,10541,4649,2849,4604
2020-09-25,13083,33508,8,6,61e8e0df275d4cdf,270,1737,339,5539,1455,815,2424,504,7410,7622,7364,4178,2670,4264
2020-09-26,11482,28743,8,6,90b7c82c38589476,269,1562,282,5041,1268,592,2027,441,6693,7035,6827,2893,1999,3296
2020-09-27,12183,30008,8,6,fd454a35ea728804,294,1608,324,5437,1438,560,2039,483,6687,7632,7252,2999,2124,3314
2020-09-28,14622,44076,8,6,9081e382e367592b,328,2034,410,6347,1504,911,2509,579,7598,17240,7688,4595,2775,4180
2020-09-29,14706,38706,8,6,fc9ec1ac94865741,301,1969,418,6412,1729,769,2501,607,7563,11461,7808,4771,2891,4212
2020-09-30,15258,35595,8,6,adfcd93bbb09fbc9,248,2029,346,6740,1879,964,2476,576,7429,8698,7457,4952,3023,4036
2020-10-01,14322,35604,8,6,36619b932e12f2da,272,1920,363,6617,1486,837,2275,552,7500,9291,7024,4676,2837,4276
2020-10-02,13709,33375,8,6,b1dce46de82964c3,250,1951,311,5941,1380,641,2617,618,6940,8883,7039,3939,2562,4012
2020-10-03,11239,30004,8,6,1c4d43215e52f1bf,259,1470,290,5073,1142,500,2046,459,6321,8127,6789,2978,2324,3465
2020-10-04,11833,31688,8,6,d65d386f001a4f66,296,1489,327,5435,1216,621,1952,497,6667,7695,7845,3245,2385,3851
2020-10-05,14815,38112,8,6,d2d30b270065eef0,287,2084,332,6465,1617,760,2651,619,7487,7847,9221,5016,3446,5095
2020-10-06,15839,39517,8,6,eb6f77ff9f7aef8f,322,2067,405,6973,1698,923,2812,639,7606,8418,8826,5430,3642,5595
2020-10-07,16782,41529,8,6,5cdb7e07b7f0e717,297,2505,412,6916,1934,994,3006,718,7495,8407,10069,5774,3865,5919
2020-10-08,15836,40073,8,6,f7521cf1fbd7ce80,258,2236,384,6925,1867,979,2595,592,7557,8352,8999,5544,4031,5590
2020-10-09,15307,36363,8,6,08ccd9bc67c988b2,279,2100,392,6337,1812,917,2759,711,7144,7585,8135,4677,3080,5742
2020-10-10,12748,33286,8,6,f1b8d4d3f5a0ceaf,253,1766,389,5148,1472,678,2329,713,6989,6849,9123,3315,2551,4459
2020-10-11,13781,33027,8,6,73c46748b1afefd4,247,1821,360,5851,1395,724,2451,932,7181,6972,8509,3500,2633,4232
2020-10-12,16011,43934,8,6,50f26f28d041303d,325,2110,402,6619,1948,838,2943,826,7554,7491,15210,4937,3612,5130
2020-10-13,16646,39356,8,6,002c4840246bc61b,289,2144,382,7026,2010,874,3125,796,7600,7695,9572,5428,3649,5412
2020-10-14,17239,39386,8,6,6e473f7b516d30ff,301,2126,423,6608,1805,819,4394,763,7453,7746,8871,5738,4223,5355
2020-10-15,17048,38628,8,6,d2e176f19bf2a2ff,335,2167,469,6747,2010,788,3645,887,7386,7598,8742,5854,4076,4972
2020-10-16,14725,34589,8,6,5a9796603ceb87e8,259,1895,335,6177,1592,783,2953,731,7432,7411,7989,4653,3076,4028
2020-10-17,12811,30202,8,6,7e92105822a8e778,222,1636,316,4976,1277,651,2963,770,6616,7113,7594,3107,2287,3485
2020-10-18,13996,33256,8,6,b98e716f03d27e24,254,1812,364,5856,1652,635,2587,836,6816,7425,9522,3515,2570,3408
2020-10-19,17037,37854,8,6,d84b23cfc2f4e11d,365,2141,428,7140,1943,834,3172,1014,7571,8370,8675,5438,3414,4386
2020-10-20,17155,37149,8,6,70446d0ac17d8f95,335,2147,388,6875,1970,848,3527,1065,7326,8342,8066,5516,3376,4523
2020-10-21,17066,38082,8,6,b616aa70b17bfe6f,366,2052,572,6554,2068,803,3528,1123,7586,9043,7796,5612,3386,4659
2020-10-22,16797,37931,8,6,9c11276712568d1c,483,2035,447,6438,1956,1009,3566,863,7324,9518,7968,5190,3297,4634
2020-10-23,15258,33257,8,6,3bea38246c668675,325,1851,471,6335,1663,755,3013,845,6679,8812,6843,4413,2633,3877
2020-10-24,13769,28763,8,6,0200fba36991fbd2,275,1516,342,5225,1519,610,2942,1340,6468,7825,6498,2906,1960,3106
2020-10-25,14077,29502,8,6,629ef9076f906600,335,1626,364,5783,1455,682,2862,970,6625,7609,6875,3111,2122,3160
2020-10-26,17832,39555,8,6,ed6f4e5d3a88719d,362,1967,402,7292,1830,773,4110,1096,7355,12453,7369,4920,2844,4614
2020-10-27,17767,41589,8,6,fa0ab5b976603383,332,2069,434,7086,2064,836,3977,969,7868,12781,7742,5378,3134,4686
2020-10-28,18075,37432,8,6,77625d7f103e4a9f,325,2008,425,6713,2226,847,4170,1361,7209,9908,7164,5360,2888,4903
2020-10-29,18865,36276,8,6,9d05302e01d73217,312,1987,476,7436,2219,821,4443,1171,7268,9472,6971,5306,2708,4551
2020-10-30,16370,33490,8,6,4240ec0178cb6505,341,1934,416,6061,1698,784,4088,1048,6984,9605,6389,4220,2442,3850
2020-10-31,13520,30710,8,6,126b748d377ece21,255,1560,317,5015,1533,552,3341,947,6175,10211,6544,2674,2028,3078
2020-11-01,14153,31414,8,6,592b453c17a13b24,257,1661,358,5365,1655,654,3269,934,6181,9283,7478,2931,2236,3305
2020-11-02,19466,36413,8,6,c198d6216c29a946,336,2137,447,8666,1889,924,4135,932,7689,8912,8039,4880,2636,4257
2020-11-03,18187,34106,8,6,58130316605f14fc,352,2228,495,7214,2153,810,4107,828,7218,8152,7220,4710,2648,4158
2020-11-04,17589,34048,8,6,51f0db37db76a618,266,2295,412,6692,1936,815,4425,748,6841,8718,6629,4970,2747,4143
2020-11-05,18851,33931,8,6,b3d68ec48640389f,305,2692,401,7134,2154,1195,4114,856,6876,7956,6783,5194,2926,4196
2020-11-06,17288,31857,8,6,7a9fef9778ae348b,338,2426,379,6622,1749,940,4013,821,6716,7625,6343,4870,2388,3915
2020-11-07,15093,27395,8,6,c96a23b65d19e8b1,260,2060,403,5654,1420,818,3701,777,6030,6995,5967,3243,2023,3137
2020-11-08,16202,29616,8,6,b9a04d96aa692e23,280,2401,378,6618,1616,832,3286,791,6429,7570,6274,3610,2212,3521
2020-11-09,20171,36167,8,6,c5dc0252a19dff75,360,2922,427,7760,2076,891,4909,826,7280,8392,7900,5348,2812,4435
2020-11-10,18103,36190,8,6,837ac58f216e9ba8,388,2432,485,6660,2002,881,4495,760,7610,7963,7486,5652,2950,4529
2020-11-11,16975,33722,8,6,776b07d49247cff4,328,2465,402,6082,2063,786,4087,762,7259,7522,7013,4880,2736,4312
2020-11-12,18742,34143,8,6,d7c8d1bb1c42adec,344,2700,473,6594,1925,2106,3791,809,7223,7850,7416,4798,2684,4172
2020-11-13,16607,30707,8,6,020f72cb1dbbcdcc,361,2701,354,6072,1680,1159,3565,715,6745,7368,6944,3798,2270,3582
2020-11-14,13036,27778,8,6,9ece835705551df8,397,2010,354,4922,1206,677,2803,667,6307,8742,6092,2326,1686,2625
2020-11-15,14143,29013,8,6,0471d78578e936e3,304,1864,386,5469,1502,753,3124,741,6562,7334,7034,2917,1939,3227
2020-11-16,17463,34033,8,6,c7f23ae253f0c485,383,2597,381,6479,1913,943,3970,797,7058,8417,7186,4526,2783,4063
2020-11-17,19042,35252,8,6,f8d2255166114343,386,3687,474,6561,1996,961,4220,757,7180,8628,7382,4946,2686,4430
2020-11-18,19035,35024,8,6,fd9e240667eb3433,535,3864,478,6615,1853,807,4143,740,7158,8807,7116,4875,2854,4214
2020-11-19,18049,35539,8,6,d46061ebb195329b,575,2701,421,6437,2082,914,4160,759,7360,8435,7395,4951,3005,4393
2020-11-20,16270,32548,8,6,ae21c1936891fe8c,372,3108,361,5530,1781,713,3715,690,6842,7771,7251,4322,2608,3754
2020-11-21,14938,29112,8,6,3c9cd2886a322d3f,355,2169,409,4957,1544,1095,3739,670,6275,7125,7349,3124,1989,3250
2020-11-22,15740,29846,8,6,e9a39d02e9895750,380,2096,371,5552,1563,1276,3733,769,6631,6599,7693,3458,2177,3288
2020-11-23,19633,35013,8,6,dc376119b4f0327c,408,3800,415,6293,2078,1464,4309,866,7195,8238,7781,4825,2882,4092
2020-11-24,20636,35050,8,6,7745775ac3183b4a,413,5219,503,5935,2033,1134,4429,970,7206,8569,7277,5021,2674,4303
2020-11-25,18319,33213,8,6,74a7ce9de5dc9f2c,377,3256,447,5961,1915,1082,4326,955,7043,8326,7163,4354,2416,3911
2020-11-26,16368,33294,8,6,95d6b186a6f6f94b,368,2204,438,5694,1900,964,3935,865,7163,8302,6988,4011,2494,4336
2020-11-27,15738,30738,8,6,9a6513d20a3b268b,402,2217,400,5178,1715,1255,3785,786,6751,7747,7473,3238,2140,3389
2020-11-28,15438,30340,8,6,b05541e09144bb42,434,2014,378,4952,1449,1746,3571,894,6638,8254,7344,2952,2160,2992
2020-11-29,14853,32283,8,6,8a54b75911608d05,438,1938,356,5338,1493,913,3571,806,6843,8940,7588,3054,2033,3825
2020-11-30,18373,36628,8,6,d00321c0b4436cbc,415,2848,470,6465,1817,1125,4313,920,7440,9835,8201,4369,2784,3999
2020-12-01,18082,36800,8,6,c989760437b3daa6,462,3079,426,6399,1891,975,4004,846,7745,9342,7834,4956,2755,4168
2020-12-02,17950,36548,8,6,003c93fc8a0b6460,520,2908,447,6261,1897,1087,4119,711,7409,8917,7763,5281,2758,4420
2020-12-03,17586,37680,8,6,b554fd11c0a4e5e4,468,2507,445,6095,1975,1022,4277,797,7520,8830,9025,5033,2774,4498
2020-12-04,16698,34200,8,6,2f80f33a2784147e,415,2400,396,5975,2126,809,3826,751,7332,8522,7378,4312,2606,4050
2020-12-05,14097,28532,8,6,78781d33a95bfaf6,505,1791,551,4914,1485,660,3498,693,6744,6331,7507,2850,1894,3206
2020-12-06,14653,28814,8,6,ca32cb4bb42b82e8,496,1877,383,5308,1662,661,3474,792,6579,5796,7835,3123,2193,3288
2020-12-07,18324,33370,8,6,53f0eb265f16ce8a,587,2286,449,6801,2158,915,4307,821,6910,6082,9193,4559,2540,4086
2020-12-08,17492,59053,8,6,bd4e36e2c7d1bdfc,507,2162,461,6437,2366,783,3991,785,7169,6249,33859,4808,2680,4288
2020-12-09,17950,52435,8,6,2d30dfabc3f763ff,494,2465,488,6391,2210,933,4012,957,7667,7925,24636,5283,2785,4139
2020-12-10,17311,46707,8,6,f946b4135c4fee27,479,2106,444,6321,2151,796,4074,940,6934,7681,20208,5093,2648,4143
2020-12-11,16114,40580,8,6,944cfbc3ba679a42,437,1893,409,5918,1946,729,3844,938,6493,7592,16109,4413,2202,3771
2020-12-12,15723,31396,8,6,a72d336b8d73268f,1086,1615,369,6179,1734,639,3413,688,5670,7185,10841,2889,1680,3131
2020-12-13,14861,31047,8,6,27a428546efeffe1,738,1726,389,5577,1688,660,3398,685,5847,7173,10273,2908,1805,3041
2020-12-14,17356,35922,8,6,1efe835bac176e45,640,2130,453,6540,2117,717,4016,743,6351,8285,9921,4530,2555,4280
2020-12-15,16944,34727,8,6,c09b11f3a7e804f7,540,2064,444,5917,2064,704,4468,743,6151,8046,8925,4901,2483,4221
2020-12-16,17709,33294,8,6,6a4a56b350912740,677,2507,402,6277,2226,828,4024,768,5914,8075,8070,4664,2523,4048
2020-12-17,17647,33259,8,6,79e0b9c9b78270d8,615,2258,457,6999,2089,713,3772,744,5848,8712,8019,4388,2296,3996
2020-12-18,15690,32346,8,6,2cc3aebe0524a7ce,607,2023,331,5920,1942,599,3540,728,6895,7827,8016,3694,2532,3382
2020-12-19,14149,28279,8,6,2112461df12f3062,683,1910,293,5513,1465,457,3206,622,6494,7731,7355,2235,1658,2806
2020-12-20,14350,32126,8,6,c614eb184c57f12f,881,2367,315,5205,1481,567,2883,651,6770,8025,10395,2401,1653,2882
2020-12-21,15562,34674,8,6,73256a261c8788dd,771,2098,343,5375,1880,488,3695,912,6588,10154,8869,2826,2782,3455
2020-12-22,15128,33097,8,6,dde5bd78b44f3d0f,784,1967,340,5450,1835,521,3449,782,6211,10857,7812,2497,2387,3333
2020-12-23,14845,28106,8,6,0c733d91d60579ae,856,2158,286,5027,1997,479,3412,630,5402,8390,7101,2174,2031,3008
2020-12-24,14603,26991,8,6,33b9b2ba49a58d11,2232,1716,250,4427,1783,421,3122,652,5996,7849,7028,1827,1634,2657
2020-12-25,18975,24397,8,6,f853fca1951e9d46,6667,1492,272,5730,1219,318,2727,550,5287,7127,7059,1388,1316,2220
2020-12-26,15821,27306,8,6,9fef34a23cb02b9e,2850,1660,281,5464,1605,389,2942,630,5664,7853,7909,1614,1674,2592
2020-12-27,14789,30438,8,6,67afd3fa6dc0570e,855,2301,263,5269,1591,463,3094,953,5957,8590,9106,1997,1976,2812
2020-12-28,15156,30708,8,6,04498dc734db4bc8,540,1762,378,5176,2112,589,3677,922,5845,8691,8880,2098,2023,3171
2020-12-29,15898,33237,8,6,22d14dad5153420c,506,1895,344,6336,2050,455,3659,653,6914,10467,8485,2159,1996,3216
2020-12-30,14660,32509,8,6,2dadae0ffcaa83ba,405,1962,340,5356,2006,573,3333,685,6840,10089,8355,2091,1987,3147
2020-12-31,13486,28849,8,6,d64c9edc663583c5,370,1682,250,5253,1718,410,3142,661,6257,8230,7972,1842,1859,2689
2021-01-01,13140,29693,8,6,4509c9be426ee8c3,385,1582,216,5411,1499,405,2989,653,6137,7981,10039,1491,1552,2493
2021-01-02,14832,32130,8,6,9469247a0aca6c93,393,1843,329,5335,2058,540,3610,724,6986,8493,9704,1852,2018,3077
2021-01-03,15292,33278,8,6,f104b0d7cffd6722,359,1941,312,5555,2196,538,3618,773,7106,8392,9776,2425,2284,3295
2021-01-04,17197,34352,8,6,9a0c8376a3bd069a,457,1932,362,6106,2582,635,4285,838,7152,8184,9198,3413,2563,3842
2021-01-05,17608,35533,8,6,73ccc0bcffbb083d,394,1974,427,6311,2513,624,4576,789,7486,8367,9078,3734,2802,4066
2021-01-06,18639,36378,8,6,9616aafad40e4e9c,319,2140,399,6998,2614,698,4566,905,7319,7981,9946,3617,2805,4710
2021-01-07,18622,36089,8,6,acf27c6daf41ffdd,353,2323,354,6469,2606,834,4691,992,7118,7939,10127,3847,2653,4405
2021-01-08,17679,36149,8,6,ecf273600d1644dd,344,2293,390,6219,2471,642,4351,969,7637,7828,9286,3803,3163,4432
2021-01-09,15243,32400,8,6,b3e6e8d8192f3890,338,2068,323,5192,2086,515,3917,804,7117,7492,9308,2458,2220,3805
2021-01-10,15645,33203,8,6,0b9d6c63e5cbf306,314,2286,378,5440,2186,568,3540,933,7700,7612,9662,2525,2312,3392
2021-01-11,18909,37635,8,6,bf452b3dc123a43f,487,2591,354,6822,2558,733,4302,1062,8004,8401,9862,3945,2907,4516
2021-01-12,19564,40090,8,6,38869b6f699f0108,857,2534,404,7109,2784,706,4220,950,8560,8507,11001,4233,2984,4805
2021-01-13,18148,39392,8,6,ac6e3975eef9e6f3,457,2688,413,6366,2695,651,4004,874,7935,8375,11931,3715,3035,4401
2021-01-14,17877,38560,8,6,d54ebf248bfff202,445,2709,427,6539,2498,678,3704,877,8584,8011,11034,3718,2995,4218
2021-01-15,17342,34884,8,6,562f2fe724534bec,335,2467,339,6297,2493,635,3844,932,8165,7347,9134,3506,2623,4109
2021-01-16,14532,34354,8,6,20b9739b64688fd6,336,2053,279,5180,1975,405,3518,786,6995,5888,13433,2452,2163,3423
2021-01-17,14724,35669,8,6,d1ff4c15c69ece4c,289,1988,338,5749,1940,449,3177,794,7215,6186,13736,2507,2469,3556
2021-01-18,17176,35441,8,6,5e944089be988253,324,2107,432,6422,2556,638,3839,858,7477,6412,10946,3301,2704,4601
2021-01-19,17913,37237,8,6,0b4f76b9296f5587,349,2660,373,6790,2515,560,3811,855,7880,6856,10449,4133,3007,4912
2021-01-20,18848,35484,8,6,79d7bc008f4f7fb8,423,2671,355,7092,2767,553,4042,945,7775,6676,8829,4149,3063,4992
2021-01-21,19246,35944,8,6,a43f1a8ad21a508e,326,2855,384,6850,2683,607,4440,1101,7931,6992,8284,4601,3061,5075
2021-01-22,18364,35036,8,6,30ab1ec6ee75e9f4,323,2810,353,6697,2493,604,4096,988,7607,6846,8464,4496,2729,4894
2021-01-23,15772,31897,8,6,32e4eee6279f8d7e,271,2503,405,5329,2201,498,3503,1062,7017,6262,9516,3137,2253,3712
2021-01-24,15610,33403,8,6,9e73711098537918,315,2280,330,5541,2260,472,3225,1187,7560,7227,9350,3092,2396,3778
2021-01-25,18894,37357,8,6,74547132b3ed3b6f,312,2669,387,6535,2818,644,4235,1294,8043,7318,9963,4127,2922,4984
2021-01-26,19591,36280,8,6,e850a1935b557b6c,364,3359,363,6917,2712,665,4059,1152,7615,6971,9726,3984,3257,4727
2021-01-27,23688,36451,8,6,6b797338dea5c64d,432,3347,486,7471,2678,739,6499,2036,7523,7478,8936,4276,3238,5000
2021-01-28,33059,37370,8,6,14b26b9e5533684d,746,3161,819,8446,2495,1094,12409,3889,7886,8219,8685,4452,3066,5062
2021-01-29,34002,35250,8,6,0c9f5bcfffd9950f,792,2859,598,8666,2381,1123,13268,4315,7679,8058,8274,3680,2734,4825
2021-01-30,23232,30705,8,6,f30622929ce676c0,713,2381,500,6304,1962,679,8226,2467,7143,7050,7882,2575,2254,3801
2021-01-31,20796,32610,8,6,418bb469ba724b1e,663,2331,499,6313,2082,614,6273,2021,7358,7222,8952,2638,2509,3931
2021-02-01,23339,36568,8,6,743de902ae9e1cdb,671,2513,414,7358,2725,680,7084,1894,7768,7389,9488,4032,2928,4963
2021-02-02,21723,36453,8,6,ad21b1343c088df8,487,2364,500,7079,2731,673,6433,1456,8156,7323,8805,4310,2863,4996
2021-02-03,20750,36948,8,6,cdf976f747ac6eba,406,2438,426,7126,2589,671,5764,1330,8198,7788,8680,4225,2833,5224
2021-02-04,20491,37479,8,6,eb9bc48403a35646,476,2262,394,7158,2781,644,5583,1193,8207,8519,8085,4356,2807,5505
2021-02-05,18781,34070,8,6,704656d33d058908,399,2140,374,6294,2979,633,4862,1100,7573,7177,8350,3641,2700,4629
2021-02-06,15880,30717,8,6,d56487c88162e1e3,352,1932,373,5239,2408,455,4188,933,6957,6139,9262,2582,1905,3872
2021-02-07,16318,34522,8,6,b1bba8d713cf62c9,311,1851,356,5805,2664,513,3756,1062,7279,6226,11954,2841,2308,3914
2021-02-08,19316,41895,8,6,e825263610021446,384,2190,347,6840,3181,611,4624,1139,7845,7532,13677,4420,3295,5126
2021-02-09,20187,41895,8,6,8b747bd16e0bb102,419,2263,392,7021,3032,692,5087,1281,8036,9212,11768,4764,2905,5210
2021-02-10,19947,38438,8,6,8f71914979745ced,452,2323,333,7146,2884,680,4803,1326,8108,7291,10468,4585,2681,5305
2021-02-11,20344,42553,8,6,bb17f33b52d05f49,425,2207,330,7951,2773,676,4756,1226,11840,7162,11123,4561,2858,5009
2021-02-12,18458,35243,8,6,bf0f6d8eb2ef1dbf,337,2090,331,7102,2519,625,4293,1161,7711,7073,9553,3822,2355,4729
2021-02-13,15213,32394,8,6,44def3c9089d30cf,294,1657,295,5621,2363,482,3518,983,7510,6143,10361,2728,1864,3788
2021-02-14,15411,34588,8,6,bec25dfd8711229b,362,1664,274,6505,2087,515,3075,929,7152,6143,9555,5733,2160,3845
2021-02-15,17826,34843,8,6,922c00ebfa14672d,403,1893,404,6717,2644,603,4138,1024,7675,6495,9481,4121,2361,4710
2021-02-16,17968,37229,8,6,41d5a3894f2162f6,407,1933,407,6728,2763,609,4139,982,8130,6459,10014,4573,2805,5248
2021-02-17,19074,47370,8,6,7ea77899e6926ef3,374,1998,382,6906,3394,601,4395,1024,8042,6550,19543,4729,3396,5110
2021-02-18,18799,39118,8,6,08f666484a69e71a,381,2019,387,6656,3118,714,4371,1153,8148,7507,10346,4764,3145,5208
2021-02-19,17242,37321,8,6,b3b7cc326660668c,353,1891,314,6263,2926,664,3896,935,7661,8305,9372,4414,2927,4642
2021-02-20,15272,33801,8,6,4b5301b58f882d0d,312,1716,295,5436,2602,525,3492,894,7493,7228,9459,3438,2411,3772
2021-02-21,15714,36407,8,6,862b6a1ffddda1f0,341,1720,324,5993,2660,578,3202,896,7851,7427,9716,4162,2913,4338
2021-02-22,20051,40154,8,6,bcdc800fafea8b16,354,1972,455,7528,3676,703,4130,1233,8213,8016,9668,5575,3429,5253
2021-02-23,24314,42948,8,6,a3da7efec277f019,371,2938,447,7417,3912,1820,5033,2376,8824,8532,10517,5913,3708,5454
2021-02-24,23261,41092,8,6,b524be3558274b05,402,3973,458,7395,3867,980,4873,1313,8243,8776,9000,5829,3843,5401
2021-02-25,22675,39915,8,6,4f9bda0902a38775,375,3622,431,7733,3577,809,4557,1571,7851,9111,8601,5566,3529,5257
2021-02-26,21660,39074,8,6,37c1b860e871f880,679,2557,424,6919,3803,831,4541,1906,7370,9819,8251,5244,3481,4909
2021-02-27,16541,34298,8,6,4fe295d7b75a40be,274,2148,319,5288,3014,715,3743,1040,6675,9675,7880,3577,2490,4001
2021-02-28,16732,36664,8,6,2cdee3bef720b490,335,1980,361,6171,3044,612,3210,1019,7202,9225,8855,4141,3032,4209
2021-03-01,19849,39744,8,6,394f04519238fd6b,377,2441,378,7388,3678,772,3912,903,7619,8633,8742,5443,3810,5497
2021-03-02,20072,41768,8,6,ef57dc2a79c9a923,407,2367,494,7509,3567,795,4020,913,7943,8145,10127,5629,3947,5977
2021-03-03,20032,39573,8,6,78737e5d1ce9c881,399,2248,402,7425,3483,834,4016,1225,7361,8365,8920,5436,3857,5634
2021-03-04,22747,39918,8,6,2ee6d029e0af2ddf,388,3377,377,7558,4061,745,4218,2023,8005,7646,8771,5676,3739,6081
2021-03-05,21759,36023,8,6,158bf89e567ee03f,331,2880,383,6694,4656,798,4165,1852,7423,7312,8270,4557,3184,5277
2021-03-06,15860,31726,8,6,60241b1e20ca1bd3,301,2031,285,5265,3318,551,3150,959,6821,6562,8329,3117,2384,4513
2021-03-07,16413,33120,8,6,d0be63b67262df33,345,2069,370,5908,3031,573,3191,926,6763,6663,8981,3490,2635,4588
2021-03-08,22193,36169,8,6,baebcf0319bba16c,389,2413,449,9609,3812,721,3755,1045,7379,7110,8306,4634,3389,5351
2021-03-09,19898,38642,8,6,d582bfa624f44cf0,346,2261,431,7283,3922,727,4019,909,7195,7115,10422,4973,3200,5737
2021-03-10,20549,37190,8,6,b2f066bad6e385dc,334,2316,392,7177,4779,730,3908,913,7433,7114,9277,4950,3028,5388
2021-03-11,19088,35310,8,6,50bc98d2452a3c14,379,2251,361,6898,3832,707,3749,911,7292,7095,8185,4635,2789,5314
2021-03-12,16791,33353,8,6,06eddd3f6da7f5b0,423,2099,303,6424,2581,544,3528,889,7086,6672,7979,3761,2535,5320
2021-03-13,14140,29094,8,6,9213a87d22e9eba0,268,1789,314,4995,2215,495,3339,725,6375,6101,7728,2860,2056,3974
2021-03-14,15849,30870,8,6,f6de285a5e8d5737,310,1853,347,6375,2470,454,3319,721,6567,6348,8218,3278,2374,4085
2021-03-15,18420,35457,8,6,e581a24d94297f0c,366,2197,323,7115,2746,600,4256,817,7688,6978,8233,4182,3020,5356
2021-03-16,18482,37113,8,6,f0aeb419c5b9abff,346,2471,672,6774,2730,591,4069,829,7593,7199,9650,4155,3192,5324
2021-03-17,19522,36457,8,6,7431852320f17fbd,347,3670,551,6729,2739,542,4032,912,8116,6748,9072,3839,3299,5383
2021-03-18,18199,36567,8,6,10e356bc8207a3e1,388,2851,359,6540,2733,590,3902,836,8179,6819,8545,3860,3805,5359
2021-03-19,16343,33894,8,6,f024a3ed4c6f0afd,343,2207,305,6023,2305,577,3800,783,7317,6548,9045,3376,2755,4853
2021-03-20,13079,31208,8,6,85baf49258249b30,316,1882,311,4628,1897,422,3039,584,6864,6395,7624,2514,3825,3986
2021-03-21,13982,32811,8,6,52b54866972d19a5,290,1850,312,5376,2064,481,2936,673,7415,6690,8030,2784,3355,4537
2021-03-22,17435,38805,8,6,83034365ce3e9b7e,383,2498,389,6673,2506,595,3595,796,8030,7141,7918,4018,4836,6862
2021-03-23,16942,37804,8,6,b106b7d45e5c5828,328,2513,366,6164,2503,594,3614,860,8118,7189,7916,4170,4601,5810
2021-03-24,16789,38274,8,6,8d1251e19c2e8ebb,336,2127,401,6374,2428,498,3628,997,8343,6880,8824,4018,4642,5567
2021-03-25,16911,37099,8,6,5df08234e6efb0aa,355,2132,398,6557,2325,548,3620,976,8492,6894,8095,4005,4260,5353
2021-03-26,14495,34146,8,6,84fef7c1664c6e08,322,1945,340,5564,1964,455,3214,691,8275,6948,6951,3347,3648,4977
2021-03-27,11885,30146,8,6,23bb504c53ac03f1,251,1469,244,4545,1734,361,2697,584,7123,7319,6774,2276,2868,3786
2021-03-28,12571,31915,8,6,cb6e07a7e109fddd,280,1626,289,5013,1633,439,2698,593,7555,8139,7186,2515,2711,3809
2021-03-29,15352,36532,8,6,b2fe8a8f9546edac,316,1938,355,6293,2036,539,3084,791,8083,8523,8403,3370,3454,4699
2021-03-30,15567,33911,8,6,c0778a4bdd8c8bb7,348,1932,459,6034,2433,561,3084,716,7721,7400,7234,3473,3298,4785
2021-03-31,15414,32691,8,6,cb7f3d8e9dadea38,382,1871,358,5832,2542,513,3222,694,7734,6604,7621,3315,2901,4516
2021-04-01,14690,30817,8,6,ab9431ae005ca7d7,311,1941,347,5494,2261,425,3276,635,7551,6352,7390,2853,2463,4208
2021-04-02,12785,30085,8,6,1a549d93dc869251,293,1587,276,4575,1930,402,3107,615,7340,5677,8609,2448,2257,3754
2021-04-03,11913,29724,8,6,ac4d92b08adb3675,250,1505,335,4437,1820,346,2664,556,7172,5459,9460,2191,2036,3406
2021-04-04,12209,32638,8,6,d09fb264cbd177d2,284,1452,310,4550,1972,396,2661,584,7470,5675,11093,2580,2128,3692
2021-04-05,15523,37916,8,6,2deb308cc565cec6,309,2012,358,6064,2270,502,3247,761,8126,6385,12753,3240,2738,4674
2021-04-06,15902,37315,8,6,c5a1c2d37127d35e,453,1946,386,6151,2403,555,3272,736,7937,6215,11815,3427,2971,4950
2021-04-07,16131,36823,8,6,64db09e0a8c115ee,521,2081,370,6282,2493,537,3121,726,8431,6324,10683,3806,2687,4892
2021-04-08,16245,35169,8,6,3f9d71fe27a1d9b9,371,1991,356,6267,2789,465,3305,701,8159,5964,10183,3638,2577,4648
2021-04-09,15304,35104,8,6,167a47199dc0df46,345,1815,344,5597,2475,401,3637,690,7610,5876,10033,3366,3866,4353
2021-04-10,13129,33622,8,6,a9b5bebfb91a0861,243,1427,295,4750,2043,417,3323,631,7100,5583,11012,2565,3971,3391
2021-04-11,14955,35048,8,6,c846476ea57cb03c,289,2081,314,5411,2469,453,3272,666,7574,5740,11610,2698,3863,3563
2021-04-12,18626,38551,8,6,0783820a85aeac7b,362,2804,443,6765,3080,630,3678,864,8037,6793,11639,3652,3868,4562
2021-04-13,17853,36056,8,6,aed4800922041836,376,2005,336,6653,3361,485,3875,762,8203,6425,9855,3653,3435,4485
2021-04-14,18106,35025,8,6,7a2a5d0350a50882,542,2127,334,6726,3024,497,4059,797,8097,6224,9545,3721,3033,4405
2021-04-15,17597,34751,8,6,8125db1eebe0fb51,477,1910,331,6775,3175,479,3711,739,8475,6165,8912,3740,2921,4538
2021-04-16,16551,33152,8,6,61daf7728f0eb31a,330,1625,334,6410,2680,487,3942,743,8112,6113,8643,3393,2483,4408
2021-04-17,13896,31239,8,6,d797b8f7f4e29a46,292,1518,290,4929,2259,391,3525,692,7551,6194,9258,2405,1999,3832
2021-04-18,14137,32360,8,6,05d43586ff64bdea,316,1615,303,5228,2262,349,3368,696,8155,5798,9870,2736,2126,3675
2021-04-19,17733,36305,8,6,2abdb5dae6948794,342,1905,339,7222,2637,537,3850,901,8694,6793,9321,3781,2617,5099
2021-04-20,17128,35756,8,6,db01d9022fc30edc,461,1811,407,6623,2778,477,3702,869,8605,6576,8869,3758,2819,5129
2021-04-21,16238,35245,8,6,9295dcdc08462068,508,1874,349,6422,2525,498,3358,704,8153,6697,8962,3668,2773,4992
2021-04-22,15979,37714,8,6,57bb191bd51e0411,378,1802,350,6545,2446,485,3199,774,8577,7845,9464,3775,2636,5417
2021-04-23,14949,35057,8,6,8960514f9606cf34,335,1748,305,5779,2268,421,3215,878,7960,6906,9781,3515,2149,4746
2021-04-24,12222,30728,8,6,f7a5f3b9fc509285,300,1529,272,4372,1956,368,2831,594,6736,6669,9559,2587,1787,3390
2021-04-25,13478,33855,8,6,684d21abfbc00d80,316,1460,296,5208,2422,394,2765,617,7194,7413,10903,2646,1999,3700
2021-04-26,16135,39524,8,6,c078d5cd9eff445a,399,1778,391,6905,2394,502,3058,708,8276,9722,10521,3652,2344,5009
2021-04-27,16445,39833,8,6,61b4bf1e4384b781,372,1807,343,6576,2586,525,3429,807,8160,11461,8594,3900,2498,5220
2021-04-28,17230,39001,8,6,fdedb95324944197,339,2206,346,6765,2582,519,3762,711,8403,8875,8618,3944,2570,6591
2021-04-29,17334,36861,8,6,eee6122557dfc79b,343,2046,383,6973,2726,427,3749,687,8284,8322,8797,3816,2490,5152
2021-04-30,15955,33092,8,6,2e2ac037764b4f5d,429,1705,282,6187,2452,479,3834,587,7950,7211,8197,2964,2318,4452
2021-05-01,12586,28392,8,6,577310c0a11db61b,270,1350,243,4706,2122,339,2988,568,6781,6018,8213,2348,1734,3298
2021-05-02,13823,29795,8,6,26ee355126f39385,270,1416,259,5006,3021,420,2823,608,6921,6346,8734,2375,1944,3475
2021-05-03,17915,34830,8,6,f51edde89ccdbf75,443,1902,351,6649,3681,471,3686,732,8077,6802,9206,3557,2365,4823
2021-05-04,22974,36986,8,6,74677b7a8a06abe5,365,2012,322,6291,3642,429,3912,6001,7929,6478,11154,3718,2646,5061
2021-05-05,17986,38347,8,6,3d43165350e56970,324,2169,309,6302,3896,494,3724,768,8384,6796,11828,3834,2562,4943
2021-05-06,18240,36327,8,6,0fbb56ac5106f9f7,363,2026,371,6580,3322,475,4051,1052,8574,6702,9636,3724,2690,5001
2021-05-07,17099,33324,8,6,f6a110581621e84b,305,1963,291,6496,2879,411,3891,863,7883,6119,9123,3345,2324,4530
2021-05-08,16334,29183,8,6,9ac7a52a2e017dd6,283,1893,286,6192,2616,384,3718,962,7079,5539,8894,2570,1723,3378
2021-05-09,16660,33809,8,6,04bbd01d56c8ae21,309,1615,323,6981,2519,399,3582,932,8044,5934,11986,2360,1963,3522
2021-05-10,20403,40995,8,6,3e4bfd338797e1bd,400,2108,380,8082,3533,476,4418,1006,8445,6688,14646,3498,2718,5000
2021-05-11,20863,39422,8,6,9e0834e39dce7b3c,366,2206,353,7405,4585,508,4245,1195,9607,7372,11102,3646,2721,4974
2021-05-12,25101,35949,8,6,9364d5abb02f1d24,415,2171,372,7054,9275,567,4094,1153,8286,7648,9459,3290,2477,4789
2021-05-13,24301,36741,8,6,692a7fa01cb8339d,351,2224,337,7030,8426,539,4093,1301,7966,6782,11466,3250,2707,4570
2021-05-14,18041,32286,8,6,2d99ddaf6e566e9b,276,2107,293,6319,4389,399,3449,809,7349,6257,9236,2926,2344,4174
2021-05-15,15181,29708,8,6,7e314383c0af762a,275,1964,251,4746,3502,364,3481,598,6832,6591,8807,2387,1898,3193
2021-05-16,16012,34440,8,6,9584b375f600ca06,278,1805,282,5744,3353,383,3361,806,7470,7583,11233,2558,2015,3581
2021-05-17,19131,35913,8,6,97088e6e0239e0ff,364,1935,351,7116,4067,449,4063,786,8444,6928,9318,3468,2920,4835
2021-05-18,19245,35591,8,6,e044ecd524c7ffe7,357,2003,332,7389,3795,483,4078,808,7827,6893,8447,3827,3370,5227
2021-05-19,20337,36509,8,6,24c002c3dc46ee1f,369,2314,348,6558,4661,488,4340,1259,10017,6968,7926,3672,2914,5012
2021-05-20,18496,36806,8,6,a706b406c77496e7,358,2168,428,6376,3847,495,3933,891,10519,6861,8164,3612,2573,5077
2021-05-21,16639,32011,8,6,973dd055ac33d868,333,1940,304,5537,3288,406,4022,809,7900,6463,7762,3175,2180,4531
2021-05-22,14427,29666,8,6,b799a28bca8bdfea,254,1565,290,4449,2528,310,4344,687,7178,6334,8200,2618,2203,3133
2021-05-23,16006,33724,8,6,5a4895ef4fa2664b,267,1965,299,5143,2886,344,4234,868,7387,6455,9782,2688,3784,3628
2021-05-24,18101,37421,8,6,144b9d6fa73f0b07,360,2111,352,6205,3395,454,4421,803,8059,7520,9478,3522,4033,4809
2021-05-25,18867,37610,8,6,a06030826b98653a,409,2153,364,5943,3515,442,5207,834,8024,8750,8819,3818,3407,4792
2021-05-26,17350,43283,8,6,2e8277a6352319fb,321,1836,320,5814,3497,423,4444,695,7972,15629,8117,3531,3201,4833
2021-05-27,16483,36656,8,6,2b177b4b36fb8353,299,1913,312,5882,3110,457,3829,681,7774,9631,7568,3796,3112,4775
2021-05-28,15939,32264,8,6,53b3c186fab9e686,351,1695,328,5266,3236,387,3998,678,7622,7009,7782,3250,2416,4185
2021-05-29,15484,34495,8,6,1c962754ee81446f,275,1550,221,4828,3272,338,4355,645,6798,6085,13481,2574,2192,3365
2021-05-30,14904,31441,8,6,1b3236dccaa320db,234,1494,268,5071,2823,331,4011,672,7169,5889,9841,2815,2206,3521
2021-05-31,16012,33465,8,6,7f4bc4257e47b921,260,1573,314,6084,3093,392,3672,624,7605,5930,9900,3295,2517,4218
2021-06-01,15921,33964,8,6,0ab75200252a4282,412,1615,305,5784,3232,427,3510,636,7463,6346,9781,3407,2693,4274
2021-06-02,17084,32653,8,6,d467720753436efa,297,1722,275,6440,3699,429,3506,716,7475,6113,8373,3446,2631,4615
2021-06-03,16381,32583,8,6,c989bb9c5f79f182,321,1737,283,5773,3474,392,3734,667,7702,6058,8226,3531,2658,4408
2021-06-04,14583,30205,8,6,041df57f01410462,257,1690,315,4841,2946,376,3523,635,7572,5660,7350,3252,2236,4135
2021-06-05,12586,26337,8,6,79571f931d4477f4,237,1354,271,4100,2347,327,3420,530,6581,5183,6951,2504,1877,3241
2021-06-06,12868,31450,8,6,8ac2f94f47bb6c83,281,1299,259,4535,2454,353,3020,667,7217,5547,8041,2795,4475,3375
2021-06-07,15184,32144,8,6,137cd63f71b9351c,288,1579,349,5400,3014,394,3552,608,7582,6137,7909,3573,2651,4292
2021-06-08,15343,32126,8,6,7f0df39c6aefb500,308,1517,315,5144,3378,397,3650,634,7373,6387,7654,3639,2670,4403
2021-06-09,15375,31330,8,6,676d3874f049f0d7,273,1470,284,5169,3370,430,3663,716,7545,6351,7213,3452,2428,4341
2021-06-10,16894,31723,8,6,5da6f8fba190af06,261,1585,299,5141,4931,413,3519,745,7391,7064,7282,3573,2308,4105
2021-06-11,15805,28745,8,6,27142d0a6e3835ad,292,1649,283,4762,4389,362,3407,661,6754,6523,6779,2838,2053,3798
2021-06-12,13224,26217,8,6,1df66cead1c40dea,274,1259,267,3996,3349,284,3236,559,6422,6064,6491,2335,1842,3063
2021-06-13,13118,28725,8,6,24f323d4bb1eb2db,218,1508,229,4314,2720,349,3207,573,6858,5833,8400,2588,1879,3167
2021-06-14,15434,30846,8,6,2f67dca7e2783ac3,280,1766,278,4847,3478,351,3775,659,7186,6280,7868,3272,2160,4080
2021-06-15,15633,29949,8,6,eec396adf194a4e3,254,1837,255,4451,4153,378,3699,606,7207,6364,6893,3212,2372,3901
2021-06-16,18144,29475,8,6,082da4f173364cff,281,3232,344,4694,4907,439,3529,718,6984,6082,6848,3146,2273,4142
2021-06-17,16504,29781,8,6,a90cbd34e3251ca8,585,2631,312,4421,3726,406,3747,676,6714,6352,6863,3251,2407,4194
2021-06-18,13836,27206,8,6,c6c85fad9e2f051f,452,2123,241,3971,2465,331,3456,797,5995,6056,6372,2896,2070,3817
2021-06-19,11850,25342,8,6,70baf93376003e16,291,1720,225,3692,1878,310,3003,731,5905,5552,6184,2495,1870,3336
2021-06-20,12115,26668,8,6,aa1eba65a0b5dd20,264,1608,230,4052,1878,310,3061,712,5958,5926,6926,2584,1918,3356
2021-06-21,14115,29259,8,6,9f12417034c4c091,279,2006,287,4601,2656,376,3201,709,6204,6370,7670,3069,2054,3892
2021-06-22,13848,29328,8,6,de4bee761046b9fa,317,1957,291,4480,2607,366,3150,680,6269,6526,7833,2915,2054,3731
2021-06-23,13078,28546,8,6,e55998387887bae2,274,1753,288,4354,2281,409,3095,624,6068,6893,6701,2928,2098,3858
2021-06-24,13073,29349,8,6,97230ec4216311c1,239,1785,325,4183,2289,384,3264,604,6332,8000,6264,2966,2018,3769
2021-06-25,11846,28816,8,6,e72b4571f2ae276f,218,1495,243,3762,2262,354,2980,532,7913,6872,6416,2436,1872,3307
2021-06-26,10550,26428,8,6,3fb70b17d7798cf3,206,1220,276,3669,1601,267,2811,500,7299,5724,6434,2180,1601,3190
2021-06-27,11089,26475,8,6,9484bcf1b771c32b,245,1230,230,4059,1784,284,2702,555,6719,5650,6762,2285,1681,3378
2021-06-28,12685,28019,8,6,e52945611495d4fd,250,1818,286,4180,2212,410,2946,583,6832,5531,7051,2723,1966,3916
2021-06-29,13185,28059,8,6,0b1ab6a08a9f47b6,276,1923,268,4502,2158,536,2947,575,6836,5784,6515,2967,1962,3995
2021-06-30,12319,27029,8,6,f52a3cba0cf5c8b0,290,1610,302,4127,2071,316,2976,627,6177,5762,6733,2560,1971,3826
2021-07-01,13097,29335,8,6,6d0d68c67d06967f,265,1744,306,4054,2501,448,3086,693,6890,6238,7162,3085,1978,3982
2021-07-02,11944,27487,8,6,8fae7e59da8fc6a3,246,1586,253,3861,2143,428,2844,583,6706,5452,7149,2694,1820,3666
2021-07-03,10943,26173,8,6,eb553160d66239e1,207,1411,241,3567,1934,318,2636,629,6877,5105,7026,2205,1719,3241
2021-07-04,11232,27907,8,6,8b0c2dffe414713d,240,1549,320,3825,1889,372,2422,615,6763,5251,8429,2185,1815,3464
2021-07-05,12759,31119,8,6,96e02431ba0c5b73,275,1665,257,4354,2081,456,3074,597,7129,5610,9557,2755,1975,4093
2021-07-06,13089,28912,8,6,94810eebc2060f28,284,1594,273,4166,2506,515,3059,692,6923,5403,7544,2856,2099,4087
2021-07-07,12546,28056,8,6,fb3a1e3c5b428fb0,291,1786,323,3908,2156,463,3007,612,6464,5528,7103,2758,2044,4159
2021-07-08,13337,28100,8,6,013c1ed2cdb30593,240,1914,353,4141,2378,425,3083,803,6702,5287,6848,2809,2058,4396
2021-07-09,12913,27484,8,6,0d1ded24096aa788,287,1882,229,3956,2341,355,3224,639,7275,5300,6699,2676,1687,3847
2021-07-10,11457,25784,8,6,de0bf54337e4f37a,167,1569,283,3754,1982,351,2722,629,6343,5123,6808,2528,1639,3343
2021-07-11,11300,26791,8,6,1336f9f2d4aeb6d4,207,1448,251,3697,2237,358,2579,523,6255,5431,7766,2013,1729,3597
2021-07-12,13403,28505,8,6,c8e26c0a95369144,241,1849,253,4062,2676,442,3198,682,6590,5655,7672,2621,2043,3924
2021-07-13,14734,28730,8,6,352d9d5ea7c2973f,265,1925,332,4141,3699,439,3290,643,6720,5988,7266,2774,1983,3999
2021-07-14,15387,28565,8,6,b51f4b069c55d667,262,2623,305,3968,3940,405,3221,663,6683,6332,6832,2961,1833,3924
2021-07-15,17509,28600,8,6,c02c6f2878cf417e,309,2431,292,6908,3317,453,3095,704,6511,7140,6641,2758,1740,3810
2021-07-16,13045,29081,8,6,5928143a124b92b1,232,2014,271,3872,2694,354,2999,609,7093,7505,6656,2665,1720,3442
2021-07-17,11616,27211,8,6,5de6df972ddd0c37,238,1530,208,3866,2262,350,2603,559,6893,6539,6791,2325,1562,3101
2021-07-18,11735,27541,8,6,7233fdccece96074,222,1639,233,4220,1900,401,2596,524,6320,7230,7148,2107,1660,3076
2021-07-19,14348,30266,8,6,6e32273c7e866319,241,1888,267,4609,2584,501,3218,1040,6936,7276,8070,2506,1787,3691
2021-07-20,13093,33438,8,6,f96400e428ddff50,251,1828,283,3975,2282,538,3051,885,6419,11927,7308,2467,1687,3630
2021-07-21,12322,30050,8,6,40f0e6631b33d551,241,1780,247,3790,2164,417,3101,582,5741,9632,7208,2264,1639,3566
2021-07-22,13512,29725,8,6,c33929b4b704e294,238,1824,261,3951,2426,411,3857,544,6258,8375,6818,2561,1952,3761
2021-07-23,11890,27955,8,6,c1fecdb2d21bff3a,221,1680,267,3778,2048,375,2959,562,5484,8141,6774,2338,1824,3394
2021-07-24,10686,26620,8,6,0291825bdced3bbc,203,1391,205,3554,1818,312,2627,576,5271,8217,6669,2015,1558,2890
2021-07-25,10638,26003,8,6,7638c14b471fc67a,242,1399,184,3767,1793,296,2402,555,5557,6920,6956,2021,1542,3007
2021-07-26,12314,27940,8,6,bbea1fe39c29c9ca,244,1638,314,3903,2187,554,2923,551,5465,6443,7760,2632,2010,3630
2021-07-27,12195,29371,8,6,d5ecc61477cb7804,213,1935,242,3835,2061,404,2897,608,5803,7861,7281,2696,2004,3726
2021-07-28,12741,28232,8,6,b90e9ad46e31772f,249,2193,283,3844,2260,437,2946,529,6339,6470,7215,2590,1981,3637
2021-07-29,12812,27447,8,6,aaed1ecaf8afd34a,320,2031,285,3912,2278,391,3104,491,6429,5658,7205,2585,1841,3729
2021-07-30,11396,29323,8,6,3ee916639f062a41,249,1484,333,3336,1929,457,3087,521,6302,8197,7179,2430,1756,3459
2021-07-31,10347,26581,8,6,35ef7dd66e157e12,200,1401,207,3447,1654,351,2652,435,5683,5588,8668,2033,1683,2926
2021-08-01,10670,26338,8,6,7b732da4d042cbb9,195,1520,243,3662,1611,322,2677,440,7061,5430,7427,2047,1525,2848
2021-08-02,12413,26862,8,6,650b9e3c28ec6b8d,219,1635,259,4094,2014,541,3142,509,6266,5285,7436,2527,1918,3430
2021-08-03,12881,26871,8,6,08f435739a8c09d2,241,1692,317,4049,2061,561,3422,538,5824,5466,6933,3069,2035,3544
2021-08-04,12541,27092,8,6,3bfc6e897d598577,220,1574,314,4150,1889,355,3482,557,5904,5248,6902,3556,1906,3576
2021-08-05,12061,28086,8,6,b6da1c6cfc2cb2c1,193,1565,269,3973,1978,400,3191,492,5855,5189,6588,2722,1888,5844
2021-08-06,11125,25666,8,6,4148bd6ae210b3b4,225,1610,368,3535,1784,383,2769,451,5555,5007,6476,2401,1799,4428
2021-08-07,10145,23235,8,6,293496a41ab09a39,269,1378,265,3548,1467,285,2516,417,5484,4899,6409,2142,1519,2782
2021-08-08,10493,24788,8,6,1a8075eb4e0fe3fc,179,1496,226,3782,1550,339,2446,475,5453,5348,7302,1937,1819,2929
2021-08-09,12072,26528,8,6,2e17243444100aa1,257,1742,280,4036,1927,327,2998,505,5912,5529,6911,2518,1934,3724
2021-08-10,12118,26045,8,6,7836279aa7f8c4c0,234,1792,286,3921,2036,381,2951,517,5795,5394,6870,2342,1874,3770
2021-08-11,13111,26519,8,6,11e53e30685d4d1e,252,1743,301,4082,2615,401,3122,595,5625,5513,6910,2648,2024,3799
2021-08-12,12583,27101,8,6,888e6e394110e11b,215,1916,275,3894,2402,387,2944,550,5961,5883,6983,2532,2034,3708
2021-08-13,11962,25622,8,6,1947c8a1fc95c194,242,1581,265,3769,2140,346,3102,517,5708,5601,6535,2372,1735,3671
2021-08-14,10098,23347,8,6,b9f4612b596df901,177,1352,236,3499,1605,250,2558,421,5582,5346,6257,1788,1588,2786
2021-08-15,10213,24753,8,6,417fb439ce44a2f0,278,1458,263,3527,1617,291,2300,479,6076,5399,7147,1707,1497,2927
2021-08-16,11945,26764,8,6,e0e48c466c5afa5b,290,1666,275,3916,2092,383,2737,586,6376,5689,6769,2243,1832,3855
2021-08-17,12246,27887,8,6,3b1c48d9014ed96d,366,1667,322,3963,1985,398,2960,585,6365,5956,7011,2236,1761,4558
2021-08-18,14124,27219,8,6,c58989285971e31e,312,2014,460,4928,2490,531,2837,552,6249,5666,7180,2430,1765,3929
2021-08-19,13003,28676,8,6,f931123321fa7200,300,1928,318,4273,2040,549,2890,705,7627,6144,6668,2319,1910,4008
2021-08-20,11784,27363,8,6,fb193f265fc26b15,279,1674,253,3898,1752,533,2714,681,6517,6227,6887,2208,1767,3757
2021-08-21,10128,25237,8,6,2324b17af3c32a3e,244,1479,206,3417,1529,447,2314,492,5748,6362,6447,1902,1653,3125
2021-08-22,9949,27093,8,6,6bd2a403877b6e1d,250,1457,227,3580,1489,312,2106,528,6009,7681,7426,1595,1545,2837
2021-08-23,12563,29221,8,6,c5be1c3b6aabde34,298,1932,266,4215,1911,435,2999,507,6414,6874,7521,2558,1990,3864
2021-08-24,12691,32785,8,6,e52de34e7a5b2608,261,1713,382,4336,1962,465,3078,494,6535,6467,8463,2760,2150,6410
2021-08-25,12897,31109,8,6,96e1c47691a61fcf,221,1678,298,4753,1912,443,3012,580,6749,5855,9449,2756,1925,4375
2021-08-26,12690,28875,8,6,8ae854abf69f3847,218,1990,290,4358,1959,479,2863,533,6731,5646,7670,2544,2042,4242
2021-08-27,12932,31144,8,6,25ef9c69d1deb68b,200,2552,315,4401,1725,374,2825,540,6695,5539,7399,2348,1885,7278
2021-08-28,11195,24796,8,6,635ef134b814b2b3,228,1846,258,3930,1553,323,2535,522,6094,4972,6868,1942,1744,3176
2021-08-29,11076,26582,8,6,700706631c164788,194,1848,241,3988,1511,362,2440,492,6128,5327,7965,1839,1870,3453
2021-08-30,12624,28829,8,6,ee9eac23d3b31d02,236,2003,278,4365,1936,432,2749,625,6401,5697,8026,2406,2189,4110
2021-08-31,12996,29543,8,6,4184b71e255fb9b1,246,2214,248,4575,1894,397,2785,637,6832,5695,7372,2751,2128,4765
2021-09-01,13000,29669,8,6,cafece55dc3be9f9,202,1918,262,4599,2053,528,2929,509,6676,5553,7096,2831,2890,4623
2021-09-02,12620,29030,8,6,9326558235d54f4d,219,1771,349,4504,1857,482,2869,569,6686,5674,6898,3025,2214,4533
2021-09-03,11271,26317,8,6,2e227f5b7b2f182a,216,1620,323,3998,1651,355,2610,498,6417,5317,6197,2395,1985,4006
2021-09-04,10138,24389,8,6,f5af70718da5ac1e,216,1361,248,3550,1542,349,2434,438,6224,5032,6273,1872,1877,3111
2021-09-05,11190,25586,8,6,e83c2ea4f5c843c3,268,1470,221,4263,1596,394,2397,581,6634,5130,6538,1963,2037,3284
2021-09-06,12932,32407,8,6,4c6e248e86b0d54d,231,1704,269,4950,1857,466,2838,617,10529,5316,7558,2793,2157,4054
2021-09-07,13682,31089,8,6,16970a6b2f2badd3,271,1740,302,5038,2079,513,3056,683,7860,6025,7008,2970,2269,4957
2021-09-08,13125,30319,8,6,983247f81d15d6db,266,1891,274,4702,2044,437,2875,636,7381,5944,6846,2922,2281,4945
2021-09-09,16503,29012,8,6,b92f3fe17e8bfb4d,254,1836,349,7872,2085,466,3059,582,6931,5966,6691,2865,2115,4444
2021-09-10,12261,27665,8,6,1ab43c46a18a6ad0,267,1717,278,4566,1853,402,2673,505,6414,6076,6576,2393,2056,4150
2021-09-11,10747,24036,8,6,ac918b07558f1ee9,227,1453,234,3808,1595,317,2610,503,5280,5591,5967,1940,2080,3178
2021-09-12,11817,26415,8,6,96a071773d9c3b14,238,1344,288,4423,1706,432,2800,586,5667,5963,6574,2167,2499,3545
2021-09-13,14022,30543,8,6,ad810be6cc806dff,310,1674,324,4960,2327,544,3290,593,6145,6574,7414,3064,2776,4570
2021-09-14,14930,31930,8,6,312a1868e461fb9a,589,1794,367,4962,2566,518,3404,730,6429,6294,7780,3342,3007,5078
2021-09-15,15386,32382,8,6,7c117cefa8df4724,320,1819,363,4895,3492,510,3272,715,6340,6326,7736,3248,3117,5615
2021-09-16,14588,33529,8,6,a6efb5bd063d6269,303,2059,367,4838,2474,501,3316,730,6380,6828,8579,3471,3065,5206
2021-09-17,13445,33662,8,6,f5337ced9a65f1b9,314,1774,350,4420,2119,555,3283,630,6245,6020,11111,2832,2933,4521
2021-09-18,11049,26523,8,6,a60b9ecedee52092,273,1467,232,3677,1714,316,2790,580,5225,6393,6959,2237,2335,3374
2021-09-19,12614,31161,8,6,a5a61e459fef4aca,244,1588,284,4342,1990,567,2964,635,5673,7110,7558,2722,4121,3977
2021-09-20,16784,34896,8,6,55261c03ff3a5ce6,368,1984,472,5256,2369,670,3866,1799,6089,7590,7555,3500,4928,5234
2021-09-21,16079,35424,8,6,10419f3e635ae20b,331,2158,545,5431,2328,532,3631,1123,6036,8440,7464,3657,4597,5230
2021-09-22,16489,35090,8,6,58c8a9c5279f8e68,346,3323,366,5180,2287,573,3586,828,6370,7316,7532,3678,4601,5593
2021-09-23,15679,32941,8,6,5a2763dc8af33f76,277,2789,386,5001,2499,533,3470,724,6251,6602,7353,3393,4310,5032
2021-09-24,13942,32327,8,6,b98a6cd84a9792db,308,1935,355,4675,2049,487,3487,646,6247,6308,7768,3267,4091,4646
2021-09-25,11186,27340,8,6,7c610fd5ba6c2848,279,1368,392,3607,1626,407,2997,510,5456,5642,6890,2413,3535,3404
2021-09-26,11605,29444,8,6,3ad30414ebddd31f,277,1401,337,4247,1593,400,2726,624,5671,5720,7628,2800,3957,3668
2021-09-27,14548,33223,8,6,218e717481e88858,415,2303,389,4873,1973,559,3370,666,6449,6066,7903,3874,4173,4758
2021-09-28,17240,34738,8,6,973ea79b046ca597,475,3288,513,5498,2320,621,3546,979,7030,6252,8128,4021,4201,5106
2021-09-29,16497,34156,8,6,47ba21a794eb084f,371,2694,400,5671,2320,712,3431,898,6778,6038,8030,3835,4315,5160
2021-09-30,15399,33127,8,6,a8cb3d6a430e7c2c,351,2308,393,5280,2339,626,3313,789,6435,6317,7899,3707,3969,4800
2021-10-01,14403,29692,8,6,23da7a20caa5fd16,276,2142,288,4836,2327,546,3101,887,6248,5647,7035,3202,3281,4279
2021-10-02,11409,25987,8,6,2cf0af05dbbd9fe7,235,1577,299,3936,1692,560,2474,636,5555,5275,6262,2383,3376,3136
2021-10-03,12291,28953,8,6,60e433d9db1a3b68,305,1653,278,4392,1920,439,2632,672,5460,6008,7067,2595,4083,3740
2021-10-04,16512,33400,8,6,c33be5fe6d0acdc8,310,2143,341,5657,2736,582,3647,1096,7450,6120,7154,3890,3786,5000
2021-10-05,16308,30812,8,6,9dfab6b9953444e7,284,2184,448,5120,2532,849,3935,956,6149,5967,7056,3695,3114,4831
2021-10-06,15862,31418,8,6,4c62ddf046422a1e,335,2319,394,5290,2610,749,3321,844,6169,6139,6854,4016,3143,5097
2021-10-07,14842,30949,8,6,3e0857368a54f6e5,320,2197,376,5049,2398,594,3179,729,6216,6054,6850,3988,3141,4700
2021-10-08,13602,27961,8,6,a8a20957145c4b44,263,1910,288,4525,2270,553,3231,562,5806,5695,6294,3219,2681,4266
2021-10-09,11939,24911,8,6,0f26830f1ad7378f,223,1655,289,3977,2014,424,2868,489,5356,5218,5980,2506,2567,3284
2021-10-10,12897,28118,8,6,44ee299b040fdb78,261,1696,381,4511,2188,541,2817,502,5157,6427,6963,2580,3115,3876
2021-10-11,15482,31406,8,6,76bd39ddb56adfd5,282,1922,427,5690,2503,709,3353,596,5944,6370,7806,3664,3213,4409
2021-10-12,15192,32376,8,6,73ae97b8fc600afe,344,1787,362,5197,2616,637,3505,744,6056,6153,8027,3967,3511,4662
2021-10-13,16048,31107,8,6,23dd07f3c60c546f,288,2161,400,5210,3280,698,3328,683,5909,6095,7399,3738,3367,4599
2021-10-14,15789,30482,8,6,ec2dc126c41a39d7,448,2077,447,5000,3212,625,3214,766,6197,6048,7060,3518,3055,4604
2021-10-15,13306,27835,8,6,646b6f840c6cb9a8,250,1694,352,4604,2464,488,2800,654,5761,5858,6376,3064,2751,4025
2021-10-16,11944,26103,8,6,76ea61feee0a2984,227,1456,316,3804,2144,443,2995,559,5138,5768,6126,2649,2985,3437
2021-10-17,13054,28610,8,6,e233396f4aec0142,258,1467,363,4672,2383,463,2865,583,5505,6047,6968,2833,3256,4001
2021-10-18,15473,31742,8,6,66a4f6c9d602affa,316,1927,356,5307,2827,571,3383,786,5944,6699,7402,3776,3204,4717
2021-10-19,17042,33944,8,6,a20b4389c938e471,272,2246,303,5707,2847,703,3726,1238,6242,7274,7376,4197,3663,5192
2021-10-20,16136,33001,8,6,d234ee9b20ea5f65,312,1948,393,5223,3145,763,3514,838,6172,7594,7021,3809,3586,4819
2021-10-21,16134,32541,8,6,dfa2cb0e5578c390,285,2126,360,5415,3102,580,3496,770,6194,7220,6932,4090,3407,4698
2021-10-22,16896,29283,8,6,b77899e08053d2ee,2373,2081,483,4745,2833,540,3209,632,6098,6296,6827,3359,2697,4006
2021-10-23,12655,24874,8,6,50d5256c1db7a211,232,1608,276,4083,2661,425,2760,610,5200,5646,5888,2711,2304,3125
2021-10-24,13809,28126,8,6,4546a0354e86903a,260,1624,349,4477,3077,444,2562,1016,5721,6965,6498,2678,2602,3662
2021-10-25,16567,35430,8,6,836144c9af764194,267,1956,390,5559,3690,570,3290,845,6140,6715,8310,6716,2973,4576
2021-10-26,16525,31508,8,6,c772a544e03bd7c7,288,2227,359,5360,3580,591,3456,664,6305,5689,7762,4302,2910,4540
2021-10-27,16563,30237,8,6,70e790c40fca4065,308,2054,411,5196,3920,584,3395,695,6271,5931,6577,4337,2685,4436
2021-10-28,15595,30168,8,6,343a2387a4ce7e0e,257,1856,359,4947,3499,567,3372,738,6272,5767,6708,4142,2745,4534
2021-10-29,14697,27890,8,6,9a2c03d26a42cc6e,250,1864,291,5200,2697,521,3123,751,6293,5399,5998,3654,2436,4110
2021-10-30,11493,24407,8,6,daed58bc1295c973,231,1664,269,3918,1844,407,2602,558,5500,4774,6348,2673,2039,3073
2021-10-31,11999,24736,8,6,279eae6e3afc3a31,218,1681,247,4266,2171,451,2443,522,5556,4882,5813,2834,2401,3250
2021-11-01,14340,28844,8,6,17af6174c49732e8,326,2110,358,5061,2367,491,3006,621,6108,5779,6823,3369,2590,4175
2021-11-02,14874,28864,8,6,5e67c6a148f7e4c4,360,2248,417,5336,2333,495,3042,643,5925,5538,6842,3913,2562,4084
2021-11-03,14371,28926,8,6,291e6330561a718f,297,2706,333,4879,2465,529,2501,661,5738,5605,7390,3677,2294,4222
2021-11-04,13733,28347,8,6,0ad918f472feab19,333,2432,307,4763,2314,455,2525,604,5765,5468,7692,3345,2032,4045
2021-11-05,12654,28457,8,6,46211d557f501ca4,269,1949,276,4495,2049,405,2599,612,5699,5221,6735,4906,2087,3809
2021-11-06,10948,22661,8,6,52f34f63a49d639c,230,1586,262,3714,1811,359,2468,518,4876,4694,6002,2287,1841,2961
2021-11-07,12464,25939,8,6,29c4317a16b93163,262,1748,320,4411,1877,477,2776,593,5255,5247,6934,2768,2438,3297
2021-11-08,15322,30690,8,6,6eedc049275e9d27,301,2222,445,5594,2347,568,3125,720,5952,6080,7489,3750,2738,4681
2021-11-09,15536,29734,8,6,c54898a22fc91a18,286,2230,362,5442,2570,606,3343,697,5601,6103,6963,3796,2596,4675
2021-11-10,17082,29957,8,6,8d54389b2c3a2d1b,278,2207,363,5230,4152,652,3367,833,5876,6183,6610,3779,2790,4719
2021-11-11,17516,28728,8,6,32f66375ed298fbc,288,2081,344,5235,4746,607,3474,741,5735,6369,6505,3544,2295,4280
2021-11-12,15513,27199,8,6,ff46a055e0c3e41d,296,1944,300,4856,3632,506,3286,693,5652,6457,6131,3052,1978,3929
2021-11-13,12954,23511,8,6,ce72b57bf39a6f39,253,1669,323,3963,2762,437,2986,561,4860,5586,5817,2272,1809,3167
2021-11-14,14041,25989,8,6,f1f1bdb05acfb3de,276,1802,351,4518,2984,515,3002,593,5143,6160,6051,2730,2308,3597
2021-11-15,16477,29485,8,6,0be4b453d97be268,351,2169,379,5486,3566,631,3231,664,5677,6397,6110,3740,2733,4828
2021-11-16,16800,30894,8,6,91edde417395a1eb,328,2007,372,5396,3603,584,3765,745,5714,7221,6685,3633,2809,4832
2021-11-17,16925,31293,8,6,fa5f0a82d3debaf6,356,2231,380,5355,3696,612,3618,677,5720,7293,6473,3792,3133,4882
2021-11-18,16305,30886,8,6,7c5ee3b36d8fe036,361,2345,343,5293,2935,613,3624,791,5811,7852,6305,3801,2343,4774
2021-11-19,14456,30974,8,6,588bf0f17364729d,311,2029,323,4602,2778,467,3212,734,5464,10388,5514,3148,2246,4214
2021-11-20,11987,24232,8,6,108e698f37917bbe,352,1612,316,3718,2175,445,2741,628,5135,6895,5061,2205,1729,3207
2021-11-21,13021,26066,8,6,353c9244afb792b8,287,1678,346,4579,2196,433,2740,762,5172,6717,5917,2442,2259,3559
2021-11-22,17870,28424,8,6,4f77b6c33871eb36,306,3968,393,5306,2666,629,3481,1121,5438,6505,6334,3221,2489,4437
2021-11-23,16910,27728,8,6,deb699d3b569a714,350,3300,451,4969,2898,670,3404,868,5513,5946,5854,3334,2580,4501
2021-11-24,15168,31945,8,6,653477de162dd87d,334,2306,359,4585,2887,612,3343,742,5544,5516,6185,3078,7505,4117
2021-11-25,13866,26398,8,6,f701e2556af1d7da,337,1903,319,4467,2571,532,3092,645,6214,4994,5907,2697,2567,4019
2021-11-26,14093,24676,8,6,4f87dda6d6c0aac1,334,1746,326,4221,2242,513,3435,1276,5590,4681,6091,2597,2091,3626
2021-11-27,12695,22530,8,6,38e0e95b0af3f30b,275,1632,299,3922,1949,444,3283,891,5010,4401,6131,2213,1676,3099
2021-11-28,12952,25089,8,6,988ba1542efa3ea8,332,1556,370,4377,2077,467,2909,864,5302,4574,7326,2326,2123,3438
2021-11-29,15275,30699,8,6,0d07e6d790932136,377,1923,387,5418,2451,519,3430,770,7216,4952,8063,3372,2533,4563
2021-11-30,16243,32963,8,6,3b86c3c5f601e98b,425,2280,403,5487,2669,540,3487,952,6594,5308,10109,3410,2656,4886
2021-12-01,15676,35173,8,6,f854903ab0deff43,343,2323,337,5138,2762,556,3339,878,6331,5553,11772,3655,2936,4926
2021-12-02,15752,33936,8,6,67d4fb58782eba9d,396,2104,374,5339,2510,591,3547,891,6119,5935,11440,3525,2289,4628
2021-12-03,15266,32970,8,6,c037ee415a15b316,369,1972,334,5424,2395,551,3319,902,5959,5698,11552,2917,2372,4472
2021-12-04,15312,29891,8,6,a2440f881b874ea3,362,1850,310,6532,1750,430,2967,1111,4949,5544,11901,2084,2231,3182
2021-12-05,13694,33052,8,6,da1c34d1b56277dc,794,1854,336,4640,1867,448,2920,835,5634,5436,13025,2395,2984,3578
2021-12-06,15877,36509,8,6,c9375eeabe00653b,520,2118,382,5513,2420,554,3494,876,6132,6355,12779,3187,3462,4594
2021-12-07,16084,34830,8,6,9d83fac65ccf4165,466,2309,404,5649,2355,717,3371,813,5930,6306,11168,3473,3285,4668
2021-12-08,14874,32438,8,6,ca9e6b18905b439a,413,2084,367,5295,2275,498,3297,645,5884,6254,9938,3347,2446,4569
2021-12-09,14508,32409,8,6,3cab57afa4a38d6d,466,2023,378,5206,2115,533,3089,698,6020,5826,9833,3370,2642,4718
2021-12-10,14477,29745,8,6,46aac2a31a1770b6,470,1875,341,4775,3063,519,2812,622,5825,5597,8976,2890,2352,4105
2021-12-11,13228,28427,8,6,7a77fef6300dee06,470,1675,292,4230,3004,462,2545,550,5200,5703,10692,2090,1738,3004
2021-12-12,13130,28504,8,6,eb5c7d4671ba7e73,576,1596,327,4657,2457,446,2503,568,5314,5615,10050,2287,1996,3242
2021-12-13,15699,30896,8,6,d17c8395a47d2b05,635,2124,395,5395,2750,616,3146,638,5850,6052,9024,3252,2316,4402
2021-12-14,16057,31214,8,6,0c2839c83a669518,566,2445,408,5103,3015,545,3300,675,6142,6050,8626,3557,2336,4503
2021-12-15,17914,30964,8,6,cfefa9ef65ccb9d5,518,4405,401,4925,3370,598,3058,639,6170,5949,9154,3319,2047,4325
2021-12-16,17387,29098,8,6,0f7a9bff52608d97,703,3252,380,4811,3984,506,3162,589,6278,5861,7681,2923,2178,4177
2021-12-17,13089,25918,8,6,c7c8f78b3bb0e4f6,484,2146,290,3987,2463,401,2737,581,5869,5693,6814,2334,1759,3449
2021-12-18,11682,24187,8,6,028d5db08efc7627,590,1652,297,3551,2390,396,2319,487,5255,5725,7282,1729,1391,2805
2021-12-19,11463,26210,8,6,e15ecb7328baf00e,673,1596,307,3740,2023,420,2221,483,5538,6202,7696,1898,1813,3063
2021-12-20,14143,27409,8,6,4f3b8228213a3598,664,1869,335,4281,2184,400,3433,977,5720,6501,7777,2102,1876,3433
2021-12-21,13084,26826,8,6,36992d054b745d2e,584,1849,310,4006,2259,385,3076,615,5541,5814,7626,2576,1805,3464
2021-12-22,11970,26428,8,6,1409a333ecb66731,570,1711,276,3695,2175,363,2644,536,5416,6746,7040,2024,1903,3299
2021-12-23,11407,24277,8,6,699ad004fcedf5f1,699,1690,265,3535,1798,291,2648,481,5229,5510,6922,1757,1684,3175
2021-12-24,11275,21801,8,6,b64a39785db13c96,1700,1447,223,3573,1420,347,2159,406,4717,4250,7165,1432,1457,2780
2021-12-25,15926,23627,8,6,d6a807d1eba127aa,4731,1363,204,5588,1269,298,1955,518,4773,5398,8021,1255,1457,2723
2021-12-26,12551,25397,8,6,cbfb4a3a1b4ee4ed,1908,1401,219,4497,1550,453,2072,451,5150,5642,8394,1396,1805,3010
2021-12-27,11888,26120,8,6,0c23aec5b653ad69,632,1478,260,4001,1779,355,2841,542,5386,5780,8230,1721,1750,3253
2021-12-28,11638,26600,8,6,b54aeeefd30bb427,459,1772,251,3808,1638,440,2771,499,5541,5698,8143,1754,1863,3601
2021-12-29,12476,27401,8,6,a321b257445b8873,461,2097,244,4101,1663,378,2986,546,5664,5778,8699,1741,1978,3541
2021-12-30,13362,26947,8,6,41a5996601242ae6,543,3376,316,3864,1598,442,2716,507,6097,5646,8317,1686,1728,3473
2021-12-31,11154,24488,8,6,a12ca94688ed855c,320,1793,236,4312,1340,454,2260,439,5523,5350,7800,1418,1409,2988
2022-01-01,11963,25226,8,6,a96acf206fd1ad7c,390,1571,259,5549,1255,463,2001,475,5738,5514,8130,1368,1469,3007
2022-01-02,12663,29286,8,6,dc73f1ef5720d8bb,421,1575,294,5140,1715,486,2458,574,6025,6348,9611,1761,1996,3545
2022-01-03,14448,32377,8,6,30869868bba9d69d,368,1819,345,5599,1880,481,3376,580,6126,6503,11786,2201,2013,3748
2022-01-04,14923,31527,8,6,3d0a85b3cf073bcc,367,2282,352,5311,2008,491,3547,565,6040,6323,10173,2360,2236,4395
2022-01-05,15451,31863,8,6,276c2b560aae0c18,362,2617,390,5724,2022,568,3188,580,6087,6679,9703,2862,2143,4389
2022-01-06,15134,31169,8,6,397f46f92dbfbf69,292,2742,314,5504,2002,492,3090,698,6127,6790,8942,2730,2251,4329
2022-01-07,14178,32924,8,6,40d5f47a2754cd8f,322,2376,295,5321,2096,413,2757,598,6779,6892,10095,2533,2194,4431
2022-01-08,12572,31553,8,6,e59acf0902de8480,370,1956,329,4579,1806,415,2586,531,6670,6995,9863,2133,1763,4129
2022-01-09,13420,49921,8,6,483f3138ebeab4ce,317,1934,329,5228,1869,479,2721,543,6586,24256,10289,2310,2132,4348
2022-01-10,15576,44396,8,6,316bb81aba71d4ad,310,2582,352,5856,2226,515,3046,689,7062,16828,9864,3035,2331,5276
2022-01-11,16119,38381,8,6,f41302ef79b87b77,315,2875,326,5833,2375,544,3200,651,6756,11429,9519,3000,2361,5316
2022-01-12,17413,35906,8,6,3cbfd595acd6d2eb,346,2843,384,6087,3366,581,3185,621,7021,9081,9470,3143,2213,4978
2022-01-13,16119,35466,8,6,25fbec4207abf010,338,2334,324,5547,3278,564,3062,672,6913,8278,10092,3190,2189,4804
2022-01-14,14972,32365,8,6,1fed6b2ee5b90462,357,2450,339,5168,2505,581,2809,763,7097,7744,8381,2605,2170,4368
2022-01-15,11986,31924,8,6,7943ccf237074fb3,292,1803,220,4309,1876,403,2542,541,6835,7242,8321,2162,3662,3702
2022-01-16,12603,34496,8,6,678b93e6532f62b6,252,1736,266,4826,1977,385,2584,577,6643,8286,8718,2375,4844,3630
2022-01-17,14255,37183,8,6,13cab03966f9c38a,256,1850,380,5190,2260,638,3004,677,6758,10565,8478,2815,4332,4235
2022-01-18,15521,38249,8,6,689214b327df4268,327,1946,300,5622,2480,623,3328,895,6825,10622,8505,3206,4089,5002
2022-01-19,15940,38817,8,6,23bae87eb11fef53,287,2052,289,5541,3069,563,3318,821,6838,9456,9397,3349,4818,4959
2022-01-20,16272,36017,8,6,1500a7912195daa1,315,2079,343,5838,2719,709,3283,986,6636,9201,7879,3353,3939,5009
2022-01-21,17380,33387,8,6,b4bdfce79a81b412,270,2192,284,5594,2362,789,3621,2268,6661,8856,7444,2675,3212,4539
2022-01-22,15247,30281,8,6,035bca7093b4260c,326,2088,295,4506,2128,706,3341,1857,6203,7475,7783,2279,2472,4069
2022-01-23,14388,30236,8,6,c248d65eb74f7ac0,279,1889,309,4983,1989,652,3017,1270,6709,6875,7605,2564,2449,4034
2022-01-24,22411,33972,8,6,0eaf6f3032b577c7,304,3151,382,6301,2685,1217,4916,3455,7145,7426,7970,3427,2860,5144
2022-01-25,20583,33352,8,6,0063886c9a13d3cb,294,3274,442,6195,3485,837,4041,2015,6601,7428,8017,3312,2916,5078
2022-01-26,21364,32997,8,6,a246387ed4785665,353,5838,376,6101,2995,882,3395,1424,7208,7321,7987,3003,2700,4778
2022-01-27,20359,35281,8,6,10b333fb8f3a4ffc,323,4341,370,6154,3299,908,3599,1365,7382,7998,8170,3379,2732,5620
2022-01-28,17132,32718,8,6,6064cdf595d72244,294,3078,377,5482,2675,767,3220,1239,6964,7260,8129,2868,2506,4991
2022-01-29,14201,28421,8,6,376eb814c17b9293,288,2231,270,4826,2155,734,2879,818,6274,6848,7515,2031,1930,3823
2022-01-30,13677,29562,8,6,b644c5ff2ec8e08f,284,2101,301,4893,2154,595,2628,721,6069,6702,8344,2345,2040,4062
2022-01-31,16226,32981,8,6,189933778229d8fb,275,2471,355,5786,2613,744,3141,841,6756,6986,8060,3055,2761,5363
2022-02-01,16723,33827,8,6,95bb8014a67d0387,393,2376,520,5877,2677,531,3546,803,6864,8217,7626,3143,2665,5312
2022-02-02,16694,33678,8,6,4c1b909edf4a9550,270,2344,374,6123,2782,628,3461,712,7204,7230,7540,3454,2727,5523
2022-02-03,17548,33302,8,6,b136f56f13e05e2d,319,2342,355,6027,3157,920,3584,844,7150,7368,7715,3155,2460,5454
2022-02-04,16453,31649,8,6,08cfd77f5f3e3d2c,295,2202,292,6485,2745,665,3013,756,6730,6877,8405,2536,2217,4884
2022-02-05,13223,30774,8,6,e8462f39272c4935,269,1874,272,4915,2093,457,2711,632,5724,6279,10965,1930,2183,3693
2022-02-06,12816,28469,8,6,97939fe6dbc6add9,284,1792,283,4670,2150,551,2391,695,6077,5786,8373,2147,2055,4031
2022-02-07,16462,33215,8,6,17d61250eb5f1f14,412,2242,365,6020,2573,818,3243,789,6806,6365,8598,3297,2768,5381
2022-02-08,16568,32281,8,6,f0489799c8da413e,360,2117,350,6253,2843,728,3247,670,6857,6322,7776,3199,2600,5527
2022-02-09,16022,33041,8,6,af360d6be8f8c567,376,2338,356,5893,2657,683,3028,691,7182,6806,7422,3031,2914,5686
2022-02-10,18260,33359,8,6,e03615ec3fcde6fd,365,2638,383,6110,3990,822,3173,779,7448,6172,8357,2897,2572,5913
2022-02-11,18110,29970,8,6,b0f5258f4141b5b1,330,2889,272,5438,4367,1111,2963,740,6700,5951,7133,2722,2344,5120
2022-02-12,14047,25873,8,6,393099a026e9a791,238,1978,267,4567,2942,826,2496,733,5734,5575,6987,1916,1798,3863
2022-02-13,14274,28255,8,6,a4bc0eab422ec676,300,2159,333,5062,2562,728,2433,697,5962,6509,7712,1873,2194,4005
2022-02-14,16504,30078,8,6,28cf86154ad10068,359,2583,377,6022,2589,688,2898,988,6189,6980,6751,2641,2584,4933
2022-02-15,18391,32313,8,6,a485e88cd423f734,1186,2461,361,6465,3123,770,3269,756,6599,7566,6941,2985,2707,5515
2022-02-16,17226,33557,8,6,221377a328ecacdc,684,2413,388,5750,3286,846,3136,723,6603,7841,7476,3101,2724,5812
2022-02-17,18750,32147,8,6,2e1f95d397f09436,1778,2393,414,6157,3310,772,3197,729,6337,7160,7470,2823,2742,5615
2022-02-18,16014,29642,8,6,aa20c7551d6f76f9,864,2351,405,5236,2695,650,3018,795,6462,6839,6555,2471,2420,4895
2022-02-19,13498,26058,8,6,e384095779ce83ee,598,2014,369,4419,2319,680,2451,648,5611,6240,6504,1845,2074,3784
2022-02-20,14067,30163,8,6,5e2b8a2ee7c7b89b,450,1854,361,5133,2402,735,2455,677,5584,6329,9271,2047,2386,4546
2022-02-21,15842,30478,8,6,9e8c493ead091cd3,480,2068,418,5595,2473,913,3141,754,6083,6446,7312,2699,2961,4977
2022-02-22,17349,31530,8,6,5defefdf09a16089,528,2015,389,6351,2627,841,3513,1085,6280,6667,7244,2914,2960,5465
2022-02-23,17121,31311,8,6,dd1e5c94c209338d,607,1946,325,6115,2751,840,3510,1027,6289,6945,6855,2836,2971,5415
2022-02-24,24316,29972,8,6,b2b4a413d3b27f15,779,2242,427,7801,2545,1217,6631,2674,6590,6133,6292,2684,2956,5317
2022-02-25,17229,27634,8,6,59fe59cc696f9394,603,2025,307,6038,2305,815,4162,974,6537,5545,5923,2520,2555,4554
2022-02-26,12887,24700,8,6,6f392a45577688c3,549,1669,264,4582,1910,612,2740,561,5928,5001,5911,1996,2364,3500
2022-02-27,18061,27474,8,6,36226ef0cca95d20,4864,1965,307,5108,1970,623,2597,627,6197,5418,6071,2334,3308,4146
2022-02-28,20916,30268,8,6,9a782c0f0ccb61e8,4189,2263,476,6383,2497,838,3462,808,6937,5929,6510,2707,3156,5029
2022-03-01,17723,28803,8,6,8d5232ddf35c43d0,1647,2466,452,6059,2562,744,3081,712,6873,5656,6002,2477,2662,5133
2022-03-02,18995,28651,8,6,4ab4a4f5ef599f41,883,3138,434,6284,3331,1054,3195,676,7023,5703,5846,2619,2481,4979
2022-03-03,17177,29500,8,6,0e7066f09280a5de,666,2520,438,6132,2597,1065,3103,656,7339,5613,5947,2665,2569,5367
2022-03-04,16321,27699,8,6,46af0ae845baa564,515,2233,414,5994,2362,1124,2968,711,6871,5657,5785,2320,2172,4894
2022-03-05,13401,24103,8,6,6b94a7ebff23b434,508,1800,329,4702,2101,987,2459,515,6303,5241,5283,2126,1594,3556
2022-03-06,14895,26087,8,6,f7604ff159a7f739,417,2472,391,5664,2122,942,2329,558,6622,5626,5697,2088,2040,4014
2022-03-07,19906,29668,8,6,21403d2a66136219,426,2489,517,6969,2955,2164,3134,1252,7087,5900,6079,3156,2472,4974
2022-03-08,20661,28947,8,6,f34bca034ddea97b,551,2442,569,7541,2835,2537,3186,1000,7258,5705,5895,2722,2420,4947
2022-03-09,20126,30298,8,6,4948a90127415fb7,575,2803,480,7345,3059,2074,3061,729,7585,5880,6706,2650,2494,4983
2022-03-10,20844,30518,8,6,6f5ca12750e00901,412,2643,501,7058,3814,2581,3161,674,7599,5989,7018,2487,2483,4942
2022-03-11,19310,29676,8,6,37fb6dbcbd7f5b3f,409,2517,402,6228,3637,2625,2856,636,8169,5638,6477,2390,2576,4426
2022-03-12,15567,25443,8,6,2dc792d84084dc54,275,2074,297,5006,3139,1672,2489,615,7198,5091,6495,1620,1800,3239
2022-03-13,15394,27475,8,6,81e954ddf2094e1a,288,2148,349,5544,2580,1470,2315,700,7455,5434,6448,2020,2175,3943
2022-03-14,19135,29435,8,6,4ed5963e8aff3f03,303,2589,484,6838,3330,1971,2898,722,7266,5911,6830,2305,2421,4702
2022-03-15,19780,29039,8,6,73e1ecba934dd861,282,2912,447,6254,3325,3031,2760,769,7144,6136,6296,2521,2311,4631
2022-03-16,21230,28668,8,6,8244fe1ebe46556b,282,5040,441,6145,3631,2622,2462,607,7175,6155,5872,2544,2218,4704
2022-03-17,18648,28204,8,6,24981ef4c9236d84,367,3884,433,5662,3448,1847,2437,570,6943,6529,6034,2321,1957,4420
2022-03-18,14860,28208,8,6,772c803521adb8e5,352,2481,335,4784,2808,1448,2128,524,7051,6597,6722,1792,2118,3928
2022-03-19,11830,23941,8,6,78e3e1be1d348fae,223,1871,294,4085,1992,816,2065,484,6345,5826,5504,1562,1376,3328
2022-03-20,13006,26034,8,6,cb17795332934025,283,1987,372,4764,2255,786,2084,475,6537,5822,6200,2030,1686,3759
2022-03-21,16779,30726,8,6,1aba60ae696600da,319,2959,388,5713,2917,1065,2864,554,7573,6054,6819,2628,2201,5451
2022-03-22,18025,32163,8,6,2d177b02fea97c16,309,2848,395,6964,2932,1251,2748,578,7434,6208,7510,2758,2065,6188
2022-03-23,17589,30173,8,6,badfa06da30273c3,329,2548,395,6121,3516,1465,2696,519,7739,5599,6908,2678,2127,5122
2022-03-24,16443,30513,8,6,b3e2ce30109ab985,310,2538,370,5950,2846,1297,2586,546,7969,5880,6847,2736,2137,4944
2022-03-25,14481,27878,8,6,067cac084caa6531,269,2176,327,5139,2475,1193,2437,465,7286,5583,6308,2311,1935,4455
2022-03-26,11660,23647,8,6,121abf1929c9498c,250,1776,309,4027,1853,987,2014,444,6437,5014,5613,1887,1473,3223
2022-03-27,13073,26789,8,6,27df09cedd7879e4,270,1847,376,5033,2164,1029,1935,419,6814,5190,7372,1901,1847,3665
2022-03-28,15486,29624,8,6,937083e2605befd2,272,2123,374,5696,2494,1278,2695,554,7232,5711,6930,2665,2172,4914
2022-03-29,16503,29543,8,6,ae641ad68444565c,362,2161,409,5893,2567,2032,2505,574,7425,5849,6697,2607,2241,4724
2022-03-30,17565,30223,8,6,07a6735ffcd976d8,301,2181,391,5725,2703,2849,2669,746,7303,6172,6641,2730,2566,4811
2022-03-31,15870,30165,8,6,392b0eb5a982050d,298,2030,413,5783,2738,1587,2429,592,7357,6016,6834,2890,2221,4847
2022-04-01,14699,34101,8,6,1029db1e1de11cb3,238,2064,381,5010,2450,1663,2361,532,6902,6122,6314,2248,8437,4078
2022-04-02,11987,24567,8,6,ea8a370e20b79ce3,201,1729,406,4107,2040,1208,1914,382,6148,5724,6275,1802,1614,3004
2022-04-03,12782,25861,8,6,7ff89c86ca5355dd,235,1907,484,4687,2023,895,2140,411,6536,5620,6678,2017,1666,3344
2022-04-04,15646,29597,8,6,1ec2cca19e1e8301,291,2092,547,5835,2658,1303,2434,486,7370,5780,6864,2834,2060,4689
2022-04-05,16841,30253,8,6,f80639872a0b185b,285,2303,509,5865,2686,2085,2597,511,7358,6236,6964,2855,2082,4758
2022-04-06,19478,30133,8,6,83e8813ccda22160,358,2968,451,5678,3014,3807,2648,554,7275,6071,7015,2836,2198,4738
2022-04-07,17935,30201,8,6,1b21c8f02fa688ce,331,2475,481,6094,2836,2576,2585,557,7432,5910,6967,2925,2257,4710
2022-04-08,15688,27343,8,6,bc462badf964c138,260,2034,376,5244,2681,2226,2352,515,7189,5722,6240,2410,1623,4159
2022-04-09,13692,23961,8,6,760d552ca1f89130,192,1759,324,4276,2069,2547,2095,430,6330,5336,5892,1854,1423,3126
2022-04-10,14470,25312,8,6,6fc04165e21fe420,223,1847,334,4687,2282,2805,1847,445,6409,5678,5987,2086,1574,3578
2022-04-11,17112,29370,8,6,148db4cb37030b46,264,2081,402,5679,2584,2947,2551,604,6856,6292,6809,2841,1895,4677
2022-04-12,20608,29440,8,6,c001a62160951034,292,2492,433,5591,4335,4363,2478,624,6974,6167,6928,2738,1921,4712
2022-04-13,19915,28114,8,6,0eb42c717b4c1571,280,2274,460,5287,5123,3773,2220,498,6438,6195,6337,2457,1685,5002
2022-04-14,16112,27816,8,6,ec9168972f16834e,283,2061,377,4965,3420,2439,2056,511,6859,6296,6624,2083,1622,4332
2022-04-15,13270,26616,8,6,bb0fd9ed466e02ad,220,1932,324,4178,2389,1499,2171,557,6518,6557,6543,1858,1505,3635
2022-04-16,11629,27192,8,6,4367fd750fd0e3bc,182,1687,307,3928,2105,1051,1926,443,6325,7718,6677,1743,1534,3195
2022-04-17,12193,26685,8,6,520d55c0a2cf6c0a,248,1659,310,4378,2169,1245,1787,397,6827,6796,6307,2000,1554,3201
2022-04-18,15776,29103,8,6,eb6a9155e5f07c45,280,2036,404,5102,2556,2117,2733,548,7284,6594,6730,2409,1833,4253
2022-04-19,16060,30409,8,6,b78fe0afdab2c634,323,2109,401,5255,3016,1647,2644,665,7463,7355,6441,2610,1956,4584
2022-04-20,15772,33785,8,6,7d4796b0343ed082,274,2062,436,5374,2964,1625,2530,507,7463,10671,6210,2707,1983,4751
2022-04-21,15690,36130,8,6,997799c593f71a8a,392,2300,400,5300,2894,1406,2409,589,7621,13042,6122,2668,2008,4669
2022-04-22,15442,31313,8,6,2af605dad036444c,294,2371,405,4819,2463,1828,2571,691,6790,9961,6056,2563,1765,4178
2022-04-23,12397,25579,8,6,510d40c5514eaa32,212,1714,371,4062,2047,1236,2186,569,6205,7440,5495,1931,1360,3148
2022-04-24,13017,26443,8,6,1c59bf88b9d0f9fa,286,1840,350,4564,2199,1254,1996,528,6415,6497,6401,1963,1586,3581
2022-04-25,16594,33600,8,6,d83b6cae6fa4131b,273,2108,406,5950,2762,1515,2776,804,7091,7364,9632,2753,1918,4842
2022-04-26,18492,31369,8,6,d5f9389ee76df584,324,2151,430,6307,2734,2788,2802,956,7042,7375,7054,2851,2019,5028
2022-04-27,20035,31470,8,6,44a982a303cd7b08,260,2221,405,5925,3635,4124,2629,836,6995,7188,6715,3057,2090,5425
2022-04-28,20203,30446,8,6,8e7ea4d56078bbbe,291,2095,413,5387,3026,5856,2461,674,7000,7307,6422,2998,1872,4847
2022-04-29,18395,27876,8,6,05779b8db43ca69b,250,1973,353,5036,2453,5356,2283,691,6771,6772,5907,2379,1665,4382
2022-04-30,14484,24043,8,6,3e78a8832a559c61,225,1710,349,4346,1967,3313,1858,716,5874,6622,5325,1787,1293,3142
2022-05-01,13662,26380,8,6,a4fde8a07a8f67a2,242,1788,340,4578,2070,2532,1530,582,6057,7307,6813,1924,1322,2957
2022-05-02,16611,29022,8,6,931e869e10841526,280,2314,368,5718,2283,2644,2189,815,6847,7282,6581,2412,1807,4093
2022-05-03,16451,28946,8,6,d04acc3f59ad5521,293,2542,347,5458,2793,2317,2100,601,7214,6714,6242,2627,2023,4126
2022-05-04,20636,29295,8,6,505aee29c9ad62a6,329,5206,423,5537,3463,2485,2507,686,7316,6433,6154,2789,2027,4576
2022-05-05,24099,29002,8,6,4f0f937ed24d0771,274,4480,613,5691,4720,4331,2741,1249,7014,6372,6203,2760,1991,4662
2022-05-06,20941,27640,8,6,1c4ce2ab3a5f41bb,296,3023,538,5496,3485,4125,2712,1266,7049,5896,6217,2561,1879,4038
2022-05-07,14028,23948,8,6,cd694ba197491626,221,1950,360,4171,2223,2409,2042,652,6075,5506,5856,1778,1447,3286
2022-05-08,13319,29143,8,6,c20f1657ec4ea602,243,1879,360,4456,2233,1579,1905,664,6490,5736,10031,2039,1528,3319
2022-05-09,20445,30955,8,6,7838a00331e8c788,326,2454,504,6148,3016,3160,2998,1839,7301,6111,7950,2712,2127,4754
2022-05-10,22719,30401,8,6,72263a07e42e1f46,441,2774,505,6101,3595,4067,3720,1516,7213,6068,6930,2986,2293,4911
2022-05-11,23326,30328,8,6,13a9d327c2eb8ef5,563,3481,508,6037,4416,3528,3104,1689,6938,6456,6674,3122,2223,4915
2022-05-12,26518,31559,8,6,bd85cc30d5dc6e5c,710,3432,544,6383,4920,5301,3214,2014,7160,6831,7572,2924,2221,4851
2022-05-13,20390,31019,8,6,fe89c0fc4212748b,576,2830,371,5613,3961,3376,2603,1060,6891,6720,8867,2384,1889,4268
2022-05-14,14744,26443,8,6,e8ed27170497e4b7,375,1977,354,4005,2892,2325,2100,716,6105,6908,6889,1955,1373,3213
2022-05-15,14887,29613,8,6,03cf2250114427ee,385,1898,383,4515,2946,2084,2037,639,6348,8585,7412,2172,1699,3397
2022-05-16,19621,41002,8,6,3514105a9d27dcbb,390,2462,477,5626,3501,3816,2607,742,7268,15082,8488,2948,2335,4881
2022-05-17,19301,33347,8,6,03977c7a6e8941d5,356,2518,503,5373,3959,3275,2622,695,7120,7745,7996,3128,2333,5025
2022-05-18,25033,31568,8,6,ca32e1184fd96ae5,336,2475,552,5860,5466,6413,2848,1083,7679,6699,7125,2835,2446,4784
2022-05-19,27745,32211,8,6,c8ae6daeacc2d710,377,2454,505,6351,4606,9284,2992,1176,7677,6645,7749,2810,2381,4949
2022-05-20,23630,29591,8,6,ac90dcc245aa20c8,311,2174,481,5469,3324,8317,2525,1029,7272,5887,7002,2584,2245,4601
2022-05-21,19150,25726,8,6,682efc24323ebcd5,248,1872,351,4741,2786,6426,2021,705,6421,5339,6814,1970,1766,3416
2022-05-22,17472,30346,8,6,274ef72af931b716,271,1947,353,5085,2922,4438,1894,562,6808,5540,7055,2289,4981,3673
2022-05-23,19716,31316,8,6,e2a7981fceb9792c,326,2246,482,5640,3306,4584,2496,636,7633,5795,7546,2925,2588,4829
2022-05-24,19468,30842,8,6,1ceb6ae353f9a444,325,2193,479,5749,3177,4233,2611,701,7263,5868,7110,3130,2535,4936
2022-05-25,17693,30493,8,6,dee207b5f3edf503,295,2191,431,5367,3066,3291,2416,636,7178,5808,6878,2999,2689,4941
2022-05-26,17007,30592,8,6,861b39218412baf2,279,2183,470,4909,2928,3423,2246,569,7222,6475,7016,3011,2351,4517
2022-05-27,15107,27271,8,6,0c0b0122f83ef978,251,1837,308,4408,2639,3172,1967,525,6488,5304,6690,2328,2210,4251
2022-05-28,12042,24611,8,6,a2db47d5411ed0b8,212,1527,291,3568,2292,2201,1599,352,5986,4781,6393,2078,1983,3390
2022-05-29,12120,27848,8,6,d19d28ad85332a42,238,1623,358,3881,2127,1814,1704,375,6518,5244,7933,2147,2017,3989
2022-05-30,13575,29119,8,6,72061e6b61b22618,232,1767,405,4501,2538,1636,2069,427,6883,5407,7501,2654,2134,4540
2022-05-31,16047,29418,8,6,e772ebee9fcac29f,256,2429,378,4940,3128,2344,2159,413,6975,5637,6950,2820,2300,4736
2022-06-01,17850,28745,8,6,e9bf689c8d006fb9,243,2751,431,4870,3390,3578,2151,436,6881,5192,6711,2791,2431,4739
2022-06-02,16082,28979,8,6,61c9b7f727491f19,245,2419,394,4702,3073,2786,2019,444,6588,5549,6678,2772,2682,4710
2022-06-03,15371,27306,8,6,cf2f9308d50235f8,236,2110,575,4219,2824,2845,2107,455,6426,5362,6630,2458,2338,4092
2022-06-04,13508,24066,8,6,16037191ca8a00aa,236,1681,619,3851,2315,2763,1586,457,5802,5022,6110,2039,1851,3242
2022-06-05,16024,27286,8,6,0604a7babd4abd42,258,1767,466,4452,2564,4466,1651,400,6470,5433,7224,2370,2032,3757
2022-06-06,17796,29961,8,6,6d4f299bc688e7a4,262,1876,450,4856,2976,4858,2017,501,6927,6192,7308,2764,2286,4484
2022-06-07,18717,29437,8,6,8f915787ee591ab1,320,2159,447,4989,4036,4092,2149,525,6924,5448,6976,3035,2361,4693
2022-06-08,19103,28745,8,6,965b981f82460f0e,261,2158,578,4778,4081,4800,1975,472,6876,5645,6425,2941,2293,4565
2022-06-09,18409,28863,8,6,dec895e6f6482a3b,252,1977,367,4669,3965,4782,1891,506,6559,5771,6566,2895,2155,4917
2022-06-10,22780,27162,8,6,302e136e5754c26f,284,2454,398,4726,5279,6909,2004,726,6705,5444,6296,2456,1881,4380
2022-06-11,21163,25530,8,6,cd85263d7894eace,252,2085,405,4398,5029,6229,2161,604,6314,5575,5923,2003,1900,3815
2022-06-12,19169,29140,8,6,80b54b8ed32d597b,261,2359,367,4723,4184,5123,1545,607,7428,6501,6996,2383,1873,3959
2022-06-13,34431,30078,8,6,5ba590b607fa1ee5,1520,3449,529,6645,5006,12456,2836,1990,6646,7165,6733,2775,2270,4489
2022-06-14,39056,30546,8,6,5a38b5b23adabfa1,1259,4260,560,7081,5788,15619,2804,1685,6762,7872,6308,2923,2147,4534
2022-06-15,41192,29950,8,6,4c0b69ad04928afa,607,8937,485,6579,6478,14615,2443,1048,6868,7237,6280,3094,2026,4445
2022-06-16,45057,27438,8,6,737fc903af247e8e,412,6727,506,6153,5922,21199,2740,1398,6247,5913,6222,2648,2024,4384
2022-06-17,31928,27373,8,6,259fce39d2da4f7d,439,3756,418,5525,4296,14261,2097,1136,6163,5576,7154,2402,1792,4286
2022-06-18,23688,25903,8,6,9dce81c3cabdb040,367,2879,388,4817,3370,9257,1833,777,6207,5474,6422,2063,1730,4007
2022-06-19,25721,29958,8,6,b3e1632f6396616c,398,2957,372,5241,3227,10978,1804,744,9114,5825,6948,2270,1846,3955
2022-06-20,30574,29686,8,6,5f10df2cb041ef0d,347,3164,519,5625,3677,14010,2342,890,8245,5855,6507,2704,1924,4451
2022-06-21,26522,27874,8,6,37e23034a38057b5,349,2845,486,5205,3827,10647,2466,697,6534,5534,6440,2780,2009,4577
2022-06-22,26776,27617,8,6,c9910250d0ab2048,334,3130,445,5058,4964,9697,2384,764,6255,5418,7111,2695,1855,4283
2022-06-23,22942,27950,8,6,34c8c383793a0ea0,270,2854,395,4763,3865,7942,2155,698,6570,5969,6242,3355,1870,3944
2022-06-24,17600,26450,8,6,97f0d3144170e569,296,2280,370,4113,2990,4856,2045,650,6027,6191,6156,2581,1704,3791
2022-06-25,14409,24668,8,6,5b42d2b83c2b13bd,354,1825,334,3872,2248,3611,1753,412,6237,5446,6142,2118,1477,3248
2022-06-26,14850,26906,8,6,82fdf066e0b47e63,602,1799,308,4142,2619,3243,1664,473,6729,5276,7016,2349,1813,3723
2022-06-27,16259,26990,8,6,b04bb8e9aff47127,307,2075,364,4477,2924,3482,2098,532,6656,5477,6237,2441,1844,4335
2022-06-28,15810,27316,8,6,e58fe22cdf73413f,282,2203,358,4267,2798,3393,1999,510,6894,5411,6286,2363,1914,4448
2022-06-29,16518,26677,8,6,4d10b142f5afaec2,273,2186,373,4122,2975,4116,1968,505,7190,4649,6077,2294,1806,4661
2022-06-30,16164,25340,8,6,4a0e8d0704a8fa2f,267,2169,436,4078,2699,4070,1880,565,6797,4424,5866,2275,1719,4259
2022-07-01,16161,23503,8,6,f4bfa19f1ca5ef01,423,1923,354,3780,2744,4611,1806,520,6210,4448,5498,2069,1687,3591
2022-07-02,14078,22785,8,6,f57d134f0f4d08ba,370,1722,307,3796,2167,3721,1581,414,5923,4313,5826,1844,1550,3329
2022-07-03,13236,25270,8,6,321ab33a48547a9f,284,1744,301,3758,2363,2845,1504,437,6185,4504,6676,2306,2149,3450
2022-07-04,15688,25787,8,6,f5b3d59f54ab7e17,305,1916,445,4395,2738,3536,1809,544,6283,4733,6813,2186,1852,3920
2022-07-05,18884,25220,8,6,7b0a3f681bb1bc5c,335,2023,381,4421,3606,5576,1993,549,6025,4698,6753,2143,1822,3779
2022-07-06,19453,23907,8,6,99a93420a8077633,326,2191,409,4126,3367,6489,2047,498,5970,4457,6140,2079,1668,3593
2022-07-07,17638,24167,8,6,c1fe5b0ded45c6d2,252,2175,403,3956,2918,5496,1980,458,5895,5009,5886,2081,1670,3626
2022-07-08,15751,22991,8,6,e249544ce27f85a9,285,2037,348,3765,2428,4419,2020,449,5910,4902,5628,1719,1588,3244
2022-07-09,12627,23231,8,6,32ff0d007a23a2ab,250,1573,308,3470,2139,2989,1506,392,5845,4753,6142,1532,1818,3141
2022-07-10,13362,26094,8,6,0cee488ce1b9f674,285,1650,383,3765,2425,2871,1548,435,6612,5394,6800,1798,2153,3337
2022-07-11,16947,26432,8,6,74253cb34f960d79,1926,2088,478,4120,2678,3362,1825,470,6642,5573,6699,2073,1892,3553
2022-07-12,16134,29098,8,6,83328b8137e9c4ed,718,2287,394,3847,3092,3463,1857,476,6686,7020,6503,1896,3026,3967
2022-07-13,21639,30157,8,6,239250f42d9470a1,432,2974,435,4252,5577,5742,1739,488,6830,8589,6514,2050,2141,4033
2022-07-14,21502,29772,8,6,44fc414acd2d034f,407,2969,462,4031,5644,5546,1907,536,7303,8017,6601,2015,1666,4170
2022-07-15,17089,27055,8,6,e9befd4e775d5ed7,359,2491,457,3743,3736,3816,2010,477,6972,6356,6371,1884,1780,3692
2022-07-16,14023,26016,8,6,622f78664050fc1a,289,2014,381,3621,3016,2598,1699,405,6568,6039,6805,1681,1662,3261
2022-07-17,14018,26886,8,6,3c72883172222e56,308,1903,335,3682,3165,2600,1607,418,6429,6302,6531,1740,2138,3746
2022-07-18,15539,27501,8,6,d53953fbb5059fb3,348,2336,350,3979,3273,2853,1953,447,6560,5967,6700,2062,2193,4019
2022-07-19,15662,28492,8,6,602d6d55cafe64f8,352,2205,385,3829,3310,2912,2144,525,6576,6895,6579,2167,2261,4014
2022-07-20,15575,41150,8,6,4d0a408ea6cb73d6,417,2004,309,3815,3871,2579,2097,483,6347,19310,6227,1923,2393,4950
2022-07-21,16017,29583,8,6,5b16a1c4f244831b,411,2263,393,3811,3436,3091,2098,514,6809,7767,6683,1924,2376,4024
2022-07-22,13695,26300,8,6,beba880b332b959d,332,1879,313,3630,2455,2789,1824,473,6421,5267,7072,1802,2100,3638
2022-07-23,11710,25370,8,6,4ebcce5067e0857e,273,1784,254,3319,2090,1912,1634,444,6442,5201,7017,1475,1853,3382
2022-07-24,13961,27627,8,6,6c945f7f7621d450,294,1860,288,3668,2190,3629,1579,453,6868,5321,7713,1653,2635,3437
2022-07-25,26883,28669,8,6,400871c1db9135ee,327,2618,312,4167,2633,14455,1924,447,6853,5235,7468,2002,3127,3984
2022-07-26,32589,27597,8,6,b93a4dcf15fde83c,307,2862,422,4045,3024,19260,2122,547,6868,5170,6817,2079,2467,4196
2022-07-27,35826,27466,8,6,97e87e870048c233,314,5719,318,4346,3955,18761,1914,499,7080,5251,6809,1915,2435,3976
2022-07-28,97880,26551,8,6,3950a36d244a8ea9,554,4666,401,4767,4166,80763,2076,487,6788,5001,6603,2171,2274,3714
2022-07-29,216980,25777,8,6,d034714c5a9cb3ea,378,2823,461,4359,3898,202793,1849,419,6683,5362,6345,1714,2008,3665
2022-07-30,82377,23567,8,6,e3dcd408ab22e1c7,234,2135,418,3803,2548,71177,1677,385,6318,4731,6131,1430,1778,3179
2022-07-31,49783,26291,8,6,f52d8eea28386412,234,2100,281,3886,2562,38613,1715,392,6452,4870,6997,1832,2494,3646
2022-08-01,45252,26086,8,6,cf4da77b67d2b14b,244,2315,423,4048,2643,33161,1996,422,6708,4974,6690,1797,2118,3799
2022-08-02,39987,26808,8,6,c114938f58e98628,273,2340,372,3679,2732,28064,2126,401,6812,4717,6820,1925,2286,4248
2022-08-03,48692,26301,8,6,b6cb56ce9ac0a57d,286,2509,352,3713,2855,36417,2197,363,6323,4643,6734,2050,2141,4410
2022-08-04,42434,26381,8,6,b8a75ffacc33a360,301,2418,347,4111,3816,28979,2026,436,6431,4798,7040,1833,2262,4017
2022-08-05,29567,25965,8,6,8cb7e13ad7e8a4de,256,2283,304,3673,3391,17366,1897,397,6703,4775,7048,1647,2006,3786
2022-08-06,21442,24310,8,6,334a2367923cf369,300,2132,292,3358,2527,10645,1816,372,6250,5028,6506,1354,1674,3498
2022-08-07,19931,26499,8,6,915761a5d0902a37,204,2194,290,3511,2264,9260,1830,378,6567,5282,7251,1665,2145,3589
2022-08-08,20523,26373,8,6,27524b51095beaa2,270,2182,323,3711,2659,8853,2104,421,6780,5479,6925,1605,1744,3840
2022-08-09,17937,27104,8,6,754e6a955d7a9ff8,237,2273,286,3474,2516,6563,2203,385,6409,5551,6961,1820,2166,4197
2022-08-10,17772,27257,8,6,c151d187affc35b7,257,2276,296,3646,2881,6043,2033,340,6826,6191,6882,1692,1750,3916
2022-08-11,16310,29205,8,6,91f8f3d9179a53aa,242,2304,255,3518,2799,5058,1720,414,6665,8710,6704,1671,1703,3752
2022-08-12,15019,28886,8,6,1f89205b9e7219b4,305,2098,327,3403,2288,4426,1773,399,7160,8615,6171,1556,1798,3586
2022-08-13,12032,25510,8,6,71c0e37da0b2fdb0,244,1724,263,3242,1912,2608,1709,330,6333,6262,6457,1403,1897,3158
2022-08-14,13088,26627,8,6,086b7ba8c4e1cd62,242,1892,228,3508,1787,2760,2325,346,6648,6209,7091,1462,1775,3442
2022-08-15,14629,30127,8,6,7f7196d7deb7608d,213,2141,301,3730,2129,3418,2319,378,7171,6079,9313,1784,2033,3747
2022-08-16,14976,33229,8,6,6fbdc30af7cd0039,254,2152,377,3680,2520,3171,2432,390,7510,5558,11772,2027,2040,4322
2022-08-17,16306,30639,8,6,9a779c1b1a381eaa,269,2420,306,3697,3725,3068,2441,380,7287,5802,8994,2125,2150,4281
2022-08-18,15103,28745,8,6,b321c8ae363f820a,228,2391,303,3964,2801,2703,2320,393,7653,5188,7292,1986,2107,4519
2022-08-19,13896,28784,8,6,bf41188bf5ca2bad,238,2332,302,3793,2217,2332,2201,481,7399,5515,7280,2022,2211,4357
2022-08-20,11782,26513,8,6,faaf41d447760030,194,1927,270,3295,1878,1719,2149,350,6952,5364,6904,1620,1946,3727
2022-08-21,12963,28994,8,6,218b9de33c6cad12,218,1899,230,3603,2118,2387,2108,400,7042,5566,7732,1811,2396,4447
2022-08-22,16744,30728,8,6,461a4c693e35f7aa,213,2576,255,4190,2822,3614,2482,592,7283,5731,7962,2455,2521,4776
2022-08-23,19793,31269,8,6,ec48bebc2c051a22,296,2784,278,4060,2892,6588,2485,410,7144,6055,8106,2217,2884,4863
2022-08-24,23599,31992,8,6,f3fe776c34a735fd,235,2526,288,3962,2846,10893,2428,421,7452,6831,7888,2270,2738,4813
2022-08-25,20140,30440,8,6,a5a3bbfbbebb4e9f,261,3140,322,3945,2894,6645,2564,369,7548,5395,7374,2463,2759,4901
2022-08-26,18207,28427,8,6,4de92fe41a2bba8d,236,3973,303,3675,2721,4425,2339,535,7067,5304,7292,2086,2321,4357
2022-08-27,14968,26572,8,6,900c7b7a51eecf64,234,3156,250,3334,2439,2933,2140,482,6534,5026,7017,1764,2681,3550
2022-08-28,13438,28740,8,6,0b24ed5ce85b48d8,203,2547,265,3675,2198,2288,1819,443,6760,5647,7807,2000,2616,3910
2022-08-29,16470,31869,8,6,58050be30c44fcde,284,3109,339,4269,2544,3101,2255,569,7298,7493,7625,2201,2682,4570
2022-08-30,15981,29921,8,6,f64d05e25e44f536,298,2855,323,4183,2577,3017,2245,483,7274,5804,7297,2229,2595,4722
2022-08-31,15117,30552,8,6,f0660786635999be,253,2534,292,4109,2495,2990,1948,496,7349,5515,7576,2336,2824,4952
2022-09-01,14494,31355,8,6,e601a91505cd9b0e,192,2246,315,4099,2313,2419,2372,538,7361,6158,7416,2318,2639,5463
2022-09-02,13624,29191,8,6,2a6d7a20e4e394f0,223,2047,267,3869,2284,2267,2115,552,6981,5455,7270,2112,2519,4854
2022-09-03,11586,27749,8,6,67ade35b90bddabf,195,1780,261,3444,2027,1496,2005,378,6571,5920,7815,1600,2054,3789
2022-09-04,11940,29659,8,6,8f3d995efa806145,204,1740,295,3941,1959,1485,1882,434,6810,5500,8236,1937,2709,4467
2022-09-05,14361,31289,8,6,46f1e03a4a97ec96,231,1940,352,4399,2384,2374,2266,415,7259,5898,8333,2151,2875,4773
2022-09-06,14957,32739,8,6,d330094822330a43,234,2030,355,4605,2716,2300,2268,449,7429,5771,8675,2522,3175,5167
2022-09-07,15443,33870,8,6,30360fc2c8256f7f,229,2313,347,4659,2659,2358,2363,515,7470,6754,8457,2611,2982,5596
2022-09-08,16224,36070,8,6,3b93b85297d965c4,244,2466,367,5444,2515,2460,2322,406,7267,8864,9136,2691,2665,5447
2022-09-09,13892,35078,8,6,10abed537ba08f2d,196,2204,273,4667,2303,1790,2042,417,7286,10515,7242,2236,2599,5200
2022-09-10,11503,39547,8,6,f75580816c2b9bcd,193,1811,222,3630,2122,1289,1884,352,6937,16513,7721,1815,2237,4324
2022-09-11,12630,37360,8,6,5bc6f5f5e7fb67aa,227,1785,308,4046,2398,1524,1950,392,7590,11709,7875,2167,3126,4893
2022-09-12,15397,36785,8,6,53b98747b519fd12,238,2020,317,5043,2567,2166,2592,454,7519,9056,8162,2816,3339,5893
2022-09-13,18103,36831,8,6,753edbfac6b48cd3,297,2458,311,5160,3221,2785,2878,993,7760,8413,8233,2998,3320,6107
2022-09-14,19192,36295,8,6,c83c0a1eadff2f72,457,2743,379,5080,3689,2738,3124,982,7910,8175,7697,2947,3000,6566
2022-09-15,16734,35169,8,6,4ade4afda739fb62,295,2414,379,5164,2838,2187,2883,574,7736,6839,8066,3231,3138,6159
2022-09-16,18553,31688,8,6,e30fb4f55929efa5,408,3794,340,4836,2573,2962,2911,729,7597,6187,7601,2554,2406,5343
2022-09-17,14360,29279,8,6,c216cd038fca4097,243,2011,269,4008,2043,2629,2676,481,7069,6290,7617,1850,2153,4300
2022-09-18,14666,31768,8,6,ed863ac1cd620540,223,1921,345,4423,2515,2432,2367,440,7702,6095,8315,2191,2812,4653
2022-09-19,17888,34549,8,6,956dac5a301b80e5,248,2725,304,5491,2876,2820,2931,493,8096,5990,8563,2959,3074,5867
2022-09-20,18914,33729,8,6,9a42c51dec25edd1,230,3622,353,5505,2862,2791,2974,577,8064,5653,8135,3088,2995,5794
2022-09-21,24628,35842,8,6,6c71b62c2eca641b,314,7815,375,5463,3514,3618,2913,616,7895,7838,8004,3366,2988,5751
2022-09-22,24865,35336,8,6,5809f917c31f2a51,374,5456,397,5415,3823,5977,2811,612,7797,7468,8031,3233,2855,5952
2022-09-23,22699,31951,8,6,a15941981f910aae,306,3657,413,5192,3164,6338,2646,983,7264,6339,7738,2565,2537,5508
2022-09-24,17313,28568,8,6,be2e19b87628eacb,277,2845,353,4351,2575,3994,2266,652,6601,5390,7895,2033,2154,4495
2022-09-25,16374,30877,8,6,6b4585a7018d405d,319,2782,339,4803,2512,2765,2312,542,7233,6019,7987,2372,2751,4515
2022-09-26,21465,34951,8,6,4f37aa4a397f06ab,310,3125,511,5815,3201,4810,2751,942,7820,6423,8977,2834,3044,5853
2022-09-27,20809,35812,8,6,656df31fc49e6738,350,3252,494,5327,3185,4739,2831,631,7759,6802,9312,3187,3202,5550
2022-09-28,19420,34081,8,6,4556c04e7f2a5a86,577,3222,420,5225,3097,3669,2553,657,7269,6001,9223,3149,2861,5578
2022-09-29,20600,33616,8,6,bad0fb88126a1242,441,3255,451,5054,3028,4858,2654,859,7525,5441,8961,2936,2775,5978
2022-09-30,17656,29515,8,6,8b71dc35e5a09a79,304,2828,407,4736,2851,3407,2471,652,7140,5310,7488,2263,2387,4927
2022-10-01,14486,27602,8,6,fe9ff6b9d57f9cee,304,2452,444,3820,2299,2682,1968,517,6784,5879,7201,1715,2055,3968
2022-10-02,14957,28844,8,6,4e25f94390d144b3,336,2702,347,4296,2318,2480,1965,513,6936,5650,7412,2165,2464,4217
2022-10-03,18232,33855,8,6,f7174a702a61a8b0,405,3543,476,5288,2716,2935,2265,604,8916,6057,7896,2867,2621,5498
2022-10-04,18330,34960,8,6,87fd3bbb37f91bfb,430,3267,416,5288,2878,3237,2182,632,8743,6092,8927,3026,2586,5586
2022-10-05,17728,34582,8,6,ee49cee72e4de6fc,360,2972,324,5225,2884,3043,2305,615,7960,6502,8252,3002,2974,5892
2022-10-06,17250,35310,8,6,320d40c775c988a1,318,2884,406,5139,2858,2739,2395,511,7788,6472,8998,3056,3193,5803
2022-10-07,17323,34984,8,6,7981f4b5c9b3f487,349,3063,389,4929,2579,3140,2305,569,7695,6288,10151,2669,2851,5330
2022-10-08,14146,32888,8,6,e5b15dee7b83143f,383,2490,333,3954,2133,2277,2084,492,6790,7322,9747,2106,2519,4404
2022-10-09,14086,37981,8,6,28721baaba581cad,279,2336,327,4301,2263,2005,2078,497,6897,8941,11286,2650,3167,5040
2022-10-10,19575,40991,8,6,742163598d40090d,962,3659,412,5450,2712,3353,2494,533,7433,8311,13062,3231,3170,5784
2022-10-11,22415,39805,8,6,ac14f21c35673f0b,721,3578,500,5771,2966,5453,2725,701,7700,7014,12030,3650,3147,6264
2022-10-12,23324,38717,8,6,dc0b2901f4ea5009,598,3539,465,5675,3210,6803,2419,615,7937,6909,11212,3539,2866,6254
2022-10-13,21777,39979,8,6,872fec72040a5538,487,3720,427,5522,3773,4620,2521,707,7894,8637,11329,3521,2719,5879
2022-10-14,19443,36465,8,6,d8843c3a76ec4ffe,348,3233,356,4862,3058,4601,2388,597,8941,6350,10367,2919,2565,5323
2022-10-15,15382,31615,8,6,2df837c87aca9144,315,2624,354,4114,2571,2847,2067,490,6597,5714,11092,2077,1952,4183
2022-10-16,16154,34146,8,6,b5c7f4c9deae48cc,330,2674,362,4764,2691,2840,1987,506,7272,5722,11031,2581,2570,4970
2022-10-17,19707,35636,8,6,f5b015c9eea68439,387,3104,396,5657,3277,3826,2518,542,7817,5422,10250,3690,2757,5700
2022-10-18,20941,36267,8,6,c83bc5afa65c91cd,367,3042,479,5497,3377,5230,2458,491,7838,5590,9680,4054,3039,6066
2022-10-19,21282,34902,8,6,3d00c48369978143,360,3118,442,5536,4239,4706,2296,585,7911,5786,8967,3795,2820,5623
2022-10-20,20068,35259,8,6,d6ced6cc46127288,302,3136,415,5682,3280,4564,2191,498,8118,6138,9266,3583,2613,5541
2022-10-21,18060,32341,8,6,dc85288bd75a355e,280,3321,419,4866,2808,3752,2160,454,7498,5822,8348,2795,2672,5206
2022-10-22,15980,28153,8,6,c39f25db37e3d5b3,291,4553,347,3837,2371,2654,1531,396,6993,5638,7650,2067,1734,4071
2022-10-23,14528,30943,8,6,76c032a7f347388f,293,2506,350,4227,2478,2555,1566,553,7093,5838,8828,2381,2410,4393
2022-10-24,19090,32942,8,6,15e7a242eb2b46ad,338,3062,433,5505,3283,3521,1799,1149,7520,5966,8602,3006,2291,5557
2022-10-25,18837,35780,8,6,f472a29ea0278c99,366,2937,429,5601,3173,3509,2132,690,7762,7734,8243,3598,2614,5829
2022-10-26,19065,34967,8,6,1efb1d2c503c5c37,358,3000,430,5407,3407,3390,2437,636,7998,6352,8665,3837,2432,5683
2022-10-27,19881,34359,8,6,45335d4450699ad7,354,3783,398,5393,3455,3610,2298,590,7960,6334,8434,3291,2663,5677
2022-10-28,17567,34150,8,6,ad6547a25161647d,324,2869,353,4913,3128,2927,2499,554,7801,6924,8690,2794,2587,5354
2022-10-29,14297,31592,8,6,449899fef2c7b5b7,259,2230,343,4380,2367,2094,2129,495,7491,7260,8086,2104,2327,4324
2022-10-30,14690,32655,8,6,7d80dc383032fbf8,363,2268,352,4612,2627,1974,2036,458,7383,6963,8710,2293,2565,4741
2022-10-31,17999,33366,8,6,cbf7607b79c415bb,299,3070,375,5642,2959,2302,2798,554,7895,6491,7866,2923,2662,5529
2022-11-01,18578,34168,8,6,48ecaf15befea5ea,325,3336,387,5590,3492,2257,2689,502,7711,6657,7961,3290,2718,5831
2022-11-02,24637,35632,8,6,4b724e10af9fdfeb,426,7482,484,5977,3620,3230,2790,628,8087,6828,8371,3475,2820,6051
2022-11-03,26432,36374,8,6,096ab7f30b2c3433,378,5687,499,6472,4573,5525,2677,621,8238,7022,8535,3413,2855,6311
2022-11-04,21824,33980,8,6,4b0aadd91f870c82,269,3431,400,5511,4443,4857,2434,479,7966,7091,7978,2932,2479,5534
2022-11-05,17690,30943,8,6,8859b275bfd10d26,281,2677,359,4292,4278,3265,2128,410,7983,6692,7568,2130,2050,4520
2022-11-06,17577,32997,8,6,c941fc82f53858e7,281,2730,415,4700,3353,3498,2185,415,7565,7277,7935,2536,2582,5102
2022-11-07,21001,37656,8,6,deb631c713aca12d,424,3162,453,5975,3687,4091,2768,441,8362,8539,8470,3465,2951,5869
2022-11-08,21279,43673,8,6,4bb3f86a5f844209,640,3331,420,5855,3847,3782,2939,465,8027,14426,8619,3623,2945,6033
2022-11-09,21222,38772,8,6,2d4fd239ce24717b,930,3164,458,5570,3504,4328,2732,536,8020,8184,8874,4045,3312,6337
2022-11-10,21826,35394,8,6,3e16b57bd48587d5,1265,2994,378,5612,3952,4200,2802,623,7841,7313,8328,3379,2963,5570
2022-11-11,21536,32612,8,6,27f6e04dc39b0efd,1262,3100,426,4864,3355,5371,2650,508,8059,6344,8188,2531,2519,4971
2022-11-12,17599,30446,8,6,32ae3ab26678d5bc,1462,2589,335,4390,2817,3376,2223,407,7657,6341,7831,2144,2124,4349
2022-11-13,17392,33172,8,6,6498f4b5c069d37a,1392,2434,348,4788,2927,3022,2124,357,8052,6521,8675,2544,2701,4679
2022-11-14,21927,36883,8,6,629d8a4841fe1471,1714,3116,465,6179,3423,3743,2820,467,8621,6870,9425,3341,2761,5865
2022-11-15,22844,37830,8,6,dba9bb0792ba0bb6,1468,2859,462,6123,3770,4859,2845,458,9605,6526,9175,3456,2783,6285
2022-11-16,23250,40376,8,6,7c8ac784d7bcad4a,1698,2834,509,6904,4003,4178,2648,476,8957,9616,8789,3792,3024,6198
2022-11-17,24072,39713,8,6,d5df3d0122f02fd7,2260,2949,451,5953,3599,5663,2681,516,9860,8494,8738,3847,2572,6202
2022-11-18,19217,35931,8,6,9029c36f512932ac,1072,2680,366,5250,3049,3765,2537,498,9225,7233,8428,3103,2278,5664
2022-11-19,14274,32648,8,6,68705065d8c98726,568,2088,365,4073,2455,2342,2027,356,7883,8027,8227,2024,2023,4464
2022-11-20,16000,36369,8,6,cd34f39625f44b88,510,2069,382,4418,2769,3414,2000,438,7614,9990,8850,2689,2381,4845
2022-11-21,18018,36821,8,6,e1dba843c5765511,475,2424,431,5252,2952,3604,2497,383,7800,8857,8386,3452,2772,5554
2022-11-22,18061,35906,8,6,45b40370fee0aeff,507,2244,487,5346,3180,3428,2467,402,7739,8220,8242,3352,2682,5671
2022-11-23,17702,34461,8,6,b2039ec3132985f3,535,2434,428,4802,3208,3527,2339,429,7767,7738,7993,2890,2789,5284
2022-11-24,17270,33280,8,6,a8a4cece0dbdc213,473,2568,492,4835,3034,3028,2430,410,7781,7531,7684,2707,2617,4960
2022-11-25,15284,30876,8,6,eff1bf8991a934ea,485,2308,296,4322,2713,2438,2323,399,6853,7081,8230,2142,2062,4508
2022-11-26,14743,31223,8,6,30b965b43bf29c06,444,2293,426,4208,2394,2229,2357,392,7074,7257,8613,2060,2027,4192
2022-11-27,14578,32898,8,6,68e21e1e5cf7a697,371,2301,349,4626,2634,2084,1843,370,7431,7472,8303,2563,2395,4734
2022-11-28,17860,38741,8,6,d2aaab3156e0f26f,495,2672,554,5830,2890,2378,2583,458,7963,7818,8333,3423,5506,5698
2022-11-29,17890,38768,8,6,408f70c15ebd0945,422,2954,417,5661,2881,2613,2505,437,7571,7417,8383,3354,6092,5951
2022-11-30,19140,36820,8,6,1834b7a036b34a2e,488,3679,428,5701,2986,2792,2635,431,7954,7026,8559,3298,4284,5699
2022-12-01,18623,33770,8,6,aa4ced95a90c5f7b,558,3611,369,5639,2814,2410,2816,406,7741,6370,7659,3024,3524,5452
2022-12-02,15881,31278,8,6,0c20f12465228f1e,416,2693,357,5165,2268,2148,2250,584,6993,5509,8810,2813,2550,4603
2022-12-03,12888,25659,8,6,e2d082f39dea52ee,320,2172,296,4043,1963,1710,1972,412,6286,4982,6822,1869,2041,3659
2022-12-04,14285,28283,8,6,ba7d2f0a6abd6aaf,421,2326,388,4776,2294,1524,2078,478,6577,5224,7328,2299,2832,4023
2022-12-05,16335,31475,8,6,f037d7dac24a304c,479,2530,429,5864,2491,1728,2449,365,7268,5582,7445,3285,3080,4815
2022-12-06,16982,32086,8,6,692518fdc49a3848,489,2512,410,5987,2755,1965,2475,389,7740,5635,7478,3260,2829,5144
2022-12-07,16544,30640,8,6,b5c9f67e8be7df38,406,2616,338,5578,2723,2165,2348,370,7179,6356,6515,3141,2565,4884
2022-12-08,15878,31004,8,6,05e423f0be2eaa4f,456,2373,379,5397,2570,2114,2210,379,7249,6258,6832,3019,2482,5164
2022-12-09,14198,28069,8,6,9255d08419a11ee2,354,2127,334,4879,2132,1884,2150,338,6767,5568,6428,2695,2124,4487
2022-12-10,12864,26570,8,6,3cad20f7af599642,343,1897,304,4121,2068,1809,2008,314,6556,5414,6993,1807,1787,4013
2022-12-11,13738,32137,8,6,37c2708b676ce491,471,1983,374,4826,2206,1545,2020,313,6743,8325,7954,2376,2406,4333
2022-12-12,17584,32559,8,6,b6b1f745f5d68187,491,2718,407,5585,2957,2675,2353,398,7300,6229,7970,3183,2479,5398
2022-12-13,17183,32575,8,6,502bc156e370c148,970,2789,364,5451,3018,1864,2332,395,7150,6635,7492,3254,2496,5548
2022-12-14,19107,32615,8,6,43e677f023f5e06e,727,4586,382,5276,3076,2161,2515,384,7554,7402,7183,2944,2210,5322
2022-12-15,18310,30060,8,6,b4ef648668568629,574,3835,394,5302,2892,2404,2380,529,7187,5701,7166,2903,1936,5167
2022-12-16,15636,28432,8,6,e4f42b405da967be,521,2965,343,4634,2424,2128,2219,402,6645,5381,7573,2201,2005,4627
2022-12-17,12010,25923,8,6,da0da070bd30dd6c,389,2172,258,3718,1901,1479,1743,350,6548,5284,7114,1530,1844,3603
2022-12-18,12112,29658,8,6,d2fdc47b9ecae107,483,2013,305,4190,1857,1282,1647,335,6230,5322,10577,1611,2416,3502
2022-12-19,14948,29042,8,6,2eff09c09ad3a431,479,2258,372,5747,2025,1639,2032,396,6477,5108,8371,2203,2681,4202
2022-12-20,14502,28999,8,6,c877ebb37e7ea8b7,445,2380,345,4728,2250,1720,2206,428,6655,5178,7949,2427,2690,4100
2022-12-21,14353,28092,8,6,fb98805efe8a9f53,401,2515,301,4443,2070,1783,2357,483,6501,5093,8020,1944,2637,3897
2022-12-22,13741,27468,8,6,770507bce5fd2c02,493,2521,320,4185,2072,1695,2013,442,6511,5211,7700,1783,2398,3865
2022-12-23,12642,25524,8,6,da8f1a395c55f877,506,2247,295,3824,1864,1471,1863,572,6144,4670,7893,1414,2082,3321
2022-12-24,11024,24910,8,6,46ae820eb1f894a3,610,1728,215,3674,1679,1223,1523,372,5742,4615,8171,1255,1883,3244
2022-12-25,11899,25405,8,6,c4e8de0fb946c235,1256,1692,204,4486,1497,938,1525,301,5866,4516,8718,1244,1787,3274
2022-12-26,14085,27950,8,6,4292e60ad43fddc7,1144,2159,293,4758,1819,1442,2103,367,6364,4974,9312,1453,1958,3889
2022-12-27,13291,27941,8,6,b4684e8756febcd7,625,1937,234,4476,2184,1350,2133,352,6404,5222,8511,1628,2174,4002
2022-12-28,12857,29947,8,6,778feac8d3707b98,476,1952,268,4275,1960,1512,2047,367,6352,5222,10924,1663,2005,3781
2022-12-29,12027,29210,8,6,7e976265e7b435a7,320,1941,250,4073,1864,1400,1850,329,6706,5667,9146,1590,2088,4013
2022-12-30,11822,27199,8,6,690eedc877b12886,360,1943,356,3838,1742,1335,1888,360,6381,5346,7919,1671,2046,3836
2022-12-31,10710,26191,8,6,dcb2619891b10214,288,1784,262,3865,1571,1123,1507,310,6414,5442,7644,1382,1847,3462
2023-01-01,11462,26882,8,6,946368eebbef582f,252,1702,208,4685,1469,1340,1493,313,6752,5391,7768,1430,1862,3679
2023-01-02,14622,31143,8,6,a7dcadc46cfa92f4,318,1999,291,4960,2195,2319,2222,318,7237,6318,8981,1929,2274,4404
2023-01-03,15438,31108,8,6,a3ec2cbc8ca73499,332,2145,372,4722,2337,2797,2333,400,6956,6600,8125,2361,2257,4809
2023-01-04,16492,31709,8,6,829e92622b4aab68,358,2786,330,5307,2388,2351,2513,459,7213,6458,7958,2605,2549,4926
2023-01-05,16764,32268,8,6,b74f5f7969bb19e8,369,2587,323,5756,2430,2230,2582,487,7503,6211,8404,2451,2567,5132
2023-01-06,15725,32335,8,6,f29c3d5307424c09,359,2256,319,5613,2240,1894,2569,475,7597,6562,8745,2310,2393,4728
2023-01-07,13183,29509,8,6,4e27f412348b19da,301,2040,261,4484,1901,1481,2299,416,6896,6467,8395,1905,1999,3847
2023-01-08,13623,31383,8,6,2518fc5c702e15cf,332,2000,413,4918,2139,1430,1948,443,7181,5866,9705,2222,2335,4074
2023-01-09,16653,34752,8,6,061251702fc01d11,364,2716,380,5980,2574,1608,2554,477,8378,5919,9591,2831,2521,5512
2023-01-10,17396,34521,8,6,777241cfa87ab541,335,2909,350,6377,2349,1916,2713,447,7927,6532,9096,3129,2662,5175
2023-01-11,18609,35950,8,6,a97531c73ca21015,358,3986,389,6238,2461,2261,2453,463,7769,7582,9461,3258,2506,5374
2023-01-12,17521,34018,8,6,0ddf5609c9103e74,411,2831,335,6280,2864,1920,2384,496,7679,6513,8612,3265,2688,5261
2023-01-13,15805,31631,8,6,b1558674ce2a0aec,336,2463,349,5499,2623,1931,2137,467,7460,5760,8632,2747,2205,4827
2023-01-14,12959,28005,8,6,9abddd6d8bcb5ad4,292,2169,288,4410,2053,1573,1858,316,7038,5567,7553,1864,2094,3889
2023-01-15,13161,33650,8,6,c5eb7d4c1f12898d,287,1999,285,4805,2213,1532,1718,322,7228,6072,11470,2299,2315,4266
2023-01-16,15776,34539,8,6,3fe2bd42dd13b5f9,302,2294,347,5169,2682,2393,2175,414,7432,5810,11080,2870,2650,4697
2023-01-17,16916,37025,8,6,1026b1e30ab99228,318,2272,334,6100,2673,2535,2280,404,7872,7208,9955,3474,3189,5327
2023-01-18,17938,35315,8,6,a4bcc45ff5350ea0,389,2476,358,6133,3017,2483,2625,457,8176,6388,8619,3531,2828,5773
2023-01-19,18824,35289,8,6,7398dbfe8d3da777,981,2680,406,6180,2810,2733,2608,426,8169,6210,8643,3636,2959,5672
2023-01-20,17063,33927,8,6,4e82c6fb0cfce671,410,2498,412,5966,2454,2537,2365,421,7775,6124,9268,2739,2611,5410
2023-01-21,14037,32175,8,6,cb3d769ee85716bc,278,2001,284,4690,2092,2296,2035,361,7323,6547,9601,2153,2324,4227
2023-01-22,14631,34242,8,6,598c93dc6fa8d13a,312,1985,298,5251,2265,1983,2146,391,7725,6775,9985,2432,2518,4807
2023-01-23,18544,45886,8,6,9c22b0c554aa1a55,358,2507,380,6968,2740,2535,2640,416,8106,6826,18761,3074,2800,6319
2023-01-24,18236,38490,8,6,31b1ecf467df93fe,307,2484,402,6695,2608,2642,2656,442,8313,6676,10426,3457,2967,6651
2023-01-25,17945,35488,8,6,25659f89d67751dc,330,2490,331,6618,2832,2346,2422,576,8310,6372,8861,3202,2623,6120
2023-01-26,17453,34299,8,6,1d69109f1785fc38,303,2395,380,6716,2560,2413,2189,497,8323,6585,8150,3139,2655,5447
2023-01-27,16631,32665,8,6,9571342bd0341885,301,2147,305,6385,2191,1882,2605,815,8442,6121,8194,2463,2488,4957
2023-01-28,14071,29637,8,6,455dc191100d70a5,276,1978,285,5033,2083,1573,2293,550,7407,5965,7725,1984,2037,4519
2023-01-29,14236,32890,8,6,075a2d2223d7090a,326,1958,297,5373,2197,1472,2126,487,8002,6323,8517,2169,2512,5367
2023-01-30,17081,36209,8,6,d3f12c5ae1f87feb,312,2340,353,6408,2456,1849,2855,508,7995,6950,8350,2950,3130,6834
2023-01-31,17515,36246,8,6,e0062e3296ccfae9,280,2908,387,5946,2619,2100,2808,467,8158,6911,8066,3006,4091,6014
2023-02-01,21029,37514,8,6,08deab0048906c09,334,5167,473,6246,3169,2041,3038,561,8326,8068,8307,2969,4041,5803
2023-02-02,18708,37084,8,6,2c4626b0236e09e4,295,3567,381,6318,2856,1794,2969,528,8247,8460,8114,2751,3762,5750
2023-02-03,16194,34077,8,6,944e7d31da5a0b9c,306,2698,327,5674,2284,1464,2962,479,8029,7602,7796,2267,3209,5174
2023-02-04,12725,41260,8,6,5f7b962d3257b861,232,1895,299,4393,1933,1181,2414,378,7188,8235,17602,1702,2433,4100
2023-02-05,13952,41002,8,6,75c08ad4f248281a,293,1928,481,4933,2145,1272,2157,743,7509,8597,15395,2134,2884,4483
2023-02-06,16705,39067,8,6,e509172f23895fef,336,2321,445,6287,2363,1581,2660,712,8455,9094,9488,2914,3534,5582
2023-02-07,17386,38381,8,6,b474ee9fad18f3c6,328,2939,384,6033,2882,1613,2647,560,8700,8652,8649,3312,3694,5374
2023-02-08,16958,36401,8,6,d1aa7d0de787c3ea,368,2861,406,5810,2918,1632,2477,486,8239,7886,7912,3205,3600,5559
2023-02-09,16464,38188,8,6,d2a12b3b82fbea7a,328,2478,419,5928,2751,1643,2415,502,8501,8794,8544,3292,3461,5596
2023-02-10,14927,35601,8,6,1545954ce2765df0,325,2099,332,5622,2241,1607,2261,440,8634,7725,8498,2848,3001,4895
2023-02-11,11988,31514,8,6,a351e57931765b7d,247,1756,286,4307,1936,1080,2059,317,7344,7381,8087,2003,2683,4016
2023-02-12,12476,33957,8,6,65c81cfa58902f0e,254,1825,321,4667,2174,988,1866,381,7959,7206,8628,2355,3317,4492
2023-02-13,14791,37101,8,6,4e862f268d066315,299,1994,337,5678,2534,1217,2322,410,8067,7369,8092,2765,5419,5389
2023-02-14,15182,35441,8,6,a5d455044ceb59f0,281,2290,319,5428,2927,1258,2263,416,8398,7318,6816,2798,4744,5367
2023-02-15,15983,36085,8,6,036f2491a4568e26,357,2234,323,5778,3183,1383,2259,466,8524,6552,7998,2806,4629,5576
2023-02-16,15332,34908,8,6,e159eca6df73b5ce,310,2271,344,5622,2746,1297,2302,440,8529,6360,7873,2825,3761,5560
2023-02-17,13472,31645,8,6,d927cda239051e15,306,2180,300,4962,2390,1006,1895,433,8102,5917,7888,2268,2725,4745
2023-02-18,10827,29204,8,6,17c4c652d641a83f,208,1775,373,3924,2005,849,1331,362,7276,6043,7964,1742,2320,3859
2023-02-19,11809,32480,8,6,85d34fef978245e5,247,1810,274,4575,2022,920,1580,381,7739,6571,8528,2033,3032,4577
2023-02-20,14341,34414,8,6,9112f2af1f94db87,307,2174,376,5438,2364,1100,2164,418,7957,6462,8456,2497,3845,5197
2023-02-21,15091,35082,8,6,d8ce20557f1d1a12,271,2064,380,6081,2411,1256,2089,539,8011,6460,8516,2887,3503,5705
2023-02-22,15216,35371,8,6,088f33a1c8c93e6a,278,2449,336,5740,2398,1217,2146,652,8034,7189,8094,2915,3408,5731
2023-02-23,15173,36870,8,6,35e1943fda392295,308,2171,359,5882,2438,1286,2096,633,8557,7812,8997,2725,3290,5489
2023-02-24,14010,35764,8,6,344da003c8a61b32,302,2078,312,5220,2261,1545,1870,422,8325,7483,9183,2574,3026,5173
2023-02-25,11955,31432,8,6,ac763ddcb3e60200,268,1921,285,4342,1946,1237,1624,332,7381,7010,8463,1977,2557,4044
2023-02-26,13073,36071,8,6,6c9006d5e2e37469,342,1846,337,4751,2292,1386,1774,345,8009,7590,10068,2385,3433,4586
2023-02-27,16176,39916,8,6,2db5532bad466e37,261,2202,370,6472,2491,1665,2237,478,8872,7499,9701,3428,4760,5656
2023-02-28,16319,39855,8,6,0b8c5794a45adbed,339,2329,340,6361,2531,1897,2053,469,9555,7247,10018,3007,4033,5995
2023-03-01,15784,38549,8,6,b27d972b82bf0455,317,2284,308,6208,2506,1759,2035,367,8645,8156,9919,2886,3128,5815
2023-03-02,15588,38272,8,6,08d80877c6afa30c,348,2214,374,6277,2435,1574,1979,387,8402,8779,9198,3162,2976,5755
2023-03-03,13996,35590,8,6,9b9368b895f7cb1a,295,2180,287,5712,2227,1191,1749,355,8452,8483,8313,2768,2462,5112
2023-03-04,11424,33893,8,6,811c93857c18b7a9,247,1715,246,4519,1841,906,1648,302,7609,8432,9330,2020,2235,4267
2023-03-05,12408,40950,8,6,e7c81f56a7ed6c39,256,1762,264,4921,2090,1053,1667,395,8170,9121,14277,2234,2488,4660
2023-03-06,14906,40024,8,6,96f737426d6eac94,341,2315,373,5984,2388,1196,1895,414,8327,10756,9608,2737,2895,5701
2023-03-07,16367,43229,8,6,0363c8535ddc7406,381,3104,346,5986,2824,1236,2054,436,8694,12073,11011,2778,2754,5919
2023-03-08,16108,43591,8,6,91d02d8469032faa,361,3404,398,5874,2410,1276,1853,532,8780,12160,10821,2799,2982,6049
2023-03-09,16364,41772,8,6,c968d2301387ba6e,880,2874,322,6164,2319,1161,1893,751,8567,10169,11061,3152,2982,5841
2023-03-10,29710,40116,8,6,fd0a06970d65899d,12742,3165,466,6707,2160,1301,2199,970,10208,8997,10556,2661,2633,5061
2023-03-11,51742,38238,8,6,8abf61e0d16b8342,34095,3885,693,6854,2123,1380,1791,921,10432,9520,9926,1907,2476,3977
2023-03-12,54598,38377,8,6,f2ed31306836edd6,34805,4838,737,7891,2107,1545,1703,972,8464,8817,11516,2222,3013,4345
2023-03-13,67584,38092,8,6,f6d1aef10a3c8e9f,38046,8318,1285,11038,2627,2107,2618,1545,8623,8358,9934,2715,2854,5608
2023-03-14,43623,38397,8,6,ba754efac707e821,16999,6974,998,10005,2944,2047,2557,1099,8686,8291,10043,2800,2845,5732
2023-03-15,33700,40327,8,6,4eb98e44a299badb,8606,6646,971,8924,3063,1937,2503,1050,8188,8777,9436,2950,5031,5945
2023-03-16,29082,37906,8,6,bb87b1f05c632a14,5913,6197,957,8014,2848,1873,2286,994,8340,8069,9128,2811,3047,6511
2023-03-17,24100,34965,8,6,e9f038045d324186,4684,5646,708,6570,2319,1559,1993,621,7803,7595,9161,2339,2235,5832
2023-03-18,18399,33742,8,6,936f6bcc9f0e8283,3303,3963,520,5251,1946,1331,1559,526,7288,7514,9903,1784,1974,5279
2023-03-19,19866,35615,8,6,a22d361a3a8fd6c9,3427,4584,680,5996,2020,1183,1498,478,7576,7674,10536,2203,2288,5338
2023-03-20,24938,38916,8,6,6b9a4b2431777595,4015,5633,845,7779,2445,1459,2122,640,8477,7596,11069,2817,2463,6494
2023-03-21,24612,39225,8,6,7fce5b7cdb5b513e,3099,5019,724,9152,2477,1467,2085,589,8476,8350,10220,2743,2529,6907
2023-03-22,30365,39258,8,6,b8c469e43b53610d,2075,9604,576,10736,2955,1752,2089,578,8491,9554,9681,2753,2419,6360
2023-03-23,22517,36387,8,6,e9810fde8d546300,1660,6092,587,6704,2700,1967,2253,554,8170,8362,9189,2657,2252,5757
2023-03-24,17464,38390,8,6,99201ca38b7b2550,1339,3763,470,5931,2155,1463,1838,505,7886,11778,8777,2419,1939,5591
2023-03-25,13861,37961,8,6,12850bc4a491a1c0,1114,2829,449,4592,1777,1147,1571,382,7545,13526,8619,1779,2020,4472
2023-03-26,14525,35312,8,6,ccc202a5fbda4e31,1080,2912,477,5272,1864,1172,1384,364,8073,8616,10086,2040,1954,4543
2023-03-27,17863,36362,8,6,515036fe673d12a0,1279,3305,535,6576,2214,1543,1880,531,8141,8546,8981,2714,2374,5606
2023-03-28,17618,35803,8,6,3fb138c4d13ad49e,1103,3299,530,6593,2275,1335,1931,552,8337,8527,8517,3000,2266,5156
2023-03-29,16421,36029,8,6,3d8fc835e23db4dc,1051,3019,435,6108,2319,1249,1797,443,8547,8113,8837,2848,2291,5393
2023-03-30,16623,35127,8,6,58cdfc3373b8b2b6,965,2987,447,6318,2281,1218,1983,424,8495,7762,8215,2500,2309,5846
2023-03-31,14573,34016,8,6,8a1475c73969ce4d,847,2665,366,5668,1942,994,1682,409,7855,7783,8455,2271,1846,5806
2023-04-01,11672,32125,8,6,d63205b663aeff97,651,2100,264,4498,1555,816,1436,352,6934,7573,8173,1661,3359,4425
2023-04-02,12063,32268,8,6,9977e9969e3266be,540,2211,331,4534,1749,836,1504,358,7289,7814,8617,1813,2237,4498
2023-04-03,14823,35907,8,6,1595e0be4be4f279,692,2527,450,5795,2052,1171,1724,412,7773,8590,9534,2509,2330,5171
2023-04-04,14792,35250,8,6,13ce69bae16d0d80,628,2635,428,5682,2111,1117,1829,362,7893,9679,8020,2697,1936,5025
2023-04-05,13645,32463,8,6,728d4445f343fe95,515,2583,300,5514,1925,843,1633,332,7592,8832,7968,2324,1634,4113
2023-04-06,12676,30510,8,6,ede6c449cc17f57c,437,2516,301,5030,1713,780,1588,311,7100,8663,7225,2054,1628,3840
2023-04-07,11876,29902,8,6,f66b1c0caa253f9e,400,2402,311,4511,1611,738,1656,247,7036,8970,7187,1828,1433,3448
2023-04-08,10505,27691,8,6,bb1df2bef21fed3b,689,2060,257,3957,1420,584,1277,261,7050,6966,7434,1745,1382,3114
2023-04-09,10315,29139,8,6,afedda8ab7caa9b2,400,1892,276,4327,1496,537,1144,243,6863,5925,8488,1807,3006,3050
2023-04-10,13060,30291,8,6,1d28b6d5fad1f12e,407,2417,439,5550,1644,692,1581,330,7495,5911,8810,2335,1844,3896
2023-04-11,13513,30860,8,6,5738e95f5be9d3eb,449,2440,363,5642,1858,874,1564,323,7479,5754,8498,2500,2307,4322
2023-04-12,14135,30544,8,6,5b36e79c59d266cc,403,2691,296,5652,2018,1031,1708,336,7258,5857,8234,2744,2144,4307
2023-04-13,13767,29273,8,6,3bb9116b81c378da,345,2452,269,5508,1945,1262,1669,317,7277,5614,7951,2218,1987,4226
2023-04-14,12386,28212,8,6,0de82ed7677ced04,327,2323,250,5118,1502,1002,1532,332,7269,5940,7168,2086,1768,3981
2023-04-15,9846,24631,8,6,6977f8546f4d6792,318,1847,198,3944,1306,713,1260,260,6361,5517,6535,1624,1519,3075
2023-04-16,10411,26589,8,6,7044ed7d257fcd7e,332,1752,243,4305,1630,752,1112,285,7022,5476,7040,1891,1791,3369
2023-04-17,13660,29927,8,6,60c5b3e778cf36e5,350,2518,282,5861,1817,926,1546,360,7878,5787,7322,2538,1977,4425
2023-04-18,13753,30209,8,6,2041f9f1415e87cd,386,2551,347,5787,1808,909,1620,345,7422,5487,8193,2531,2042,4534
2023-04-19,14143,32225,8,6,efa183d1478cbb5a,383,2401,290,5884,2225,962,1714,284,7681,6671,8205,2644,2118,4906
2023-04-20,14184,36523,8,6,fe9f6b01c72b406e,398,2392,350,5700,2046,1242,1732,324,8125,10166,8000,2809,2062,5361
2023-04-21,11998,32924,8,6,6eb0e18610f62baf,349,2074,246,4900,1692,853,1603,281,7821,7951,7679,2229,2390,4854
2023-04-22,9616,29320,8,6,f4fda08a9c5b96c8,285,1622,194,3701,1479,655,1444,236,7371,6757,7052,1885,2429,3826
2023-04-23,10374,31561,8,6,9c8ddb6568703e86,271,1700,229,4408,1560,626,1272,308,7842,6949,8151,2017,2541,4061
2023-04-24,13555,35247,8,6,fdac07164e1122c3,415,2032,332,5791,2011,862,1754,358,8594,7259,8357,3033,2743,5261
2023-04-25,13843,36085,8,6,bc6a52b59ded1358,460,2119,216,5754,1966,1089,1890,349,8314,7483,9299,2929,2908,5152
2023-04-26,13733,34315,8,6,3e45c98f1ef5000e,543,2040,265,5544,2079,1209,1704,349,8173,6934,8016,2833,2878,5481
2023-04-27,13640,34949,8,6,13319c725592b9da,400,2152,253,5495,1837,1436,1779,288,8411,7111,8099,2818,2971,5539
2023-04-28,12589,32536,8,6,8fe0f0fa2ccf56ec,441,2149,264,4924,1894,1041,1547,329,8035,6518,7691,2593,2685,5014
2023-04-29,10159,28792,8,6,4de1c3a2bbd01dec,489,1749,237,3732,1597,739,1373,243,6845,5916,7484,1869,2384,4294
2023-04-30,11126,30927,8,6,bd88a2333a951dd4,471,1905,278,4360,1741,702,1372,297,7495,6238,8314,1894,2257,4729
2023-05-01,15003,35185,8,6,18f7bf50b50e13f6,1018,2549,565,5806,1919,902,1945,299,8179,6422,9304,2661,3043,5576
2023-05-02,16821,36491,8,6,bf7cf50072334952,878,3219,548,6153,2322,1468,1901,332,8117,6790,9732,2914,3190,5748
2023-05-03,19400,36136,8,6,27751310584e1cc3,662,5914,415,6012,2504,1585,1961,347,8069,6882,9253,2824,2870,6238
2023-05-04,17633,36565,8,6,651d3cb8f790f8fd,716,4527,432,6033,2380,1315,1885,345,8131,7610,9445,2778,2913,5688
2023-05-05,14698,35408,8,6,3429e7990a6259fe,565,2937,416,5301,2235,1117,1794,333,7998,9184,7812,2593,2637,5184
2023-05-06,10751,30394,8,6,1f094bcecf810737,351,2066,353,3578,1866,812,1442,283,7205,7168,7737,1907,2397,3980
2023-05-07,11253,31154,8,6,e9dbcbaf6668d405,323,1974,310,4178,1890,845,1346,387,7616,6696,7651,2356,2465,4370
2023-05-08,14019,35360,8,6,26710de20ecf6b54,428,2409,300,5608,2181,953,1830,310,8638,6700,8206,2891,2948,5977
2023-05-09,13617,35109,8,6,97db39213f1b62d2,447,2170,254,5441,2273,1021,1699,312,8408,6668,7948,3103,3153,5829
2023-05-10,13543,34615,8,6,bcc46abae9fd6e8c,445,2261,259,5132,2489,1055,1596,306,8207,6812,7922,3042,2941,5691
2023-05-11,13767,34465,8,6,4c679bffb024c351,429,2256,258,5348,2449,1121,1649,257,8362,6828,7561,2992,2798,5924
2023-05-12,11992,32859,8,6,750730fc7bbebbcb,339,1888,288,4540,2122,960,1590,265,7910,7082,7779,2409,2526,5153
2023-05-13,10023,30373,8,6,2a28e45acefe22fa,279,1854,312,3416,1884,739,1313,226,6882,6530,7962,1891,2664,4444
2023-05-14,10812,31457,8,6,53d427ee90c34870,268,1707,206,4047,1827,1142,1304,311,7323,6406,8092,2047,2922,4667
2023-05-15,13566,36189,8,6,690f8158101d9edf,318,2077,280,5444,2327,958,1791,371,8304,6980,8804,3107,3160,5834
2023-05-16,13974,39567,8,6,9873a4a571126118,392,2063,285,5467,2561,944,1908,354,8771,6927,11297,3247,3273,6052
2023-05-17,13082,37553,8,6,40106ad41dbefbd9,315,1988,334,5166,2187,1000,1751,341,8725,6833,9245,3406,3350,5994
2023-05-18,12875,38379,8,6,c16157324f9513d5,360,2027,331,5116,2061,896,1754,330,8744,7722,9157,3485,3522,5749
2023-05-19,11605,35251,8,6,400dd6d1fa99bee1,284,2193,290,4378,1691,771,1671,327,8230,6836,8788,2846,3206,5345
2023-05-20,9607,33064,8,6,5924bd20e8f3d469,247,1721,260,3527,1559,543,1463,287,7373,6595,9549,2706,2672,4169
2023-05-21,9978,35932,8,6,d269339de62c6247,231,1633,309,3984,1609,509,1397,306,7494,6578,10477,3840,3263,4280
2023-05-22,12334,42577,8,6,b4d66d2300831327,313,2121,311,4766,2029,881,1565,348,8570,7265,13507,3699,3839,5697
2023-05-23,12864,42237,8,6,519d9050b281ebcc,275,1946,339,5344,1968,893,1672,427,8402,7900,12233,3929,4037,5736
2023-05-24,13133,40616,8,6,eb76ecff25c87092,297,2076,330,5047,2274,925,1767,417,8789,7956,10907,3641,3655,5668
2023-05-25,14841,41123,8,6,42f4e5b353d5cf40,297,2007,284,4588,2118,3364,1809,374,8353,7262,13132,3759,3120,5497
2023-05-26,13275,40135,8,6,fdf7e13f0dfafac6,616,1820,340,3983,2109,2378,1689,340,7886,6995,14248,3002,2888,5116
2023-05-27,10735,39276,8,6,c2a66df0474a3312,294,1685,353,3583,1699,1391,1470,260,7237,7037,15248,3067,2521,4166
2023-05-28,10210,42382,8,6,5ab6ea56ef3e6212,219,1677,285,3611,1660,1163,1296,299,7344,9434,15041,3451,2903,4209
2023-05-29,11539,54214,8,6,1db8f56812d4f062,270,1702,289,4431,1862,1043,1648,294,7667,9233,25922,3589,2930,4873
2023-05-30,12747,47944,8,6,91aee82aa82a30bd,312,1792,282,5116,2052,1103,1661,429,8188,8241,17428,5695,2923,5469
2023-05-31,12160,40211,8,6,d209f414465788d3,244,1940,303,4802,2067,1083,1234,487,8057,6581,13220,3793,2839,5721
2023-06-01,11541,41103,8,6,12d03cc744a7c10a,239,2001,320,4381,1830,1089,1304,377,7490,7402,14420,3204,2883,5704
2023-06-02,10640,37680,8,6,32a60efc56533307,281,1783,280,4044,1805,858,1290,299,7496,7301,12586,2530,2631,5136
2023-06-03,9394,36434,8,6,358ddc326751aff6,238,1851,264,3432,1533,719,1069,288,6795,7725,13190,2121,2146,4457
2023-06-04,10376,39842,8,6,60f2e44148142389,237,1887,244,3964,1870,828,1005,341,7490,8075,14527,2484,2582,4684
2023-06-05,11667,42026,8,6,ef63c8b130a0c7c5,290,1912,327,4408,2134,947,1287,362,8118,6817,15661,2931,2818,5681
2023-06-06,11878,40949,8,6,0e8457a378581157,256,1910,391,4324,2262,992,1394,349,8886,6333,13563,3311,3079,5777
2023-06-07,11903,37977,8,6,eaf93ba803f434c2,297,1855,236,4220,2220,1089,1639,347,7887,6315,12275,2930,3111,5459
2023-06-08,12110,37925,8,6,a8b4ca1301f958e5,329,1809,297,4334,1883,1540,1532,386,7691,6028,11796,3404,3375,5631
2023-06-09,11577,35438,8,6,af6e0294f55f9641,263,1746,287,4020,1992,1090,1836,343,7637,5817,10894,2684,3000,5406
2023-06-10,10324,31526,8,6,9a63b45938e42749,243,1628,206,3557,1821,855,1716,298,6981,5399,9843,2240,2659,4404
2023-06-11,10871,33534,8,6,05ff9d1e5a00dc50,201,1883,274,3942,1843,779,1635,314,7553,6192,9633,2436,3162,4558
2023-06-12,12220,34390,8,6,07a38eccd9141aaa,229,2151,253,4491,1863,911,1980,342,7585,6035,9318,3098,3218,5136
2023-06-13,12642,34740,8,6,3149e80690cdf6e0,246,1967,254,4484,2203,966,2198,324,7518,5888,9433,3091,2993,5817
2023-06-14,13961,34058,8,6,8bacf051861ed00a,274,3399,252,4518,2212,998,1921,387,7797,5711,8932,3153,2898,5567
2023-06-15,13952,33023,8,6,0cb91d4d1f1e5e3c,263,2725,260,4261,2104,2106,1896,337,7434,5715,8574,2950,2784,5566
2023-06-16,11727,31404,8,6,4d2ccf8879330ea1,266,2009,275,3920,1782,1289,1869,317,7113,5174,9031,2561,2527,4998
2023-06-17,9893,30883,8,6,254b857df897a1de,205,1545,222,3645,1490,810,1674,302,6829,5190,9823,2132,2425,4484
2023-06-18,10155,32161,8,6,246e44da1800719f,232,1628,245,3915,1419,911,1486,319,7480,5900,8897,2427,2441,5016
2023-06-19,11719,33781,8,6,31740a6c59d98f66,237,1773,255,4379,1690,996,1993,396,7589,5762,9502,2680,2536,5712
2023-06-20,11855,34970,8,6,97f8a5daa5466450,367,2113,390,4123,1737,848,1911,366,7323,5998,10953,2729,2604,5363
2023-06-21,13989,37714,8,6,268bbfed5ef7169e,300,2765,257,4391,2570,1162,2129,415,7442,6439,13050,2629,2803,5351
2023-06-22,13888,39797,8,6,bcd943db667d5c35,284,3386,247,4196,2409,1132,1909,325,7222,6101,15309,2523,3731,4911
2023-06-23,13024,37285,8,6,60b78c5c89aebf68,234,3525,302,4066,1937,902,1724,334,7156,5864,14857,2163,2549,4696
2023-06-24,11451,31806,8,6,b7a2128ad1c9b5b3,196,2533,237,4394,1481,678,1619,313,6644,5868,11299,1727,2227,4041
2023-06-25,10695,34676,8,6,240a64d23559bc0a,220,2234,275,3947,1555,726,1419,319,6910,5783,12620,2155,2676,4532
2023-06-26,11332,33960,8,6,8d1d12e0d7ef2705,217,2266,237,3960,1648,840,1844,320,7350,5896,10681,2345,2760,4928
2023-06-27,11303,32817,8,6,2fa76f71a3c952e8,223,1992,248,4045,1777,881,1785,352,7363,5929,9883,2305,2488,4849
2023-06-28,10794,31230,8,6,a10eee85da113aa1,209,1963,239,3690,1511,1080,1748,354,7162,5701,9575,2044,2423,4325
2023-06-29,10738,31449,8,6,1dcf8561f56bab97,249,2014,256,3587,1676,934,1716,306,7268,5886,9086,2101,2595,4513
2023-06-30,9852,30837,8,6,81e41f89c4cecf84,239,1714,255,3455,1378,793,1712,306,7185,6332,8529,2082,2492,4217
2023-07-01,9238,35451,8,6,b80e9147b43e85a1,231,1641,238,3418,1264,617,1562,267,6587,12241,8607,1787,2287,3942
2023-07-02,9206,39064,8,6,351e678762bdafa3,225,1570,215,3598,1269,621,1414,294,7084,13737,9523,2116,2787,3817
2023-07-03,10516,33307,8,6,33f4b6d9c71d4290,216,1741,243,3903,1513,696,1865,339,6941,8175,8994,2305,2488,4404
2023-07-04,10725,33922,8,6,38211c7f48dc1f80,242,1815,224,3951,1633,748,1826,286,7071,7257,9948,2328,2751,4567
2023-07-05,10516,31519,8,6,caaa43c86b2b4b5a,224,1879,248,3562,1621,805,1872,305,6896,6052,9340,2176,2688,4367
2023-07-06,11035,33508,8,6,4c2a9d48b25abf43,247,2328,208,3629,1545,821,1862,395,7064,6219,8998,3981,2630,4616
2023-07-07,10310,31304,8,6,b2dc142d653d6a33,221,2068,214,3524,1482,669,1832,300,7819,5881,8490,2149,2680,4285
2023-07-08,9917,29694,8,6,536e3eb3306d1d7a,187,1692,173,3825,1493,634,1638,275,6924,5603,8950,2081,2237,3899
2023-07-09,9648,32545,8,6,e63f5f7521b82be4,218,1585,188,4047,1298,593,1392,327,7898,5948,9578,2178,2898,4045
2023-07-10,10794,31937,8,6,9916004c9bf94204,241,1794,179,4019,1595,746,1870,350,7294,5955,9355,2097,2767,4469
2023-07-11,10827,32262,8,6,3cbf6e0e61f42fc1,264,1850,189,3787,1703,756,1960,318,7104,5811,10314,2126,2506,4401
2023-07-12,11589,32205,8,6,f6fc1fcd09d29013,289,2059,215,3837,2036,909,1930,314,6994,5874,9902,2236,2801,4398
2023-07-13,11227,31261,8,6,9944fe75b65537c6,298,2097,162,3840,1839,845,1818,328,6748,6500,9213,2053,2563,4184
2023-07-14,10897,35597,8,6,824786107ebc983a,236,2063,213,3723,1689,869,1740,364,6910,11878,8416,1918,2436,4039
2023-07-15,9280,31444,8,6,f56a5f432075c51e,186,1513,187,3598,1395,645,1468,288,6820,8834,8054,1651,2037,4048
2023-07-16,9416,32419,8,6,544d3fc6778aedbf,226,1481,251,3854,1299,629,1363,313,7262,7846,8766,2016,2446,4083
2023-07-17,10685,33623,8,6,22111c7f349aab25,229,1771,235,4054,1455,743,1904,294,7887,7744,8546,2154,2782,4510
2023-07-18,11199,31879,8,6,b73879598e64bfac,249,1769,266,3910,1776,934,1960,335,8198,7115,7722,2095,2414,4335
2023-07-19,11205,32759,8,6,2c4da67aca5ec0a0,231,1569,281,3885,2097,862,1948,332,8179,7659,7669,2130,2658,4464
2023-07-20,10782,38343,8,6,f3d5743dbf74479f,250,1732,275,3839,1599,765,1984,338,8084,13793,7828,1952,2354,4332
2023-07-21,10998,39928,8,6,fe127fe875a3b991,227,1950,197,3822,1558,937,1965,342,7936,16016,7707,1693,2409,4167
2023-07-22,10142,36474,8,6,2502447685624d16,248,1458,199,3913,1767,694,1550,313,7831,13642,7752,1521,2044,3684
2023-07-23,11036,36299,8,6,e2f647711175d68c,235,1433,206,4078,1644,1562,1597,281,9110,11084,8582,1725,2088,3710
2023-07-24,11480,30935,8,6,b98efaa407cd546e,222,1771,270,4179,1962,836,1926,314,7998,6116,8125,1934,2517,4245
2023-07-25,11738,30520,8,6,ea06324234137745,259,2246,231,4189,1852,809,1837,315,7805,6166,7655,1950,2474,4470
2023-07-26,13936,31348,8,6,18ca0b7742a60743,316,3987,253,4240,2052,873,1854,361,7558,7556,7514,2065,2197,4458
2023-07-27,12879,32314,8,6,9396e567a32f3942,276,3266,255,4111,1750,970,1856,395,7721,8501,7903,1768,2200,4221
2023-07-28,11042,33013,8,6,ebbf339c01cd451b,248,2170,223,3923,1388,782,1993,315,7235,10055,8036,1586,2027,4074
2023-07-29,9720,29884,8,6,f493373dfe42febd,169,1538,239,3789,1392,659,1581,353,7218,7463,7906,1404,2164,3729
2023-07-30,10220,31136,8,6,a6e1c826e9078b14,222,1743,205,4287,1280,702,1478,303,7507,7247,8186,1715,2420,4061
2023-07-31,11349,41894,8,6,5529abe318898393,258,2174,234,4191,1578,853,1674,387,7395,8360,7955,1827,2753,13604
2023-08-01,11000,40116,8,6,11b3100bd251218b,257,1838,250,4187,1585,784,1686,413,7212,9924,8061,1841,2635,10443
2023-08-02,11723,32336,8,6,d864b7bf2fc258c4,218,1910,246,4487,1557,840,1790,675,7238,8916,7300,1850,2363,4669
2023-08-03,11546,30157,8,6,181fb2e932eddb53,252,1903,276,4393,1596,750,1892,484,7319,7230,6845,1690,2601,4472
2023-08-04,10648,30852,8,6,c3397720f7479e09,222,1826,246,4183,1443,731,1615,382,7577,7330,7913,1622,2240,4170
2023-08-05,9651,28561,8,6,b228c56f48920493,204,1596,216,3964,1344,651,1350,326,6933,6838,7579,1457,2082,3672
2023-08-06,10089,30640,8,6,a639f0c4e6186e00,218,1606,184,4312,1448,572,1413,336,7550,7183,7816,1756,2541,3794
2023-08-07,11354,31516,8,6,ffca3cbd2fc8a3f5,241,1958,230,4559,1597,706,1713,350,7923,7505,7457,1989,2491,4151
2023-08-08,11150,30562,8,6,e9706c14e9a30c46,265,1847,248,4395,1581,724,1741,349,7605,6886,7407,1954,2430,4280
2023-08-09,11561,29976,8,6,c6ca4586a4d404cd,239,1776,278,4618,1817,747,1687,399,7362,6938,7240,1784,2321,4331
2023-08-10,11464,32609,8,6,b20cc2d2b52ba54b,258,1750,241,4244,2000,827,1773,371,9364,6679,8237,1709,2323,4297
2023-08-11,10464,36270,8,6,7375031306cd3f5b,228,1682,232,4066,1759,759,1431,307,11212,6718,10566,1670,2376,3728
2023-08-12,9422,33992,8,6,865105d6cf96482e,212,1382,248,3921,1343,645,1375,296,10330,6518,10135,1360,2133,3516
2023-08-13,9949,33512,8,6,2469139c01fa108b,241,1360,203,4320,1320,651,1464,390,9151,6280,10300,1551,2504,3726
2023-08-14,11557,32581,8,6,6af16bd752750dca,256,1606,217,4531,1579,673,1754,941,8600,6207,9959,1488,2409,3918
2023-08-15,11804,32760,8,6,7be973a1cf0170b1,297,1787,257,4384,1915,870,1698,596,8979,6251,9252,1715,2522,4041
2023-08-16,13754,32502,8,6,75b140d5463fba70,267,1846,288,4630,2452,1893,1645,733,8726,6417,8760,1891,2529,4179
2023-08-17,13278,33526,8,6,77d8d84572e7b4b4,235,1903,283,4843,1977,1594,1730,713,8463,7065,8566,2006,2456,4970
2023-08-18,11889,32671,8,6,bc3019a548f3a8f5,240,1798,280,4462,1698,1039,1706,666,8074,7257,8527,1815,2342,4656
2023-08-19,10013,30949,8,6,4d68a044aeb10639,219,1520,215,4092,1529,648,1371,419,7326,7124,8380,1473,2509,4137
2023-08-20,10162,35226,8,6,754d82732249fd13,182,1612,210,4365,1410,636,1304,443,7650,10316,8958,1627,2530,4145
2023-08-21,11847,37811,8,6,230f3ae577d8dc52,236,1824,274,4726,1562,795,1709,721,8297,11232,8877,1846,2695,4864
2023-08-22,13248,39778,8,6,53609c8413885be4,240,1997,252,5446,1746,835,1914,818,8406,12677,8540,2032,2603,5520
2023-08-23,12468,67806,8,6,f770ae5d59427352,236,1821,239,5041,1772,869,1746,744,8217,40839,8648,2187,2482,5433
2023-08-24,12014,59862,8,6,d8695c90a8e8a103,261,1886,270,4983,1647,749,1789,429,7957,33609,8479,2077,2439,5301
2023-08-25,12494,44540,8,6,52d1c3aff998ecdb,232,2777,290,4683,1623,790,1630,469,8053,19354,8065,1798,2520,4750
2023-08-26,10805,39721,8,6,854ced603f764d86,206,1906,189,4343,1477,684,1410,590,7659,16214,7855,1545,2262,4186
2023-08-27,11233,41223,8,6,66b55d69ab419f8b,196,1775,234,4711,1404,699,1500,714,7788,15707,9203,1631,2660,4234
2023-08-28,12606,41393,8,6,68a5b0b771911112,234,1981,278,5203,1628,748,1724,810,8549,14473,9036,1823,2526,4986
2023-08-29,12975,41836,8,6,35e51f5ef4bb27ac,241,2013,279,5131,1697,818,1712,1084,8239,13948,9515,2129,2785,5220
2023-08-30,12184,44454,8,6,e5487a0759c16722,252,1820,243,5127,1684,716,1697,645,8160,18487,8038,2134,2869,4766
2023-08-31,12414,46907,8,6,fe9a79c27c005242,258,1671,251,4824,1798,707,2061,844,8279,20762,8457,1949,2681,4779
2023-09-01,11897,38324,8,6,e83e643af7a005b9,248,1669,246,4575,1713,808,1941,697,8559,13131,7850,1862,2306,4616
2023-09-02,10076,34791,8,6,3f481d667c183991,211,1378,255,3982,1397,624,1835,394,7561,11410,7633,1451,2492,4244
2023-09-03,11076,35685,8,6,611e85c57778dfef,198,1384,202,4615,1479,690,2175,333,8012,10612,7841,1629,2780,4811
2023-09-04,12097,35808,8,6,9ecfe47795d2f972,233,1619,269,4809,1657,783,2259,468,8050,9550,7816,1925,2724,5743
2023-09-05,12793,35896,8,6,414d5398eb702e93,239,1983,252,5164,1754,803,2177,421,8832,8964,7425,2165,2854,5656
2023-09-06,13428,35855,8,6,b56355b128d1e4dc,249,2035,291,5269,1907,972,2255,450,8924,8591,7425,2256,2860,5799
2023-09-07,13538,36553,8,6,b3f340e14c8bf735,244,2282,283,5292,1893,935,2198,411,8726,8673,7543,2433,2848,6330
2023-09-08,12191,33797,8,6,981ff424efc0c7a3,257,1799,297,4894,1811,699,2025,409,8293,7651,7289,2089,2712,5763
2023-09-09,10536,31384,8,6,c78b3070c5a88bb0,203,1634,230,4081,1468,611,1974,335,7603,7441,7389,1513,2514,4924
2023-09-10,10959,32989,8,6,58f7c42c7d7b0db7,203,1635,247,4668,1455,539,1757,455,7737,7652,7538,1875,2898,5289
2023-09-11,13690,35745,8,6,d6f4ed0798c2e925,248,1980,332,6217,1776,700,1994,443,8462,7503,8147,2510,3134,5989
2023-09-12,13452,35320,8,6,c9d12284e70a7dbd,272,1977,268,5713,1948,660,2073,541,8115,7297,8357,2615,2913,6023
2023-09-13,13408,34979,8,6,3a5767b6c5ee6443,302,1908,336,5347,2140,708,2156,511,8627,7016,7934,2792,2809,5801
2023-09-14,13781,35365,8,6,c4fbbb6b61da0bf8,463,2099,256,5263,2348,747,2197,408,8331,7387,7947,2727,2897,6076
2023-09-15,12281,34331,8,6,f502f3142ac3839a,284,1770,249,4994,1999,640,1930,415,7919,7491,8426,2348,2511,5636
2023-09-16,10644,34008,8,6,0ce8775f622fc1cc,221,1684,229,4077,1562,573,1900,398,7417,6602,11381,1692,2243,4673
2023-09-17,11021,34756,8,6,b2b43fe10918e066,202,1607,253,4625,1489,617,1734,494,7794,6584,10643,2006,2615,5114
2023-09-18,12907,35584,8,6,e1a107858d23180c,290,1953,309,5398,2068,653,1796,440,8751,7076,8922,2509,2747,5579
2023-09-19,13104,35792,8,6,fb808837d0bb2d0d,284,2063,315,5363,1914,704,2035,426,8678,6611,8763,2438,3416,5886
2023-09-20,13975,36868,8,6,0fa91edb57f49fc5,244,2763,333,5225,2107,782,2109,412,9655,6824,8759,2714,2823,6093
2023-09-21,14331,35900,8,6,86c261d7ad119784,284,2699,347,5272,2103,844,2196,586,9420,7067,8187,2487,2741,5998
2023-09-22,12156,34655,8,6,bddafff753366f71,265,2167,274,4705,1671,681,1902,491,8448,7466,7661,2068,2943,6069
2023-09-23,10576,31932,8,6,0a7a9406b7807a0b,205,1824,243,3953,1518,601,1829,403,7449,7271,7587,1527,2399,5699
2023-09-24,11168,33515,8,6,fe6e0c02e9d75e25,205,1688,234,4538,1634,671,1774,424,8026,7454,8067,1970,3028,4970
2023-09-25,13232,37627,8,6,4607a99949e265d3,278,1886,320,5517,1953,737,2080,461,10556,7561,8641,2297,2964,5608
2023-09-26,13309,38361,8,6,7b36698c20f51efd,283,2056,360,5470,1839,843,1965,493,11204,7791,8498,2481,2796,5591
2023-09-27,12648,35514,8,6,e70c11fefce9bb18,247,1977,296,5301,1838,728,1785,476,9114,7584,8487,2344,2684,5301
2023-09-28,13281,36405,8,6,866399ca49fedf03,246,2118,314,5401,1758,837,2100,507,8571,8911,8301,2406,2692,5524
2023-09-29,12229,34594,8,6,1fb244210f794c81,241,1899,244,4934,1568,760,1902,681,7728,9700,7436,2111,2661,4958
2023-09-30,10109,32088,8,6,efe597e60c680e44,173,1546,221,4058,1396,548,1717,450,7357,9290,7463,1548,2197,4233
2023-10-01,10513,33141,8,6,ed9203d0b92d31b9,192,1433,219,4467,1598,552,1706,346,8277,7959,7843,1831,2562,4669
2023-10-02,12995,37001,8,6,5a72d02de598b3c2,258,1812,294,5548,1950,724,1972,437,9575,7580,8528,2424,3074,5820
2023-10-03,13880,35939,8,6,d71232f6ae350de0,241,2306,294,5357,2055,873,2187,567,8481,7375,8159,2624,3088,6212
2023-10-04,14582,36379,8,6,41943a10fb6faae8,249,2310,320,5824,1988,942,2324,625,8179,7842,8638,2568,3108,6044
2023-10-05,13429,38649,8,6,233852229ae13445,293,2105,344,5538,1927,854,1869,499,8553,7459,10852,2829,2952,6004
2023-10-06,12248,33819,8,6,a86eb4223d84b46d,281,1926,283,5125,1618,806,1713,496,8202,7420,8148,2163,2710,5176
2023-10-07,10055,30077,8,6,4eaf34b960c2ec81,219,1594,265,4253,1366,703,1342,313,7548,6517,7757,1573,2293,4389
2023-10-08,10379,31477,8,6,24800b3a4e3d9872,245,1541,313,4388,1507,644,1383,358,7526,6344,8316,1915,2711,4665
2023-10-09,12319,34861,8,6,e516aa8dc3228a34,241,2261,310,5146,1730,736,1510,385,8500,6366,8707,2581,2984,5723
2023-10-10,12992,34773,8,6,766b67fb1befed98,314,2005,367,5674,1749,751,1716,416,8298,6522,8319,3017,2926,5691
2023-10-11,12487,34906,8,6,89111e088b249b1d,299,1881,363,5514,1616,662,1775,377,8265,6639,8385,2969,2799,5849
2023-10-12,13246,35096,8,6,6684a0957edc60c5,291,1836,395,5472,1726,677,2462,387,8666,6751,8099,3069,2877,5634
2023-10-13,12687,31787,8,6,20d72e6a911537a2,250,1726,391,5016,1669,703,2565,367,7856,6420,7740,2414,2502,4855
2023-10-14,10067,30102,8,6,4ba72c9cbf6c2c5c,242,1313,297,4119,1272,466,2068,290,7253,7267,7240,1701,2287,4354
2023-10-15,11069,31009,8,6,6346d6e89929ed54,257,1358,302,4601,1575,529,2125,322,7749,6568,7209,2079,2730,4674
2023-10-16,13589,35237,8,6,3f7535ed0e251154,262,1632,341,5580,1834,748,2784,408,8186,6470,7631,2974,3129,6847
2023-10-17,13476,38484,8,6,ce240482c0263057,290,1782,263,5328,1775,782,2613,643,8508,6469,7941,3570,2893,9103
2023-10-18,13289,34723,8,6,19d13a7c49f76c80,256,1811,361,5297,1809,694,2590,471,8527,6513,7299,3460,2805,6119
2023-10-19,12613,35182,8,6,3d5a570a8d2bb849,286,2112,278,5276,1853,634,1679,495,8452,6723,7934,3758,2984,5331
2023-10-20,11611,32090,8,6,6203871ca4c3e673,271,1846,218,4892,1596,669,1589,530,7611,6533,7726,2619,2585,5016
2023-10-21,9804,29498,8,6,ecc5b30596bc941a,213,1634,206,4168,1253,566,1352,412,7071,6641,7624,1806,2355,4001
2023-10-22,12546,31693,8,6,6f54ec4e002c1126,2047,1597,353,4637,1422,629,1393,468,7634,6653,8067,2165,2592,4582
2023-10-23,13796,35944,8,6,9d8e3a532cdd7ab1,348,1896,285,5647,1606,785,1451,1778,8169,7639,8040,3247,2731,6118
2023-10-24,13803,35975,8,6,7263be74bf2c553e,289,1863,325,5827,1577,819,1447,1656,8303,7868,8041,3108,3003,5652
2023-10-25,13308,35833,8,6,e84721015ed84961,320,1832,366,5499,1865,795,1774,857,8258,7191,8788,3279,2731,5586
2023-10-26,13627,37089,8,6,ad04d1a424bad543,319,1954,348,5573,1856,875,1673,1029,8367,7789,9020,3306,2848,5759
2023-10-27,12034,34579,8,6,4c912a5527c0bbe1,292,1977,294,4896,1613,823,1595,544,7552,8549,7805,2748,2642,5283
2023-10-28,10010,33316,8,6,cbd8193ec5de2410,234,1486,265,4223,1267,578,1533,424,7380,10122,7509,1870,2095,4340
2023-10-29,10990,35806,8,6,ef0aeb8d69c6b180,188,1655,300,5030,1356,634,1344,483,7733,9135,9880,2128,2350,4580
2023-10-30,13125,34910,8,6,5460df5ec4541e44,264,1995,285,5841,1801,737,1707,495,8337,7542,8533,2670,2473,5355
2023-10-31,12405,33161,8,6,d8674ca43b987018,289,1907,286,5309,1735,813,1646,420,8235,6526,7937,2725,2309,5429
2023-11-01,13255,37757,8,6,950f72ff058777e9,309,2880,295,5362,1530,775,1707,397,9447,9042,8361,2668,2709,5530
2023-11-02,13321,37772,8,6,3c2ad61dff7206ab,337,2463,291,5520,1672,869,1756,413,11589,7054,7900,2862,2876,5491
2023-11-03,11889,36228,8,6,c7f8fb2430f17c77,386,2114,296,4869,1559,776,1500,389,10326,6944,8494,2473,2720,5271
2023-11-04,10175,32140,8,6,6c7b42181e4bfde5,324,1801,239,4116,1473,538,1351,333,8234,6534,9043,1774,2241,4314
2023-11-05,10663,33263,8,6,0159c9cccf2e55a4,299,1757,243,4721,1312,619,1390,322,8472,7239,8219,2023,2650,4660
2023-11-06,13012,35470,8,6,b45e35dd2b4539b1,369,2067,314,5776,1575,752,1752,407,8750,7820,7955,2699,2840,5406
2023-11-07,13578,34232,8,6,a741b56036e0e06c,359,2288,352,5698,1966,800,1730,385,8885,6754,7730,2827,2760,5276
2023-11-08,13336,34459,8,6,a66a86fda33d9499,362,2454,301,5726,1729,682,1733,349,8752,6916,7809,2814,2652,5516
2023-11-09,12528,34734,8,6,588b2bd6f434ed86,326,2210,290,5481,1648,672,1527,374,8523,7412,7769,2740,2835,5455
2023-11-10,11380,31930,8,6,7e980819759cb710,308,1967,272,4839,1479,556,1568,391,7816,6827,7257,2128,2483,5419
2023-11-11,9528,29220,8,6,4a2049aa3623fb3e,240,1504,271,4191,1173,463,1387,299,7484,6763,6757,1602,2946,3668
2023-11-12,10401,30336,8,6,1663c2ff84224e78,417,1543,251,4591,1348,591,1338,322,8152,6031,7105,1749,3332,3967
2023-11-13,12816,38274,8,6,f279ef17314ba961,284,1801,366,5882,1759,667,1701,356,12305,6639,7626,2645,4039,5020
2023-11-14,13564,37263,8,6,d477de152317efaf,326,2025,331,5871,1968,722,1923,398,9157,7094,7945,3009,4163,5895
2023-11-15,13163,34495,8,6,2bf017c3ec3b519e,291,1894,290,5802,1951,738,1859,338,8793,6590,7531,2664,3441,5476
2023-11-16,12661,35430,8,6,ba6a06e7ef3e654c,327,1801,319,5757,1629,667,1761,400,8295,6883,8774,2910,2990,5578
2023-11-17,11861,33015,8,6,c98dc52645726625,293,1756,307,5336,1477,680,1643,369,8165,6612,8002,2391,2602,5243
2023-11-18,10180,32475,8,6,aeca17134a5cf6c3,229,1593,270,4338,1428,601,1416,305,7722,9428,7535,1643,2153,3994
2023-11-19,11211,32725,8,6,790bdcfede86875d,252,1746,280,5214,1435,596,1322,366,8558,7077,8325,1941,2427,4397
2023-11-20,13988,36017,8,6,0c54406c18942314,343,2337,367,6081,1909,735,1810,406,8864,7500,8733,2678,2920,5322
2023-11-21,12932,34447,8,6,a8e04a58ccd3d1d9,347,2060,313,5448,1950,701,1682,431,8421,7258,8177,2557,2711,5323
2023-11-22,12417,34312,8,6,6044fd1f3e54c6a5,325,1896,304,5038,2013,659,1787,395,8297,7314,8079,2446,2797,5379
2023-11-23,11626,32185,8,6,64f9d7588e2c6f63,279,1610,271,4929,1890,587,1756,304,8007,7107,7517,2072,2712,4770
2023-11-24,10987,31825,8,6,b4c51e1e4ede9a3f,313,1662,367,4568,1498,575,1626,378,7799,7575,7264,2371,2290,4526
2023-11-25,10171,32100,8,6,d1ca5253d4ab4574,245,1521,257,4446,1385,483,1501,333,8447,7702,7705,1780,2314,4152
2023-11-26,10537,33465,8,6,47f699a460b48439,249,1583,266,4816,1461,452,1388,322,7800,7961,8378,1956,2173,5197
2023-11-27,16106,42031,8,6,21e65a9694a4522c,463,1813,304,8694,1865,724,1809,434,8350,8592,8597,2883,2757,10852
2023-11-28,14294,39538,8,6,2cbfb3b40020f53b,313,2036,338,6346,2209,726,1916,410,8178,8232,8408,2932,2693,9095
2023-11-29,14015,35206,8,6,76f13cd8c7899d65,282,2045,294,6148,1848,1039,1927,432,8213,7623,7759,3255,2451,5905
2023-11-30,13818,36414,8,6,84358618d296de90,422,1993,302,5907,1927,971,1910,386,8355,8138,7705,3009,2606,6601
2023-12-01,12279,32336,8,6,4fd01a55b5aeedc1,333,1822,227,5248,1828,730,1743,348,7775,7077,7256,2546,2250,5432
2023-12-02,10353,28707,8,6,600ea7601f2dbfa2,241,1515,243,4275,1533,647,1523,376,7206,6424,7200,1669,1923,4285
2023-12-03,11068,32013,8,6,0f25a6da9dfb1e00,256,1536,267,4891,1624,656,1484,354,7684,6413,8287,1920,2166,5543
2023-12-04,13290,34946,8,6,d49842b183c1a9ca,320,1809,291,6097,1825,712,1839,397,8030,6287,8495,2676,2998,6460
2023-12-05,13835,34855,8,6,06f31ca480fd6198,296,1810,300,6262,1962,747,2060,398,8111,6356,8065,3022,2796,6505
2023-12-06,13791,35272,8,6,5e068c3c7febf023,307,1848,343,6015,2127,780,1975,396,7985,6052,8072,2962,2960,7241
2023-12-07,13938,35508,8,6,7627f4263200f8bd,268,1821,273,6472,1976,815,1910,403,7774,6455,7973,2701,2623,7982
2023-12-08,13033,32416,8,6,a17cfd56e0864d31,281,1778,345,5814,1824,790,1829,372,8170,6379,7614,2330,2184,5739
2023-12-09,11375,32214,8,6,8b1baa2e2eab0073,242,1468,362,5185,1565,599,1620,334,7331,6789,9763,1725,1897,4709
2023-12-10,11415,36521,8,6,dc737decf09ef513,314,1524,294,5095,1552,583,1687,366,7910,6323,13603,1907,2129,4649
2023-12-11,14310,36335,8,6,89fdf7e45dc058fd,327,1869,392,6101,1851,773,2563,434,8154,6798,10381,2875,2486,5641
2023-12-12,14208,35933,8,6,41608d86c7d6fccf,344,2015,329,5841,2431,793,2030,425,8410,6545,9777,3045,2386,5770
2023-12-13,14869,34411,8,6,3b24736a22ce0291,330,3128,308,5664,2229,870,1966,374,7819,6892,9262,2787,2254,5397
2023-12-14,15207,35275,8,6,d3bd838cf11a1640,299,3216,335,5670,2153,928,2172,434,8028,7364,9618,2822,2211,5232
2023-12-15,12569,32043,8,6,db42791c46167bc9,289,2215,299,4909,1866,649,1918,424,7463,6523,8646,2489,2047,4875
2023-12-16,10207,30393,8,6,7f720ae22e49332f,274,1662,215,4010,1396,633,1612,405,6964,6380,9275,1625,2019,4130
2023-12-17,10789,31319,8,6,f0d899c88b56b43a,279,1704,247,4542,1502,622,1541,352,7113,6765,9501,1720,2151,4069
2023-12-18,13224,34991,8,6,e246939ad0dc6197,318,2035,278,5574,1782,758,2077,402,8162,7005,9424,2564,2662,5174
2023-12-19,12026,34750,8,6,9eb716c2fd088232,286,1921,269,4894,1742,729,1783,402,7077,6717,9018,2203,4915,4820
2023-12-20,13941,32372,8,6,deb65b819099a80a,364,1857,297,4903,1831,670,1974,2045,6983,6358,8812,1977,3523,4719
2023-12-21,12677,32090,8,6,edb7448c836796a8,366,1809,236,4894,1730,685,1824,1133,6868,7029,9293,2038,2503,4359
2023-12-22,10910,28704,8,6,8bc87a8a883c090b,278,1611,187,4128,1733,1003,1549,421,6513,6464,8004,1580,2030,4113
2023-12-23,10060,27952,8,6,47b394321adc29cd,385,1665,188,4066,1412,602,1404,338,6552,6213,7882,1401,2032,3872
2023-12-24,9877,28311,8,6,e718014c97d2d364,466,1669,168,4277,1240,465,1291,301,6724,6618,8341,1188,1928,3512
2023-12-25,12751,29264,8,6,374d9d2c7419d4f3,986,1605,221,6376,1292,459,1389,423,6694,6800,8857,1195,1963,3755
2023-12-26,11745,31317,8,6,89917e2cd0fba5c5,584,1680,286,5097,1461,547,1665,425,6765,7806,9262,1345,2183,3956
2023-12-27,11425,32715,8,6,4468b07e421d84f7,347,1638,273,4883,1552,549,1810,373,6829,7828,9966,1692,2286,4114
2023-12-28,11153,32242,8,6,c6aa3738c1fb0cae,301,1690,231,4529,1643,562,1780,417,6968,7488,10105,1448,2110,4123
2023-12-29,10735,31196,8,6,75a1f0e65cbc403c,263,1717,232,4429,1434,542,1678,440,6843,7049,9501,1570,2081,4152
2023-12-30,10502,31795,8,6,d77ae609d229cbaf,235,1609,193,4509,1477,470,1669,340,7143,6849,10090,1394,2164,4155
2023-12-31,9598,30759,8,6,d787ab2511e758fd,268,1492,165,4225,1293,493,1340,322,6943,6506,9668,1213,2139,4290
2024-01-01,10321,30782,8,6,5e1331e9ac6609ea,250,1553,181,4662,1207,448,1654,366,6866,6481,9606,1242,2612,3975
2024-01-02,12370,33263,8,6,0e70fc3dd477e5e0,283,1913,255,5145,1564,620,2143,447,7682,6711,9412,1770,2848,4840
2024-01-03,13017,34435,8,6,32bbcfe3410ac735,294,2107,230,5502,1718,678,2008,480,7603,6871,9558,2108,2889,5406
2024-01-04,13388,34258,8,6,a5bfe141690b300b,302,1898,268,6069,1733,613,2051,454,7720,6904,9268,2039,2841,5486
2024-01-05,12803,34856,8,6,cc9f5425bb3b6a52,306,1853,211,5805,1559,675,1975,419,7738,7102,10272,1837,2412,5495
2024-01-06,10747,33174,8,6,ee098e361d43e915,245,1498,241,4655,1445,576,1748,339,7727,6786,10001,1630,2375,4655
2024-01-07,11780,35138,8,6,337ead5372fd4e8f,291,1601,270,5247,1599,675,1693,404,8436,6977,10620,1954,2362,4789
2024-01-08,13656,36851,8,6,d3233fd011db0118,273,1813,290,6111,1913,723,2029,504,7828,7554,10332,2521,2700,5916
2024-01-09,15502,40280,8,6,30bec48d37f6e3cb,325,2123,334,6872,2354,932,2111,451,8503,7958,10772,3016,2830,7201
2024-01-10,15157,39700,8,6,5236b8b2ec9f5d08,321,2201,363,6733,2183,958,1977,421,8849,7640,11039,2836,2904,6432
2024-01-11,15494,40078,8,6,c5cbb29f37c74915,321,2318,311,6649,2448,890,2094,463,8905,7691,11525,2884,3042,6031
2024-01-12,13331,37336,8,6,f0e2e22027b150d8,273,2068,295,5673,1926,846,1830,420,8326,7473,10667,2575,2558,5737
2024-01-13,10991,34441,8,6,c7358dbc1439f457,248,1664,201,4677,1539,639,1662,361,7766,7348,10215,1706,2432,4974
2024-01-14,11798,36586,8,6,8f868e7afe401e74,267,1691,237,5321,1603,733,1601,345,7879,7489,10417,2527,3051,5223
2024-01-15,13167,37646,8,6,abe5f538a3c01347,260,1850,287,5566,1874,950,1971,409,8079,7903,9801,2438,3467,5958
2024-01-16,14081,38252,8,6,9a0b55d9b05c509e,259,1978,274,6092,1916,906,2210,446,8185,8163,9935,2835,3011,6123
2024-01-17,16944,39390,8,6,3b47f458cfff2dd4,290,2273,333,6708,2173,940,2348,1879,8216,7953,9856,3263,2918,7184
2024-01-18,15901,40418,8,6,741cef25077a3b1e,277,2336,307,6702,2045,939,2027,1268,8687,8274,10030,3366,2989,7072
2024-01-19,14400,38312,8,6,fb21793f27da370f,313,2084,304,6240,1924,867,2115,553,8513,9075,9698,2735,2658,5633
2024-01-20,12022,34845,8,6,3748042f3d9ee719,249,1614,282,5439,1408,766,1800,464,7853,8613,9701,2054,2053,4571
2024-01-21,12892,36274,8,6,1a909e345141a418,348,1827,240,5781,1715,698,1822,461,8066,8140,10217,2539,2424,4888
2024-01-22,14284,38241,8,6,7e8999553bffb9ce,307,1956,322,6455,2089,838,1838,479,8625,8416,9578,3251,2611,5760
2024-01-23,15603,47171,8,6,7c0ec1f93179d837,306,2036,287,6569,2080,891,2506,928,8629,8761,17846,3222,2784,5929
2024-01-24,14862,58335,8,6,4c8c18f8172b2ce0,378,1942,258,6680,1989,907,2115,593,8436,8846,28640,3341,2902,6170
2024-01-25,14544,44833,8,6,1e23ae08d0d55be2,376,2080,318,6484,1977,799,1954,556,8613,9134,15754,2875,2668,5789
2024-01-26,13022,42800,8,6,1473bab6d755c90d,298,1980,276,5863,1760,689,1682,474,8232,9140,15761,2221,2431,5015
2024-01-27,11547,57183,8,6,3015b404d73b3b5d,261,1595,218,5222,1493,648,1695,415,7717,8516,33068,1691,1997,4194
2024-01-28,12397,45684,8,6,ca52cf37c702e110,311,1786,278,5738,1501,734,1652,397,7920,8295,19786,2230,2524,4929
2024-01-29,15016,45438,8,6,b8424b3ce34fa9a9,352,2169,380,6638,1991,915,2118,453,8419,9373,15970,2800,2801,6075
2024-01-30,15325,45635,8,6,d0760c69432e16cf,330,2264,340,6772,1887,997,2199,536,8866,10524,13722,2796,3060,6667
2024-01-31,16939,43286,8,6,71d67b77b0e1c55e,349,3606,353,6793,2040,984,2285,529,8462,8816,10748,2929,4782,7549
2024-02-01,16135,42713,8,6,552acdd3d95be4b0,286,2882,276,6784,2293,824,2287,503,8309,8379,11278,2522,4688,7537
2024-02-02,13876,38755,8,6,80f3b12618122c22,276,1894,271,5970,2150,707,2134,474,8335,7760,12083,2113,3194,5270
2024-02-03,11549,35591,8,6,1772f31d38bb975b,231,1594,235,4947,1802,562,1773,405,7439,6985,12441,1508,2360,4858
2024-02-04,12193,39208,8,6,226df9e2ea7c41b8,244,1924,235,5521,1607,580,1662,420,7613,7539,12516,1890,3194,6456
2024-02-05,15806,40366,8,6,4bf12ae82123b2ae,288,2951,292,6776,2017,751,2201,530,8061,7320,11084,2432,4729,6740
2024-02-06,15439,40520,8,6,cc495ef0168407c4,323,2174,327,6601,2431,815,2288,480,8039,7747,11118,2486,4826,6304
2024-02-07,14553,38915,8,6,00175f0ea32de670,371,2177,325,6391,1987,723,2033,546,7867,7868,10489,2374,4263,6054
2024-02-08,14114,38626,8,6,fa5b920f6a462e20,309,1812,276,6333,2037,704,2102,541,7878,7473,11638,2501,3498,5638
2024-02-09,12849,36453,8,6,bcf904a4a885edb5,279,1720,300,5673,1692,629,1928,628,7619,7278,11438,2155,2830,5133
2024-02-10,10334,33900,8,6,34f1eef0c11b5ec1,222,1377,230,4475,1310,593,1680,447,7025,7225,11528,1639,2227,4256
2024-02-11,11473,39095,8,6,a313aee753683587,234,1770,221,5182,1516,679,1487,384,7268,7259,15007,1786,2783,4992
2024-02-12,13912,40412,8,6,bd2d8d3744940648,288,1804,245,6312,1872,757,1820,814,7783,7867,13188,2313,3261,6000
2024-02-13,14847,40318,8,6,f33c00c7ec5aac00,298,1972,294,6321,2294,925,1979,764,7804,7691,12654,2453,3069,6647
2024-02-14,13814,36146,8,6,c9ac46da4771a648,317,1755,292,6107,2163,866,1792,522,7884,7370,10049,2181,2660,6002
2024-02-15,25168,37263,8,6,74032e1258bd7f58,306,1763,343,6437,1873,11854,2056,536,7872,7717,10190,2487,3022,5975
2024-02-16,19702,46197,8,6,e420bd904dd8465a,266,1590,287,5446,1796,7951,1875,491,7897,7376,21172,2117,2533,5102
2024-02-17,16670,38107,8,6,df2b6a4dc0a7ebee,228,1345,253,4715,1606,6413,1723,387,7375,7035,15477,1566,2128,4526
2024-02-18,13481,38606,8,6,9188218ccdd82d6c,240,1481,239,5632,1610,2218,1621,440,7751,7605,14220,1671,2529,4830
2024-02-19,15507,39334,8,6,5592c7b7a9e59ef7,273,1962,345,6183,2127,1936,2077,604,8717,7568,12163,2155,2663,6068
2024-02-20,15883,38972,8,6,74ad925798cb7722,351,1904,299,6652,2196,1813,2069,599,8285,8004,10785,2536,2976,6386
2024-02-21,15156,40066,8,6,b0c61fdfc9fc5070,343,2022,357,6321,1980,1584,2005,544,8523,8247,11150,2499,2994,6653
2024-02-22,15094,41667,8,6,fc556e30bea42e5d,265,1915,310,6508,2039,1490,2028,539,8257,9255,12265,2430,2959,6501
2024-02-23,13324,39376,8,6,662389f1f1553db8,271,1822,255,5652,1903,1103,1854,464,7938,11500,10129,2090,2460,5259
2024-02-24,11600,37308,8,6,9d1af54ed0ee4bff,287,1503,283,4802,1544,898,1890,393,7299,10838,10456,2140,1908,4667
2024-02-25,12771,38362,8,6,5ec92c17a22c60fa,243,1533,321,5431,1823,916,2034,470,7612,9995,11353,2051,2400,4951
2024-02-26,15842,40758,8,6,be6559bc0400d04b,377,2189,333,6836,2288,1047,2269,503,8512,9570,10430,2839,2936,6471
2024-02-27,15414,41133,8,6,a92241a92e897eae,361,2108,333,6614,2133,1045,2223,597,8319,8997,9706,3296,3772,7043
2024-02-28,15281,40127,8,6,983be1d417fcc4b6,351,1927,312,6654,2127,1060,2179,671,9554,8934,9429,3144,3357,5709
2024-02-29,15091,59229,8,6,92c04ed852ac1706,344,2118,341,6780,1992,904,1994,618,29428,8390,10008,2858,2707,5838
2024-03-01,13071,37321,8,6,9fae14af194cec04,295,1764,282,5714,1877,765,1859,515,8816,7654,9508,2777,2203,6363
2024-03-02,10939,34717,8,6,b316bc53ff8d38c5,255,1596,244,4581,1548,642,1715,358,7747,7175,9783,1722,2008,6282
2024-03-03,12197,36800,8,6,6e9435e9384edc5b,297,1616,278,5338,1816,754,1664,434,7639,7362,11069,2079,2236,6415
2024-03-04,15244,37554,8,6,7f79c82ef7bf6881,409,1861,293,6888,2118,970,2160,545,8496,7502,9833,2790,2810,6123
2024-03-05,15325,35673,8,6,d66091ae73090c68,351,1948,357,6808,2153,840,2127,741,8118,7305,9133,2643,2517,5957
2024-03-06,15970,35720,8,6,01e1305ea5f57f4e,404,2449,363,6985,2122,870,2064,713,8188,7247,8936,3125,2502,5722
2024-03-07,16391,36631,8,6,b25c894e559db8ac,389,2374,331,7493,2370,853,1928,653,8141,6836,11201,2516,2347,5590
2024-03-08,14349,35295,8,6,47f391f16cd22a3f,371,2154,307,6496,2019,699,1673,630,8128,6876,11286,2335,2100,4570
2024-03-09,11536,31192,8,6,54a0d517c61217ee,296,2056,280,4662,1566,569,1651,456,7061,6573,9657,1642,1862,4397
2024-03-10,12614,33761,8,6,f983a54d2688f4e8,438,1710,326,5297,1658,1177,1585,423,7423,7546,10335,1865,1884,4708
2024-03-11,14252,34876,8,6,877c0c1d8066ce64,416,2084,338,6255,1938,722,1902,597,8019,7353,9486,2502,2373,5143
2024-03-12,14535,36681,8,6,1e96fe755ce02f61,408,2273,416,5903,2311,703,1845,676,8951,7022,10202,2740,2514,5252
2024-03-13,18775,35656,8,6,6550d057dc74f53b,332,2105,348,8364,2152,790,2071,2613,8871,7134,9347,2614,2366,5324
2024-03-14,14712,35182,8,6,52a55d441d05f7dd,395,2176,322,5944,1967,669,2049,1190,8268,7120,9702,2510,2526,5056
2024-03-15,13012,39365,8,6,b3b6868b1c25ff03,312,2131,316,5205,1752,631,1984,681,7845,6708,15724,2251,2179,4658
2024-03-16,10723,34484,8,6,c2fd907207d161ca,262,1922,258,4217,1607,549,1510,398,7239,6479,13260,1651,1906,3949
2024-03-17,11464,40625,8,6,89e8a3cf7067fa1b,281,1830,282,4900,1564,569,1537,501,7544,6850,17803,1830,2658,3940
2024-03-18,13355,44067,8,6,544899c85e58d08b,348,2110,294,5872,1738,725,1774,494,8452,6839,17954,2556,2850,5416
2024-03-19,14099,40080,8,6,254ef6d79b4463f1,363,2540,334,5967,1940,692,1626,637,9591,7466,11665,3089,2533,5736
2024-03-20,15634,38398,8,6,91eac5d75dd4d22b,403,3875,313,5894,1876,948,1749,576,8645,7342,10403,2835,2564,6609
2024-03-21,14795,37603,8,6,84dcbbdd07544577,457,3070,293,5645,1667,1342,1731,590,8159,7338,10296,2642,2602,6566
2024-03-22,12233,34913,8,6,f3bfa1a65290e764,344,2200,285,5036,1510,768,1565,525,8127,7247,9000,2470,2069,6000
2024-03-23,10033,31599,8,6,250b2cbc2597c5f8,254,1942,271,3890,1192,659,1404,421,7405,7881,8740,1697,1659,4217
2024-03-24,10407,34270,8,6,edb246d58136a25f,300,1979,255,4433,1223,604,1181,432,7442,8327,9795,1776,2646,4284
2024-03-25,12364,37290,8,6,81393cdf3fc0cae0,470,2442,310,5137,1522,666,1379,438,8171,10097,9149,2473,2332,5068
2024-03-26,12632,41169,8,6,3cd431fe43dacb18,320,2403,273,5365,1544,646,1631,450,7982,14505,9370,2384,2151,4777
2024-03-27,12842,38990,8,6,1121900556a0d41a,373,2504,278,5362,1716,612,1534,463,7705,13489,8671,2407,1992,4726
2024-03-28,12233,36491,8,6,a17ae1ee51fe02dd,474,2121,321,4739,1711,772,1665,430,7487,10728,8328,2509,1827,5612
2024-03-29,11507,32185,8,6,d172b14e63d3c5ed,417,2039,263,4865,1448,523,1514,438,7061,8919,8253,1818,1628,4506
2024-03-30,9759,31217,8,6,65cf1ddb8b173c29,296,1643,223,3967,1340,498,1461,331,7143,8293,8465,1637,1539,4140
2024-03-31,10335,31554,8,6,9b31043a66aceb08,307,1900,228,4288,1293,600,1341,378,7440,7775,9049,1785,1668,3837
2024-04-01,14721,34057,8,6,1ace37aa05aade1e,334,4377,281,4922,1843,666,1850,448,7871,8280,9339,2199,1992,4376
2024-04-02,13705,34772,8,6,d18d64240a52fb6b,395,2813,353,5185,1810,729,1893,527,8130,7763,8769,2594,2315,5201
2024-04-03,15029,34358,8,6,648bef13edb364ab,358,4276,316,5171,1905,776,1789,438,7999,7997,8448,2752,2373,4789
2024-04-04,13820,34291,8,6,ebb4cff18774e703,294,3591,328,5134,1771,754,1505,443,8076,7995,8616,2707,2245,4652
2024-04-05,12864,33477,8,6,898d5674ac840975,309,2938,269,4848,1874,691,1490,445,7815,7985,8511,2498,2215,4453
2024-04-06,9965,30174,8,6,5456d33b9242abcc,256,1939,209,4092,1445,604,1128,292,7014,7795,7897,1873,1897,3698
2024-04-07,10832,33171,8,6,fd27393e71d2a765,273,2194,251,4678,1431,578,1102,325,7365,9341,8291,2029,1963,4182
2024-04-08,13490,46250,8,6,fc0264cfb22f86c2,309,2461,284,6287,1758,734,1233,424,7855,20282,8329,2659,2112,5013
2024-04-09,12520,41517,8,6,f681787d0d3daba7,305,2330,307,5419,1653,744,1280,482,7833,15131,8184,2647,2618,5104
2024-04-10,13428,40123,8,6,20c21d5c33bc7659,300,3140,282,5098,2272,688,1196,452,7953,11977,7922,2478,4732,5061
2024-04-11,22835,38809,8,6,6f04ab80c088f0d2,9462,3385,294,5182,2127,749,1203,433,8349,10077,8210,2583,4406,5184
2024-04-12,21410,35121,8,6,59fbb12f22387614,8415,3251,358,5139,1836,691,1205,515,7959,8655,8078,2268,3403,4758
2024-04-13,13660,32390,8,6,5378ef9b52cbefc3,3158,2742,279,3895,1528,603,1025,430,6799,7694,8092,1747,3767,4291
2024-04-14,12474,34257,8,6,79b305ecc27b787b,1343,2642,268,4408,1613,616,991,593,7489,7445,8438,2040,4167,4678
2024-04-15,14947,38230,8,6,e9a95cc86650c37c,1234,3166,293,5638,1799,714,1196,907,8035,8506,8668,2844,4725,5452
2024-04-16,14524,37528,8,6,611745298d2a5515,1127,3387,323,5305,1814,729,1216,623,8146,7345,8876,2611,4921,5629
2024-04-17,14542,37204,8,6,c51491ea48e0b855,1038,3540,289,5408,1831,717,1159,560,7913,7684,8721,2710,4628,5548
2024-04-18,14607,38588,8,6,4a39167ecfab559e,1093,3396,265,5235,2147,698,1184,589,8228,7559,8788,2609,5519,5885
2024-04-19,13372,41277,8,6,c90742d46d7c0e5a,1050,2887,305,5150,1657,550,1081,692,7912,10060,8928,2478,6093,5806
2024-04-20,11148,36415,8,6,5c930dce79cfc720,847,2764,251,4015,1446,491,938,396,7360,8710,8765,1890,4459,5231
2024-04-21,11183,37153,8,6,db07d7d09de5894c,598,2665,263,4384,1473,520,949,331,7981,8484,8524,2208,4972,4984
2024-04-22,13229,39922,8,6,13f0316e396c3925,505,2699,323,5492,1857,709,1212,432,8663,8590,9313,2781,4650,5925
2024-04-23,14304,40654,8,6,411799259f559c38,503,2576,333,6794,1799,598,1229,472,8451,9603,8487,3356,4660,6097
2024-04-24,13019,39454,8,6,82d5a34f64fc01ce,488,2534,363,5608,1760,662,1173,431,8407,9352,8971,2786,4218,5720
2024-04-25,12994,39178,8,6,5b161259c01a48eb,552,2330,291,5712,1700,737,1196,476,8445,8927,9316,2837,4021,5632
2024-04-26,12361,36350,8,6,6ba7f6df0bbe2306,484,2762,323,4939,1650,663,1066,474,7975,7787,8862,2404,3630,5692
2024-04-27,10305,32953,8,6,26d21b5884d65879,444,2257,256,4070,1369,547,1009,353,7466,7477,8220,1951,3232,4607
2024-04-28,11010,34384,8,6,f8175cb272293f17,406,2404,287,4483,1440,655,947,388,7846,7419,8886,1957,3482,4794
2024-04-29,13444,38031,8,6,d752a925a5d09f67,457,2661,315,5817,1849,701,1227,417,8563,7367,9338,2771,3813,6179
2024-04-30,12812,39103,8,6,6e0e218343f32541,342,2627,278,5382,1804,750,1193,436,8401,7273,10209,2833,4650,5737
2024-05-01,14437,36705,8,6,a9b643fffec92c32,448,4120,309,5198,2090,721,1155,396,8307,6935,9350,2619,3817,5677
2024-05-02,13263,38521,8,6,d81b82d5ae0f2ade,444,3100,309,5124,2035,774,1088,389,9701,6930,9304,2847,3802,5937
2024-05-03,12889,38522,8,6,8179f53c9473f138,413,2903,330,5127,1768,600,1113,635,9911,7391,9542,3134,3163,5381
2024-05-04,11195,33944,8,6,3ddc4af55ba0a973,407,2497,334,4381,1497,534,973,572,9003,6584,8942,1890,2864,4661
2024-05-05,10912,36043,8,6,75e5cc61355671df,361,2076,327,4776,1511,562,915,384,10014,6763,9264,2053,3224,4725
2024-05-06,13065,38611,8,6,99600a16a231e9cf,442,2489,306,5843,1712,677,1135,461,9804,6902,9054,2899,3536,6416
2024-05-07,13477,37963,8,6,77f33e1efb12c380,352,2391,592,5647,1984,709,1148,654,9152,6910,8680,2907,3698,6616
2024-05-08,12566,35908,8,6,b0b8884603b2c3b2,443,2329,443,5274,1776,673,1095,533,8942,6323,8244,3004,3454,5941
2024-05-09,12259,35422,8,6,235c6b2872109af6,442,2079,296,5366,1650,622,1181,623,8996,6011,7940,3004,3214,6257
2024-05-10,10915,31123,8,6,2f896cdb043ff36b,354,1899,251,5059,1333,641,1010,368,8265,5754,7255,2416,2644,4789
2024-05-11,9160,29294,8,6,a5bfdb41e78cb5e5,319,1745,211,4035,1126,388,1005,331,7383,5728,7464,1806,2392,4521
2024-05-12,10057,30235,8,6,9a3dc4fcda7a4330,318,1854,260,4533,1295,435,1035,327,7937,5787,7894,1933,2621,4063
2024-05-13,12633,34168,8,6,600c324a28da08ae,372,2250,329,5869,1533,471,1407,402,9066,5758,8650,2539,3102,5053
2024-05-14,12804,33828,8,6,26f82443f67ce4a5,344,2104,297,6023,1687,577,1277,495,8252,6578,8244,2650,3233,4871
2024-05-15,12626,32752,8,6,55fc00bb16e37351,349,2137,285,5635,1870,599,1253,498,8091,5952,7854,2795,3224,4836
2024-05-16,11713,36416,8,6,7c8f8837db3b48e4,345,2290,317,4928,1689,565,1132,447,8139,5961,11047,3047,3232,4990
2024-05-17,11545,31566,8,6,fa67f932ec94dc13,349,2804,252,4694,1448,470,1108,420,7748,5769,8337,2352,2685,4675
2024-05-18,9555,28649,8,6,17b6f151156ba8b5,331,2219,210,3867,1250,372,967,339,7219,5432,7804,2027,2348,3819
2024-05-19,9670,32459,8,6,b248862134e6c8e1,306,2110,276,3931,1325,430,962,330,7673,5755,10132,2129,2678,4092
2024-05-20,11546,34844,8,6,8e4f119c22e28fe3,376,2373,348,4897,1442,583,1167,360,8033,6225,9870,2597,2947,5172
2024-05-21,11860,36323,8,6,411638f96548e972,359,2172,263,5090,1628,665,1301,382,8420,6160,10486,2923,3014,5320
2024-05-22,11506,35595,8,6,f5aaaa67b2893854,341,2185,258,4749,1588,730,1300,355,7664,6367,10979,2746,2800,5039
2024-05-23,11865,44501,8,6,81790703d5081d27,313,2295,277,4897,1574,856,1235,418,7786,6673,16837,2541,5720,4944
2024-05-24,10549,38252,8,6,325f7c87b6316e6a,322,2176,247,4265,1456,552,1157,374,7111,6024,15813,2167,2478,4659
2024-05-25,9080,36688,8,6,e6d6a489658a2ed6,254,1858,171,3653,1278,515,993,358,6933,5537,15575,2002,2271,4370
2024-05-26,10128,36288,8,6,72fefe54b1b7a821,309,2198,235,4220,1309,497,1007,353,7288,5336,14604,1870,2671,4519
2024-05-27,10820,35661,8,6,076782b3140a0e92,291,2045,254,4625,1506,570,1168,361,7720,5704,12703,2027,2645,4862
2024-05-28,10966,36239,8,6,de2feba727e966cd,330,1968,288,4751,1458,565,1198,408,7639,5696,12316,2411,2899,5278
2024-05-29,11081,37642,8,6,5aa8f17d71697dbe,307,1950,267,4903,1449,504,1226,475,7523,5226,13838,2494,2940,5621
2024-05-30,10832,36964,8,6,978c65869aa9d0c0,371,1937,234,4753,1444,495,1156,442,7507,5257,12641,2317,3059,6183
2024-05-31,9961,31438,8,6,d4152c3e86832ce3,291,1952,204,4322,1307,437,1082,366,7007,4722,10614,1966,2509,4620
2024-06-01,9231,29680,8,6,40e4a6ca29750489,270,1710,192,4056,1186,328,1181,308,7274,4563,9407,1749,2371,4316
2024-06-02,9954,30488,8,6,a1147ebb315f2fff,313,1672,212,4785,1205,346,1105,316,6906,5508,9925,1790,2366,3993
2024-06-03,11358,31739,8,6,d43f3f2a88ac2f0b,291,1732,245,5401,1387,479,1450,373,7425,5063,9199,2266,2874,4912
2024-06-04,11426,31459,8,6,0a0d532e51725e55,339,1670,242,4886,1386,497,1755,651,7248,5361,8767,2291,3032,4760
2024-06-05,11224,30366,8,6,21be59ed1fbb11bd,306,1778,268,4831,1397,677,1495,472,7295,5246,8148,2168,2781,4728
2024-06-06,11076,30719,8,6,4d26432b444c8250,422,1642,289,4765,1408,538,1532,480,7054,5581,8511,2220,2717,4636
2024-06-07,10372,28865,8,6,0719a8cc6c24a4cb,374,1679,249,4414,1347,450,1465,394,6833,4882,8058,1876,2830,4386
2024-06-08,9799,27413,8,6,70922cc9b1ce8006,310,1478,215,4613,1245,412,1169,357,6538,5199,8301,1402,2334,3639
2024-06-09,9654,27823,8,6,58e3f6882710cfdf,338,1606,244,4505,1204,419,991,347,6600,4948,8264,1584,2592,3835
2024-06-10,10446,29154,8,6,5d8ebf0f6b79fb95,327,1691,219,4713,1423,490,1260,323,6688,5136,8052,1976,2813,4489
2024-06-11,10476,29039,8,6,9ebe2a43a832278d,340,1785,243,4544,1399,515,1221,429,6831,5019,7946,1866,2801,4576
2024-06-12,11484,31073,8,6,d795dc8cfc779c4d,274,2591,278,4567,1439,502,1260,573,6719,5007,7799,1962,5275,4311
2024-06-13,10406,28119,8,6,45ddde57c58b93c6,402,2087,211,4095,1360,424,1208,619,6732,5044,7270,1899,2841,4333
2024-06-14,9450,26731,8,6,bbb9de9458ee4a12,345,1718,230,3830,1298,411,1214,404,6573,4819,6911,1605,2591,4232
2024-06-15,8317,26148,8,6,97491eb367d7832b,265,1603,198,3522,1031,359,1041,298,6040,4588,8005,1259,2425,3831
2024-06-16,8822,25954,8,6,631fa4cd3ec97a34,256,1546,225,3926,1073,398,1037,361,6363,4676,7530,1252,2465,3668
2024-06-17,9656,28197,8,6,c462481a48ad4048,263,1592,210,4300,1139,478,1218,456,6676,5087,7603,1815,2630,4386
2024-06-18,9758,30439,8,6,5e5f72d2f252fc17,261,1671,312,4035,1256,382,1361,480,6789,7110,7115,1736,2689,5000
2024-06-19,9789,29155,8,6,b0c92207cb47d368,301,1685,254,4105,1262,450,1295,437,6478,5256,7339,1920,2803,5359
2024-06-20,9686,28762,8,6,3044a31a550d9232,260,1533,285,4272,1132,443,1320,441,7000,5417,6815,1667,2622,5241
2024-06-21,8913,27897,8,6,dfea560868855dc6,246,1468,223,3737,1148,373,1253,465,6633,5692,6400,1628,2565,4979
2024-06-22,8301,28485,8,6,ddce054e0e2eaa76,245,1386,221,3580,1050,377,1055,387,6886,6034,6800,1490,2472,4803
2024-06-23,9025,29029,8,6,588c8973567952ec,247,1610,241,3991,1076,372,1060,428,7337,5214,7569,1590,2869,4450
2024-06-24,10428,28881,8,6,81e1d7f1de221f40,331,2013,304,4339,1360,408,1194,479,7006,5072,7056,1946,2855,4946
2024-06-25,9959,28302,8,6,c2d5c5769139b009,290,2008,250,4206,1275,417,1147,366,6624,5601,6593,1780,2727,4977
2024-06-26,9165,29522,8,6,081264c5da50a557,250,1670,263,3722,1372,476,1069,343,6558,6489,6937,1700,2655,5183
2024-06-27,9011,28230,8,6,d4f4976def8705de,292,1568,241,3652,1336,454,1102,366,6321,4984,7846,1614,2516,4949
2024-06-28,10174,27019,8,6,51d74583b20ddf52,257,1711,194,4633,1621,403,1056,299,6272,4671,7401,1505,2595,4575
2024-06-29,8154,25334,8,6,b371367c96b216f7,251,1535,186,3544,1069,376,939,254,6075,4340,6622,1440,2493,4364
2024-06-30,8255,25799,8,6,61eede6c14c9ac7d,264,1430,263,3663,1117,366,870,282,5941,4365,6827,1502,2679,4485
2024-07-01,9045,26275,8,6,2645a47cbed8baff,306,1673,264,3683,1287,378,1089,365,6070,4350,7172,1749,2367,4567
2024-07-02,9170,26878,8,6,73ad445d5985157b,333,1642,308,3680,1340,450,1100,317,5904,4374,7540,1583,2611,4866
2024-07-03,9331,28657,8,6,58f168e0a2a895e1,369,1640,272,3817,1324,431,1097,381,6690,5006,7792,1711,2651,4807
2024-07-04,9128,28261,8,6,78bbea3d7d06e090,282,1618,261,3757,1239,365,1202,404,6403,4798,8033,1986,2782,4259
2024-07-05,8860,26144,8,6,9923a2d7a65da958,273,1639,252,3619,1098,431,1185,363,6024,4507,7119,1692,2663,4139
2024-07-06,8336,25671,8,6,7d2cdef5f9827482,259,1447,200,3690,1005,416,1026,293,6208,4241,7305,1470,2588,3859
2024-07-07,9227,27878,8,6,e635070ffcfbfbe6,281,1676,294,3927,1144,399,1111,395,6517,4441,8277,1688,3056,3899
2024-07-08,10131,27352,8,6,bf8592c2d1120c17,323,1718,252,4325,1278,496,1348,391,6250,4616,8128,1712,2736,3910
2024-07-09,9927,27708,8,6,e3849e76c4062964,319,2050,215,3804,1399,514,1278,348,6277,4381,8429,1891,2736,3994
2024-07-10,9889,26944,8,6,7414fb270db4b1a2,290,2143,234,3821,1235,533,1189,444,6014,4359,8189,1851,2653,3878
2024-07-11,10256,27960,8,6,435736637ed07beb,384,2155,272,3712,1472,570,1166,525,6275,4626,8894,1776,2511,3878
2024-07-12,9319,26797,8,6,353a382507a39987,327,1867,231,3682,1285,510,1087,330,6390,4491,7903,1654,2482,3877
2024-07-13,8858,25535,8,6,00dc0ef30fa4364c,241,1711,235,3994,968,408,1019,282,6382,4689,7489,1419,2457,3099
2024-07-14,9442,25227,8,6,66b84adb4cb45cf2,230,1958,195,4407,964,392,980,316,5671,4475,7297,1569,2910,3305
2024-07-15,10549,26346,8,6,5494f830f8e22329,303,2146,219,4628,1058,457,1337,401,5657,5230,7441,1592,2596,3830
2024-07-16,10086,27150,8,6,bd5d1e91d5bab430,280,2174,239,4263,1193,501,1087,349,5881,5632,7785,1585,2615,3652
2024-07-17,10020,27162,8,6,cadf2c211569ff38,268,2123,251,4001,1211,454,1159,553,5906,5284,7532,1715,2810,3915
2024-07-18,9914,27124,8,6,6abe367c05b320ec,257,1996,211,4258,1070,538,1165,419,6043,5515,7330,1534,2774,3928
2024-07-19,9806,26226,8,6,231a7b3b4daf92a0,331,1857,200,4110,1243,474,1082,509,5698,5944,6772,1486,2459,3867
2024-07-20,8825,35255,8,6,f5024cd06d944d8d,276,1677,201,3998,958,463,927,325,5934,12930,9001,1297,2617,3476
2024-07-21,9548,29728,8,6,0976a6e2d88c0d4f,283,1759,201,4630,1040,434,885,316,6014,8168,7767,1450,2900,3429
2024-07-22,10320,27917,8,6,b387bd96991d8687,285,1971,195,4763,1168,482,1094,362,6213,6020,7016,1597,2942,4129
2024-07-23,9951,27184,8,6,837fc8061aa700a1,258,1897,238,4193,1229,587,1171,378,6186,5344,6800,1768,2982,4104
2024-07-24,9870,27594,8,6,15644d57d62a9ba7,286,1764,207,4178,1245,613,1115,462,6283,5406,7310,1360,3448,3787
2024-07-25,10355,25534,8,6,4e3d33b5079429a2,304,1895,223,4135,1294,790,1178,536,5984,4665,6945,1268,2885,3787
2024-07-26,9258,25224,8,6,00b333adc4853122,358,1747,238,3830,1127,526,1036,396,5683,4960,7044,1159,2511,3867
2024-07-27,8353,23629,8,6,f370f2ddde3fd829,232,1569,248,3672,988,429,877,338,5614,4538,6718,1031,2220,3508
2024-07-28,8908,25349,8,6,d2ba9e934b5e9c81,238,1605,254,4088,1158,437,830,298,6473,4447,7327,1215,2530,3357
2024-07-29,10072,26681,8,6,a0a9ad65e775f78a,267,1785,272,4476,1347,510,1056,359,6641,4455,7324,1329,3221,3711
2024-07-30,9685,26220,8,6,4bba4079e7fd7d45,270,1908,264,3963,1243,554,1087,396,6196,4466,7031,1340,3208,3979
2024-07-31,10652,31048,8,6,9bb0db2e5ecc0cee,367,2446,260,3948,1353,591,1282,405,6014,7566,8437,1502,3072,4457
2024-08-01,10441,26053,8,6,1cb629e949ff1156,368,2308,248,3881,1205,901,1106,424,6287,4226,7454,1461,2506,4119
2024-08-02,13222,24684,8,6,d92cd04e400c3218,326,2098,273,4102,1193,3246,1100,884,5961,4186,7187,1390,2035,3925
2024-08-03,12003,24454,8,6,865348cc51c93452,275,1741,256,3997,1099,2970,990,675,6086,3971,7767,1187,1956,3487
2024-08-04,11041,27134,8,6,7147147f0f72e554,357,1708,251,4259,1109,1711,971,675,6924,4180,8819,1306,2443,3462
2024-08-05,45123,26766,8,6,379655d8f2f157f6,605,3948,602,8405,1471,18307,2501,9284,6499,4166,8603,1472,2431,3595
2024-08-06,26861,27224,8,6,228ffdbc7dbdeec9,403,3210,423,6006,1795,8822,2058,4144,6623,4700,8212,1485,2141,4063
2024-08-07,14990,25626,8,6,3b5f7ff3225b4a66,346,2248,327,4447,1399,3140,1460,1623,6230,4066,7696,1571,1933,4130
2024-08-08,13551,25738,8,6,be622d224cf477a4,295,2231,322,4615,1359,2310,1471,948,6478,4292,7930,1389,1851,3798
2024-08-09,12835,24025,8,6,178ddfacaf83d91b,273,2613,444,4425,1549,1530,1370,631,6297,4148,7229,1477,1540,3334
2024-08-10,10098,23392,8,6,8a4b9f2d058ff8b2,240,1925,259,3764,1142,1101,1176,491,5758,4356,7462,1177,1381,3258
2024-08-11,10691,25382,8,6,73edb930fddf73e3,295,2053,229,4320,1194,1041,1114,445,6193,4746,7981,1210,1715,3537
2024-08-12,11919,26054,8,6,9f0a602558621143,282,2176,344,4557,1458,1393,1211,498,6323,4730,8078,1555,1652,3716
2024-08-13,12744,28375,8,6,bd1b0cc52c5c840a,1208,2080,271,4403,1708,1245,1284,545,6896,4944,9410,1625,1763,3737
2024-08-14,12314,31313,8,6,86367f3fd621c928,569,2266,241,4448,1960,1223,1137,470,6674,4932,8052,1483,6546,3626
2024-08-15,11389,25159,8,6,44a7b875c64ab86e,280,1997,241,4185,2173,1147,933,433,6539,4554,7292,1367,2129,3278
2024-08-16,10687,24995,8,6,0d753061d2c04c56,253,1947,206,3958,1944,827,1050,502,6583,5021,7193,1274,1644,3280
2024-08-17,10286,24349,8,6,7447af70086ccadf,271,1705,209,3900,1996,701,1042,462,6152,5206,7216,1094,1547,3134
2024-08-18,10422,27769,8,6,116f6207cae3c991,293,1923,251,4373,1466,709,931,476,6667,6141,8406,1243,2048,3264
2024-08-19,11107,29425,8,6,fd6ea3b94f664388,335,2084,220,4691,1555,811,929,482,6545,7803,7717,1542,2114,3704
2024-08-20,11388,30376,8,6,33ba3cec6b13bc9d,255,2046,290,4777,1712,815,1060,433,6977,7950,8138,1654,2083,3574
2024-08-21,11985,28441,8,6,8898002fe15d489b,260,2330,266,5016,1630,925,1077,481,7242,6150,7712,1606,2101,3630
2024-08-22,12188,28355,8,6,af80bc8d44790d6d,269,2276,263,4852,1711,1194,1160,463,6955,6594,7570,1658,1977,3601
2024-08-23,12521,31455,8,6,c9731cf7a97e78dd,251,3614,265,4524,1448,1022,1042,355,6749,10191,7509,1519,1821,3666
2024-08-24,10330,25330,8,6,c5d4861b3c73ae5e,264,2438,208,4176,1197,797,883,367,6185,5528,7391,1349,1696,3181
2024-08-25,9883,26784,8,6,b752c338c5ff2c9f,264,1981,205,4278,1291,697,854,313,6658,5336,8415,1270,1889,3216
2024-08-26,11081,28285,8,6,1ccd086eb35bc5a5,280,2166,266,4860,1351,738,1005,415,7238,5239,8286,1652,1981,3889
2024-08-27,11151,28034,8,6,2582db832db53df5,302,2007,310,4826,1384,805,1085,432,7310,4928,7754,1773,2092,4177
2024-08-28,11210,28188,8,6,0c06f98d3bf071b3,322,2030,304,4745,1468,807,1111,423,7256,5179,7600,1970,2208,3975
2024-08-29,10821,27848,8,6,b0ffd75dfc0f6a4e,285,1883,250,4715,1337,741,1110,500,7114,4842,7762,1726,2233,4171
2024-08-30,9894,26102,8,6,c5c19d6a7db40b75,216,1701,247,4131,1403,710,1066,420,6533,5025,7206,1632,1882,3824
2024-08-31,8624,24364,8,6,8447e5cef4809af7,219,1458,193,3746,1116,521,1013,358,6173,4811,7062,1305,1682,3331
2024-09-01,9089,26033,8,6,1db2b647fbcc3cb4,261,1630,229,3975,1210,556,891,337,6658,4751,7663,1443,2022,3496
2024-09-02,10689,27513,8,6,8788cb52a0944aea,247,1940,259,4693,1323,636,1167,424,7020,4796,8251,1641,2055,3750
2024-09-03,11883,30411,8,6,f7742ebac4618eeb,284,1887,335,5006,1449,913,1372,637,7325,4997,8516,2082,3184,4307
2024-09-04,12033,28400,8,6,b915f60b7af4e1af,283,1973,338,5019,1398,984,1457,581,7140,4778,7919,2642,2158,3763
2024-09-05,11892,28932,8,6,e7aa36a7da7b948d,249,1929,325,5271,1299,940,1298,581,7506,5185,8199,1943,2147,3952
2024-09-06,10905,27133,8,6,3b09cd777242b843,236,2143,211,4741,1099,822,1023,630,6871,5312,7339,1777,1951,3883
2024-09-07,9044,26711,8,6,a734c75becc8e39d,202,1776,179,3900,962,691,812,522,6299,4898,9666,1273,1703,2872
2024-09-08,10157,26647,8,6,b8f7c74e46f03c62,238,1894,249,4347,1247,684,1007,491,7108,4896,7904,1589,2052,3098
2024-09-09,11895,28744,8,6,7bcadbf46bb15ff2,266,2124,252,5232,1607,740,1154,520,7496,5167,7379,2264,2363,4075
2024-09-10,12298,29154,8,6,68cccd89557cfa95,264,2195,255,5844,1454,718,1103,465,7589,5495,7298,2212,2283,4277
2024-09-11,13736,28650,8,6,89673857ead1c99b,275,2439,298,5803,2063,1253,1136,469,7379,4983,7081,2249,2454,4504
2024-09-12,12643,30083,8,6,5ce20cac13dd6642,260,2315,256,5535,1754,831,1296,396,7660,5505,7830,2288,2429,4371
2024-09-13,11122,27929,8,6,20a725027763ac56,261,2157,193,4708,1546,741,1090,426,7222,5468,6947,1989,2045,4258
2024-09-14,9485,28214,8,6,aa2b0235da05c6b1,330,1906,228,3878,1286,602,894,361,6645,5347,9450,1468,1840,3464
2024-09-15,10688,30956,8,6,5f8d7f28c9b68b30,465,2045,357,4598,1253,695,917,358,6933,6086,10476,1573,2077,3811
2024-09-16,12529,33993,8,6,7e3575fa893e4235,292,2794,270,5290,1452,814,1172,445,7265,6282,10765,2252,2469,4960
2024-09-17,12964,35066,8,6,19c901b6292423a0,274,3119,241,5327,1422,828,1260,493,7368,8608,9583,2196,2594,4717
2024-09-18,19147,35797,8,6,05ff48f4c991453b,303,8640,267,5150,1648,1259,1392,488,7635,9817,8639,2430,2730,4546
2024-09-19,18465,33941,8,6,4ee3ea3b94075a40,421,7742,296,5241,1611,1347,1223,584,7942,7851,8805,2264,2621,4458
2024-09-20,13383,30900,8,6,a46b4b51e4d5fae1,404,4077,255,4539,1411,905,1266,526,7817,6941,8005,1879,2161,4097
2024-09-21,10150,27193,8,6,910f525d65b4a40c,254,2554,219,3854,1094,736,1042,397,6289,6378,7998,1441,1704,3383
2024-09-22,10443,29119,8,6,5dd741a5fd3d7978,238,2251,220,4430,1188,738,952,426,6876,6001,8602,1735,2187,3718
2024-09-23,11972,31314,8,6,633afc924d51c008,274,2608,285,5027,1317,864,1157,440,7396,5930,8563,2214,2292,4919
2024-09-24,12524,31704,8,6,26e75024d2e82b97,409,2449,331,5239,1430,898,1276,492,7433,5585,8679,2378,2509,5120
2024-09-25,12121,31626,8,6,25b3f09b341d07b8,385,2411,271,5090,1432,886,1155,491,7282,5765,8717,2342,2416,5104
2024-09-26,12205,30810,8,6,b99642c1ff138572,302,2637,206,5065,1374,877,1263,481,7424,5426,8265,2409,2273,5013
2024-09-27,10482,28590,8,6,bac4bbc7cccfb324,245,2041,221,4418,1273,753,1079,452,6604,5298,7825,2113,1962,4788
2024-09-28,8804,25630,8,6,658da12c352dd4d7,194,1677,202,3814,974,582,1001,360,6087,4971,7404,1624,1721,3823
2024-09-29,9778,28179,8,6,f3d6ee91f35637d8,196,1705,188,4362,1167,589,1011,560,6675,5333,7881,2562,2129,3599
2024-09-30,15607,29982,8,6,8ee9cdf8dc69d235,284,6250,256,5078,1390,704,1126,519,6946,5513,8981,2425,2257,3860
2024-10-01,15385,30029,8,6,64d60d92287943a3,316,5629,254,5217,1457,711,1303,498,6777,5551,9366,2401,2138,3796
2024-10-02,12469,29661,8,6,cc227e5c89842019,444,2623,301,5000,1591,783,1260,467,6871,5951,8188,2525,2418,3708
2024-10-03,11553,29472,8,6,d4b5ffda30d047f7,370,2137,255,4777,1456,630,1331,597,7263,5698,8153,2409,2361,3588
2024-10-04,10778,28915,8,6,60cfdb717fdc7872,302,2012,246,4577,1372,680,1143,446,6827,5925,8504,2077,1958,3624
2024-10-05,9256,27056,8,6,15e0c1f377a321fc,222,1838,201,3963,1051,534,1037,410,6163,6300,8178,1774,1593,3048
2024-10-06,9831,27430,8,6,f2f3b7d69263ee05,219,1654,242,4327,1153,858,972,406,6273,5764,8011,2024,2132,3226
2024-10-07,11429,30122,8,6,84cdc8197f8df959,281,1853,265,4978,1459,799,1266,528,7622,5818,7835,2468,2406,3973
2024-10-08,11507,29806,8,6,63df453f98f22566,308,2158,271,5001,1386,722,1178,483,6839,5768,8252,2580,2309,4058
2024-10-09,11619,29803,8,6,e7e0c48f125e2623,271,2667,279,4802,1272,751,1172,405,6902,5868,8080,2705,2419,3829
2024-10-10,11210,28430,8,6,5e9e906c9b1a3c57,298,2303,237,4817,1438,585,1125,407,6705,5820,7188,2449,2489,3779
2024-10-11,9874,38043,8,6,74dee35f48d8764e,290,1964,238,4301,1231,531,948,371,6638,6069,17921,1994,1814,3607
2024-10-12,8674,36485,8,6,feede3dc450391a9,287,1663,238,3719,1028,471,933,335,6097,5642,18384,1768,1645,2949
2024-10-13,9296,31894,8,6,d51b6deab0bb9f91,236,1754,232,4216,1101,440,948,369,6604,6149,11868,2046,2028,3199
2024-10-14,11340,33586,8,6,8e8e1d3c8b643515,384,2159,284,4958,1365,547,1198,445,7351,6950,9782,2871,2411,4221
2024-10-15,11822,33848,8,6,3e8903c2ae434e2b,301,2421,275,5187,1380,570,1218,470,7503,6998,9097,3041,2521,4688
2024-10-16,11656,33440,8,6,3707de040ae1e1dd,339,2219,298,5024,1428,630,1304,414,7657,7554,8873,2787,2387,4182
2024-10-17,11785,37656,8,6,f2db7d4ac571b925,645,2085,244,5100,1421,593,1276,421,7416,12718,8341,2762,2297,4122
2024-10-18,10781,31996,8,6,77a653ffc3099ed6,470,2057,216,4671,1245,576,1088,458,7070,8689,7885,2202,2152,3998
2024-10-19,9303,27444,8,6,63f15daac28b01cb,430,1683,207,4015,1143,433,959,433,6516,6785,7873,1607,1513,3150
2024-10-20,9836,30997,8,6,64628d40b2acd16c,444,1776,217,4422,1116,522,993,346,6686,9037,8107,1960,1910,3297
2024-10-21,12134,32797,8,6,9ea79b71862f0e5e,403,2186,285,5636,1390,570,1159,505,7551,7979,8063,2787,2223,4194
2024-10-22,11723,31397,8,6,6b501245f6bcde55,387,2113,258,5201,1383,631,1184,566,7256,6851,7840,2866,2403,4181
2024-10-23,11978,30593,8,6,ca59bbfcf5ef5cf6,370,2031,244,5415,1518,590,1162,648,7186,6362,7755,2794,2305,4191
2024-10-24,12197,32312,8,6,d6375546e4d8da31,293,1994,247,5574,1375,620,1015,1079,7101,8151,7721,2760,2174,4405
2024-10-25,11051,28015,8,6,dbc7d54bd0f6c4c4,304,2000,249,4804,1252,546,1108,788,6656,5947,7449,2205,1803,3955
2024-10-26,9034,23984,8,6,c4add546a097f44a,232,1485,198,4315,992,421,915,476,5939,5176,6739,1570,1484,3076
2024-10-27,9475,27130,8,6,b65e303ef94b3216,332,1762,191,4355,1064,448,887,436,6689,5353,8360,1691,1754,3283
2024-10-28,11434,30141,8,6,3b3ab933cf996d9b,398,2156,229,5392,1221,518,1038,482,6910,5619,8698,2533,2151,4230
2024-10-29,12147,29340,8,6,9a3e3df4eacfeeff,297,2057,239,6039,1409,586,966,554,6817,5435,8614,2466,2144,3864
2024-10-30,11430,28602,8,6,16c96105e938b1ba,290,2301,251,5261,1322,619,903,483,7417,5257,8061,2308,2009,3550
2024-10-31,10605,26942,8,6,82defd8e356773a3,275,1977,221,4905,1305,569,853,500,6795,5034,7836,1990,1917,3370
2024-11-01,9705,26162,8,6,1d2c4e33f2c20fe8,290,1730,217,4471,1126,575,874,422,6554,4997,7834,1945,1636,3196
2024-11-02,9502,25407,8,6,cd0b5755815b88f3,284,1893,198,4180,1157,520,885,385,6455,4923,8367,1491,1516,2655
2024-11-03,10306,31119,8,6,051eb8effb3bab69,272,1824,219,4881,1227,554,951,378,7866,5073,11702,1680,1745,3053
2024-11-04,12850,32072,8,6,0f17fd67b9c1e4b9,339,2374,222,5946,1494,702,1232,541,7895,5438,9563,2557,2373,4246
2024-11-05,13363,31328,8,6,fd64d748181900cf,357,2765,293,5873,1659,592,1391,433,7482,5613,9307,2556,2386,3984
2024-11-06,19185,28026,8,6,b0180b739c0505f2,409,4124,311,8167,2567,1319,1784,504,6896,4952,7610,2706,2001,3861
2024-11-07,23655,31770,8,6,6413d956f8e76a0b,377,9385,310,7795,2516,1146,1589,537,7392,5113,10233,2617,2340,4075
2024-11-08,32727,30097,8,6,9ad9ef4ab1ba3d36,380,20036,286,7038,1953,904,1639,491,7365,5568,9051,2378,1962,3773
2024-11-09,19289,25686,8,6,4deea2f290377bb2,282,9550,198,5383,1513,691,1226,446,6357,5240,8103,1480,1764,2742
2024-11-10,16216,28239,8,6,cbab8c8b4e307819,267,6060,241,5706,1523,842,1122,455,6583,5530,9298,1812,1997,3019
2024-11-11,18686,34096,8,6,5d2c1a98d1a482e5,346,6096,267,7340,1720,917,1429,571,7404,5524,12100,2290,2786,3992
2024-11-12,19958,35291,8,6,54e1b815c6bb1f3b,543,6054,333,7924,1929,985,1588,602,7788,5781,12152,2625,2527,4418
2024-11-13,18109,33954,8,6,d77059c3a6c883fe,372,5079,302,7168,2032,918,1425,813,8063,5667,10962,2527,2673,4062
2024-11-14,15673,32695,8,6,aa35291b3197b848,365,3977,299,6630,1550,796,1389,667,7632,6408,9729,2434,2436,4056
2024-11-15,13459,33335,8,6,68dae9ec6fb8bfe0,269,3348,252,5596,1534,792,1102,566,8291,7173,9640,2182,2133,3916
2024-11-16,10592,28286,8,6,498f2faf005883ea,239,2378,215,4633,1123,571,1006,427,6691,7232,8526,1501,1523,2813
2024-11-17,11047,28901,8,6,14fdbb9bd6e64cdb,276,2308,215,4971,1148,577,1101,451,7132,6672,8560,1716,1842,2979
2024-11-18,14074,32293,8,6,8dd769c1549b6ad6,365,3064,303,6339,1381,704,1344,574,7814,6252,8950,2586,2535,4156
2024-11-19,13963,33589,8,6,eb2960bff2f991b6,350,2925,318,6407,1314,740,1380,529,7812,6224,9860,2747,2559,4387
2024-11-20,13246,31758,8,6,0d863a215de6c6f8,368,2706,267,5979,1531,655,1255,485,7695,5888,8749,2804,2408,4214
2024-11-21,12778,31897,8,6,a35dbf93dda4c0ec,345,2433,249,5839,1329,648,1360,575,7425,6647,8904,2624,2354,3943
2024-11-22,11955,29405,8,6,64526c8bdc60869a,361,2482,237,5263,1281,596,1236,499,7448,5671,8273,2231,2031,3751
2024-11-23,10584,26888,8,6,8c28b4d20b9669ad,281,2496,206,4443,1062,561,1095,440,6452,5040,9218,1435,1564,3179
2024-11-24,10638,26986,8,6,ec3fbd31a6bd34d3,281,2568,220,4497,1092,541,1032,407,7092,5256,8153,1630,1770,3085
2024-11-25,12272,29944,8,6,e1e83c08c6c01c3f,331,2395,291,5386,1391,653,1285,540,7356,5493,8748,2289,2134,3924
2024-11-26,12846,29580,8,6,840b726a73373f32,355,2161,328,5979,1411,699,1357,556,7419,5331,8124,2412,2293,4001
2024-11-27,12828,29940,8,6,3219c1fea772fb4a,645,2000,258,6131,1348,682,1267,497,7180,4989,10241,1902,2002,3626
2024-11-28,12248,27965,8,6,f5153d28986c74b8,521,1965,262,5729,1348,582,1365,476,7225,4848,8950,1784,1849,3309
2024-11-29,11345,27109,8,6,7b49d56aeed8749c,730,1824,247,4799,1190,565,1494,496,7448,4691,8193,1648,1783,3346
2024-11-30,9907,25119,8,6,c2752b82ee1e4b04,376,1608,234,4276,1117,503,1392,401,6611,4787,7974,1460,1419,2868
2024-12-01,10920,26512,8,6,8f2120840314035a,432,1873,242,4770,1127,489,1540,447,6977,4985,8149,1787,1646,2968
2024-12-02,12339,30449,8,6,85ec1c10dafb4522,458,2016,242,5495,1280,583,1655,610,7440,5477,8668,2429,2301,4134
2024-12-03,14946,30666,8,6,9b86eac198407700,2140,1908,272,5797,1284,595,2280,670,7371,5679,8946,2407,2246,4017
2024-12-04,13891,30293,8,6,9accf02ce0ae8034,1282,2077,269,5225,1458,638,2225,717,7500,5588,8475,2317,2346,4067
2024-12-05,13070,30208,8,6,acaf09e4c13282d3,825,2223,231,5453,1350,634,1648,706,7363,5554,8707,2461,2388,3735
2024-12-06,11900,28248,8,6,cfb9eefb7ed2d0a2,611,1952,238,4984,1260,585,1602,668,7116,5433,8124,2086,2102,3387
2024-12-07,9316,24533,8,6,f4b6062b8f30b5eb,525,1570,178,3780,986,446,1288,543,6140,5152,7725,1587,1427,2502
2024-12-08,9771,25300,8,6,a57ba6a304805a1a,507,1618,217,4224,1048,410,1269,478,6127,5031,8048,1577,1777,2740
2024-12-09,12295,29037,8,6,be665a93673f8478,586,1874,252,5272,1383,536,1827,565,6928,5625,8029,2266,2595,3594
2024-12-10,12028,28507,8,6,1418e0dbf6ce06fd,392,1808,259,5289,1337,545,1875,523,6737,5307,7729,2298,2705,3731
2024-12-11,12078,29457,8,6,272abfff6d658eff,438,1823,217,5233,1473,491,1854,549,6997,5825,8212,2280,2491,3652
2024-12-12,12022,29111,8,6,cc3af4e3afaf5f64,403,1849,208,5257,1349,567,1748,641,7052,6066,8158,2149,2220,3466
2024-12-13,11597,28921,8,6,a951090c912b2020,557,1687,268,4996,1295,708,1544,542,7744,5499,8415,1957,1856,3450
2024-12-14,9538,26797,8,6,c7eccbeb2c80bdc4,620,1441,204,4122,986,479,1177,509,6786,6842,7856,1419,1425,2469
2024-12-15,9974,27564,8,6,fd5a510080da22c8,590,1455,203,4529,1048,488,1208,453,7269,6370,8035,1529,1758,2603
2024-12-16,11857,30139,8,6,a6abec83fa278472,539,1841,266,5438,1158,625,1443,547,8119,6176,7724,2366,2174,3580
2024-12-17,12258,28818,8,6,2b70902cac90835a,618,2081,246,5452,1166,565,1499,631,7028,5733,7957,2332,2174,3594
2024-12-18,14378,30040,8,6,ddf60be6d1f999b9,563,3910,275,5155,1316,672,1575,912,6785,5826,9773,2164,2278,3214
2024-12-19,15424,31934,8,6,76b7f4b2b9657981,646,4635,190,4992,1532,832,1667,930,6716,5382,12636,2019,1922,3259
2024-12-20,12451,25989,8,6,45391f68a01ccec3,551,3183,261,4144,1481,618,1466,747,6199,5428,8142,1535,1519,3166
2024-12-21,9965,24920,8,6,bba80a9a609b04fc,509,1997,184,3902,1024,470,1386,493,5901,5451,8684,1137,1430,2317
2024-12-22,9758,24759,8,6,533a599bdea31c47,680,1719,198,3851,977,448,1458,427,6209,5102,8466,1186,1435,2361
2024-12-23,10868,24907,8,6,1e70845f74768ed9,864,2133,173,4102,990,591,1515,500,6160,4848,8577,1240,1598,2484
2024-12-24,11236,23763,8,6,14ade7d77dd82d25,1611,1783,195,4349,923,500,1418,457,5840,4318,8579,1135,1636,2255
2024-12-25,13259,23683,8,6,a0590fa369a47672,3679,1726,190,4726,928,409,1187,414,5809,4621,8245,1242,1554,2212
2024-12-26,11838,25282,8,6,71e6823fc122ef70,2008,1772,214,4323,1097,548,1409,467,5939,5523,8581,1223,1624,2392
2024-12-27,10194,25290,8,6,ab5c360a9ecc61ae,782,1738,215,4134,994,525,1306,500,6031,5159,8697,1281,1726,2396
2024-12-28,9759,24662,8,6,6b0543b1efb42c75,528,1820,228,3986,1016,543,1194,444,5891,5359,8354,1232,1531,2295
2024-12-29,9769,25191,8,6,2a6ac78c2c1e2c24,435,1564,210,4317,1019,534,1121,569,6598,4866,8617,1210,1629,2271
2024-12-30,10517,26003,8,6,3684484dc515ad8b,416,1726,193,4898,1059,512,1209,504,6486,5158,8835,1326,1591,2607
2024-12-31,9673,23453,8,6,8331c4ff19bf2e77,416,2007,205,4013,894,454,1160,524,5979,4693,7895,1214,1460,2212
2025-01-01,9620,24582,8,6,337cacc3da5f6f21,615,1600,197,4414,853,379,1081,481,6247,5142,8194,1229,1490,2280
2025-01-02,10505,26902,8,6,4a846f6e28b44e78,438,1657,204,4628,1049,530,1409,590,6846,5494,8732,1364,1861,2605
2025-01-03,10436,26861,8,6,dcf16bc9556f7bb9,349,1715,274,4524,1070,520,1395,589,6463,6202,8592,1320,1668,2616
2025-01-04,10079,27013,8,6,73b6f5f480dc8ec1,350,1597,237,4483,963,408,1202,839,6360,5662,9663,1292,1645,2391
2025-01-05,10168,28850,8,6,2ca0e15f8dd5e1c6,328,1573,244,4621,1149,420,1332,501,6764,5345,10744,1507,1990,2500
2025-01-06,11635,29983,8,6,240fcb2d5f8c40c6,369,1787,241,5115,1283,512,1581,747,6602,5311,10342,2012,2580,3136
2025-01-07,12102,40708,8,6,56009436ab9c7056,360,1877,250,5516,1316,488,1640,655,6951,6528,19170,2069,2716,3274
2025-01-08,12674,34275,8,6,07cb862c59105537,370,1895,252,5696,1519,557,1501,884,7099,6042,13129,2073,2432,3500
2025-01-09,12015,31479,8,6,37524e06aa64364a,319,1919,256,5435,1313,497,1524,752,7227,6111,10015,2220,2458,3448
2025-01-10,11142,29740,8,6,02a5c0bf3a0e22d1,323,1879,241,5017,1137,572,1330,643,7131,6391,8956,1888,2148,3226
2025-01-11,8872,26783,8,6,ca825928b31d37f4,232,1626,166,4046,1004,391,1010,397,6323,5653,8848,1447,1695,2817
2025-01-12,9269,28244,8,6,f54dc536190b2a34,299,1695,217,4158,1010,442,985,463,6478,5939,9361,1761,1973,2732
2025-01-13,11864,32411,8,6,13d4990186dd52f2,315,1873,215,5702,1301,493,1254,711,7354,6734,9349,2352,3253,3369
2025-01-14,11751,31497,8,6,7cce70a5b40fb105,345,1976,260,5406,1462,512,1194,596,7237,6775,8491,2561,2862,3571
2025-01-15,12301,31203,8,6,8140630f7f320da7,365,2112,253,5378,1590,600,1380,623,7528,6510,8297,2798,2570,3500
2025-01-16,11639,37762,8,6,7b21314e5bf43726,372,1962,247,5385,1259,532,1312,570,13357,6421,8681,2978,2691,3634
2025-01-17,11196,31215,8,6,833e1309fdf81383,374,1924,228,5104,1170,506,1367,523,8152,6603,8099,2632,2234,3495
2025-01-18,9284,26191,8,6,1f09ad332e23ca51,318,1716,207,3907,1091,430,1214,401,6922,5299,7745,1775,1901,2549
2025-01-19,9842,26921,8,6,864059310233afe5,252,1739,179,4304,1061,391,1382,534,6808,5274,8053,2146,1904,2736
2025-01-20,11832,30354,8,6,04697781e5fdfe23,314,2146,215,5361,1344,508,1411,533,6999,5679,9613,2638,2092,3333
2025-01-21,13480,33566,8,6,6de3961c8842c286,325,2650,217,5926,1484,601,1438,839,7204,5883,10977,3039,2689,3774
2025-01-22,13517,32876,8,6,97d932f5b2fec8d0,345,2362,218,5873,1396,532,1308,1483,7828,6197,9645,2935,2390,3881
2025-01-23,14316,35689,8,6,813715264f73efcc,362,2791,269,6476,1522,638,1482,776,7924,7378,10851,2946,2609,3981
2025-01-24,12816,31290,8,6,7ebfbb5f687fb6d2,389,3072,250,5398,1217,534,1331,625,7269,6455,9872,2175,2109,3410
2025-01-25,10021,29395,8,6,56ae237972ae5d4a,287,2174,206,4380,1076,398,1036,464,6592,5750,11404,1648,1523,2478
2025-01-26,10782,30703,8,6,e6230c310681dcd7,353,2122,195,4987,1234,412,1022,457,6996,6045,11382,1991,1756,2533
2025-01-27,13914,31525,8,6,971ef45cb4dd40af,373,2450,261,6049,1303,569,1482,1427,7535,6121,9192,2802,2290,3585
2025-01-28,15491,31405,8,6,6c829c09b7f028aa,402,2764,272,7312,1192,615,1549,1385,7371,6044,9400,2650,2304,3636
2025-01-29,17401,30238,8,6,f3a1dd762e989bd9,371,4878,262,7396,1361,714,1470,949,7409,6161,8342,2250,2375,3701
2025-01-30,16526,28689,8,6,c3d48e9173db985c,298,4466,257,7443,1353,598,1292,819,7277,5795,7716,2130,2079,3692
2025-01-31,13808,27465,8,6,70223534bac0ac0a,328,3148,217,6174,1287,645,1261,748,7248,5668,7440,1818,1794,3497
2025-02-01,12773,24910,8,6,704b13fd22b17058,299,2619,242,5743,1191,819,1122,738,6791,5661,7283,1263,1407,2505
2025-02-02,16415,25770,8,6,80fba6752d02fc94,405,2436,220,8859,1296,1196,985,1018,6438,5904,7620,1368,1788,2652
2025-02-03,21297,28509,8,6,5855ac97d2c543d1,426,3070,259,11283,1583,1118,1436,2122,7014,5612,7912,2101,2321,3549
2025-02-04,15188,30190,8,6,633c84807b1942a2,398,3056,262,7311,1384,666,1379,732,7190,5999,8389,2322,2557,3733
2025-02-05,13273,30360,8,6,afe98c477e94e536,362,2630,240,6315,1327,547,1235,617,7380,6098,8458,2129,2479,3816
2025-02-06,12260,28945,8,6,add7de4dca83a24d,318,2508,249,5705,1301,586,1066,527,7313,5825,7519,2232,2383,3673
2025-02-07,10818,26793,8,6,6a310722cae709a5,311,2505,216,4706,1111,425,987,557,6849,5701,7337,1636,1980,3290
2025-02-08,9257,23784,8,6,753e01988040f3ec,273,2178,178,3823,947,325,1013,520,5945,5831,7097,1250,1408,2253
2025-02-09,10077,25754,8,6,5707e167680efbb5,246,2505,218,4259,996,370,1038,445,6100,5565,8771,1263,1677,2378
2025-02-10,12644,28314,8,6,443ed449d1c0d94c,380,3029,214,5195,1210,520,1530,566,6563,5955,8477,1696,2244,3379
2025-02-11,14051,28562,8,6,a8f29fd2029b5deb,452,3982,240,5532,1164,559,1464,658,6746,6254,8012,1917,2260,3373
2025-02-12,14288,28632,8,6,bab114ea4b25fc2e,391,4214,261,5360,1506,505,1394,657,6695,6258,8111,1848,2432,3288
2025-02-13,13030,28188,8,6,3d80ed3cd3bd6cd3,399,3386,241,5204,1454,541,1104,701,6678,5981,8133,1940,2135,3321
2025-02-14,11031,25195,8,6,ef43e960e3d2dbc9,300,2856,217,4477,1125,391,980,685,6156,5625,7255,1638,1745,2776
2025-02-15,9165,23910,8,6,0a5d87121a51b5c4,262,2061,213,3838,961,366,856,608,6047,5230,7521,1188,1411,2513
2025-02-16,9822,25539,8,6,5c57483d4c7bc47b,302,2033,228,4412,1119,422,765,541,6243,5470,8078,1290,1738,2720
2025-02-17,10792,27731,8,6,a87ae888f6e78ab2,317,2525,217,4631,1158,386,972,586,6174,5246,9433,1640,2018,3220
2025-02-18,11581,28307,8,6,1cf7f925f6c1170e,337,2512,280,5136,1219,434,921,742,6460,5576,9169,1719,2167,3216
2025-02-19,12476,31484,8,6,58ca185554c9a72e,361,2959,259,5309,1341,460,1094,693,6509,5551,8118,1720,6183,3403
2025-02-20,12417,27719,8,6,e95f891fcd256dc7,348,2870,263,5285,1296,630,969,756,6678,5421,8052,1787,2381,3400
2025-02-21,11833,29313,8,6,971f1aed5902e091,321,2685,256,4951,1116,589,1028,887,6910,5766,9431,1639,2353,3214
2025-02-22,10121,23691,8,6,41f89e1d1283412e,275,2090,205,4017,1068,516,1028,922,5937,5236,7281,1199,1589,2449
2025-02-23,9891,24654,8,6,7bbccb61a8e179ec,280,2054,228,4228,1031,523,807,740,6083,5248,7514,1366,1811,2632
2025-02-24,12195,27352,8,6,abd5675b9669f52f,328,2179,251,5636,1137,491,1277,896,6755,5410,7378,1959,2356,3494
2025-02-25,12969,27599,8,6,e47016ef36873da6,412,2177,271,5639,1099,620,1499,1252,6913,5475,7334,2048,2237,3592
2025-02-26,11736,29046,8,6,3e1feb5d365d61d2,310,2078,264,5278,1094,710,1170,832,6640,7270,7169,1944,2429,3594
2025-02-27,12339,30077,8,6,93551233ba558984,326,1989,293,5613,1211,677,1172,1058,7130,7169,6867,2478,2941,3492
2025-02-28,12041,29284,8,6,97e24c23aeb45b7f,317,1843,263,5026,1021,920,1401,1250,6654,8534,6749,1934,2078,3335
2025-03-01,9689,23511,8,6,0d31f99ad5f7d81e,257,1580,206,3931,845,736,1280,854,5751,6353,6427,1362,1365,2253
2025-03-02,10191,25773,8,6,d6769d437bcf4004,384,1679,248,4459,910,612,1138,761,6126,6752,7456,1402,1449,2588
2025-03-03,14320,29271,8,6,0563a1577992eb33,351,2162,279,6294,1062,1009,1547,1616,6901,6802,7995,2109,2050,3414
2025-03-04,24240,28944,8,6,b4bd8ca6b5360f91,388,2331,411,11605,1362,2330,2208,3605,6751,7227,7317,2013,2085,3551
2025-03-05,19456,28548,8,6,903a7fbbc4013ad4,318,2287,288,10087,1396,1475,1753,1852,6718,7057,7080,2087,2026,3580
2025-03-06,18087,28524,8,6,50e59fda8ca61adc,378,2631,268,8714,1607,1280,1563,1646,7003,6831,7076,2042,2148,3424
2025-03-07,15878,27792,8,6,570bc0210e0dd690,389,2495,246,6715,1843,1071,1644,1475,7337,6621,6831,1910,1900,3193
2025-03-08,11490,24598,8,6,162328f383768d07,275,1784,254,4944,1249,777,1224,983,6155,6265,7032,1369,1473,2304
2025-03-09,13063,25117,8,6,6992f4b8e88bced4,311,1831,259,5501,1186,2048,1062,865,6035,6335,7284,1484,1621,2358
2025-03-10,29761,28432,8,6,ca568599e825ff77,695,2426,376,7883,1451,11255,1781,3894,7149,6301,7572,1984,2041,3385
2025-03-11,31707,29616,8,6,fca53ffe26ae657e,517,2214,379,9021,1512,10812,2356,4896,7146,6733,7967,2110,2217,3443
2025-03-12,23327,29390,8,6,871c11c33bb2f06f,388,2079,303,8076,2192,5950,1910,2429,7350,7118,7250,1977,2236,3459
2025-03-13,19491,29016,8,6,93acf196abad32fb,371,2119,295,7259,1746,3795,1654,2252,6934,8075,6839,1757,2153,3258
2025-03-14,17146,31025,8,6,26aba88915e9055d,335,1821,319,7639,1416,2457,1480,1679,6584,11854,6521,1488,1701,2877
2025-03-15,12210,24900,8,6,eff84edad7b5454c,293,1640,250,4916,1217,1435,1328,1131,6112,7416,6504,1094,1391,2383
2025-03-16,11912,28600,8,6,4c1dac55d0b6e7ff,293,1469,250,5079,1121,1486,1202,1012,6683,7005,9628,1234,1536,2514
2025-03-17,13910,32612,8,6,e44f5b8152c5d463,373,1822,264,5823,1410,1626,1413,1179,7471,6375,11783,1806,2035,3142
2025-03-18,13946,32000,8,6,494c96100da8fa40,332,2093,322,5726,1379,1610,1314,1170,6787,6315,11742,1884,1843,3429
2025-03-19,15355,31355,8,6,72749c49aed96bb7,356,4099,329,5569,1279,1351,1409,963,6864,6622,11104,1847,1825,3093
2025-03-20,14995,31128,8,6,fab0df1431d60823,376,4402,263,5164,1279,1355,1359,797,6899,6487,10772,1842,1794,3334
2025-03-21,11665,28411,8,6,8c92d2899dcbceb5,277,2364,238,4856,1045,976,1156,753,6680,5388,10254,1490,1667,2932
2025-03-22,9549,27822,8,6,d05b15ad7e5a5ba2,255,1684,251,3758,925,834,1118,724,6153,5152,11593,1127,1335,2462
2025-03-23,10055,29315,8,6,4a75da3b65d84962,381,1788,221,4348,979,689,959,690,6176,5037,12924,1371,1424,2383
2025-03-24,11844,31241,8,6,779cd9cfdd7bfbcc,341,1896,276,5338,1129,833,1254,777,8212,5299,10956,1717,1774,3283
2025-03-25,12102,28917,8,6,f7ebefed095096c1,395,1798,223,5295,1317,1032,1210,832,6903,5295,9989,1755,1730,3245
2025-03-26,11822,29374,8,6,025ba045051af90f,366,1653,236,5377,1203,974,1261,752,7349,5679,9496,1711,1779,3360
2025-03-27,11743,27200,8,6,abc18c0b658b73a4,334,1488,246,5694,1140,921,1227,693,6823,5162,8627,1800,1673,3115
2025-03-28,11219,26196,8,6,7d2dc89cf3b10ef2,312,1489,258,4933,1108,929,1272,918,6545,5356,7960,1552,1658,3125
2025-03-29,9556,24534,8,6,4c3c1a3d065420c7,291,1414,190,4150,947,683,1064,817,5818,6416,7690,1072,1336,2202
2025-03-30,9732,24752,8,6,b8ea059270be617e,395,1231,249,4312,883,792,1134,736,5997,5955,8108,1045,1383,2264
2025-03-31,14069,26127,8,6,84d3bb6825da4d85,522,2172,248,6276,1073,1345,1444,989,6519,5568,7994,1519,1666,2861
2025-04-01,12972,26209,8,6,57437db88e9d2282,392,1663,240,6396,1089,1207,1262,723,6650,5411,7400,1683,1784,3281
2025-04-02,17276,27313,8,6,20991239ac8a49e1,452,1707,273,9523,1187,1449,1377,1308,6931,5186,6740,1771,2035,4650
2025-04-03,48619,25761,8,6,50d95a4e28b70c25,1797,2156,416,25970,1514,5587,2727,8452,6608,5008,6790,1707,1897,3751
2025-04-04,58381,25713,8,6,f45da2fe0b29d973,1830,4277,504,24338,1486,9050,3202,13694,7850,4988,6628,1635,1557,3055
2025-04-05,42283,22730,8,6,4ff685d78c9ba68c,814,3184,398,17147,1189,7130,2337,10084,6974,4506,6879,1085,1166,2120
2025-04-06,32487,23273,8,6,5caceb7e556fef5e,692,2566,397,14479,1033,4975,2068,6277,6216,4495,7867,1271,1186,2238
2025-04-07,68874,24918,8,6,7d932fdcd8279b5a,1281,4128,844,25301,1497,11736,4998,19089,6815,4956,6802,1774,1646,2925
2025-04-08,40599,26159,8,6,a3668ace51b653f5,864,3329,596,15928,1430,6745,3694,8013,7362,5162,6780,2056,1618,3181
2025-04-09,39067,25475,8,6,02e54cc5891c7a31,668,3272,573,15903,1417,6528,3888,6818,7021,5365,6468,1926,1660,3035
2025-04-10,25890,25594,8,6,73d6bc71d2121283,643,3620,368,10523,1265,3352,2831,3288,6983,5434,6540,1742,1634,3261
2025-04-11,18814,24464,8,6,90a7b3a1c8681e17,441,2982,314,7808,1147,2420,1941,1761,6675,5407,6215,1625,1515,3027
2025-04-12,13646,22411,8,6,15ce12031413ed5f,397,2064,274,5740,1156,1594,1334,1087,5976,5697,6396,1135,1127,2080
2025-04-13,13181,22818,8,6,8de6ec8d27a4c6b9,349,1948,270,5871,922,1531,1221,1069,5990,5597,6602,1212,1197,2220
2025-04-14,15245,24588,8,6,e4ac23c0308c4776,372,2067,266,7044,975,1854,1459,1208,6378,5445,6577,1606,1588,2994
2025-04-15,13857,24832,8,6,3fc60fb97f9b0f32,335,2152,285,6181,1168,1384,1299,1053,6894,5191,6284,1838,1499,3126
2025-04-16,14570,24718,8,6,c7e7ba21fcefac5a,372,3303,291,5724,1357,1266,1258,999,7193,4883,6423,1733,1442,3044
2025-04-17,20486,24150,8,6,9f126bbc71b33500,365,9755,239,5521,1285,1219,1192,910,6791,5107,6369,1638,1369,2876
2025-04-18,16409,22236,8,6,0694e9664ea6563f,296,7538,201,4568,1008,940,1121,737,6083,4644,6598,1291,1239,2381
2025-04-19,11851,21121,8,6,9cb25d5f45400bed,272,3860,196,4324,893,801,853,652,5728,4489,6444,1120,1162,2178
2025-04-20,11340,23890,8,6,d8b0a93d4f084a6e,329,3094,229,4557,950,717,860,604,6158,4284,8304,1179,1680,2285
2025-04-21,16995,25118,8,6,6322a29402fe8d2a,409,5961,234,5941,1075,1069,1269,1037,6346,4973,8082,1608,1485,2624
2025-04-22,19338,25863,8,6,3769d372b4950831,412,7244,263,6659,1233,1236,1354,937,6672,4973,7245,1907,1720,3346
2025-04-23,15298,26004,8,6,d30c92390134a889,335,4845,302,5803,1093,1050,1157,713,6785,4966,7440,1802,1819,3192
2025-04-24,12401,31992,8,6,f3964422d4f271da,338,2870,301,5079,1052,899,1124,738,7759,5236,11834,1890,1623,3650
2025-04-25,10573,33176,8,6,ed7e0e406e7834b0,260,2059,313,4533,915,826,1002,665,7484,4624,14188,1763,1769,3348
2025-04-26,8494,23739,8,6,419062b6b3b3e57e,294,1690,229,3578,792,606,853,452,5666,4046,9474,1230,1163,2160
2025-04-27,8667,23580,8,6,de0ea0964bd13afb,253,1520,198,4027,766,646,774,483,6169,4158,8359,1360,1230,2304
2025-04-28,11509,26280,8,6,50bc22f7a607fb02,288,2158,244,5196,1024,916,1055,628,7016,4767,7787,1899,1785,3026
2025-04-29,11441,28291,8,6,c7f309d433d530ec,334,1944,245,5208,1092,1071,991,556,7511,5105,8700,1938,1824,3213
2025-04-30,13672,29776,8,6,6b15947a8be4481a,330,1916,221,5145,1107,3308,1030,615,9661,4936,7683,1832,1690,3974
2025-05-01,11255,28797,8,6,1aabe2358d771fbb,295,1733,177,4822,965,1788,970,505,9489,4523,7495,1731,1634,3925
2025-05-02,10157,26657,8,6,67c39eaf476a0a94,285,1613,202,4550,939,1165,903,500,8400,4664,6911,1662,1522,3498
2025-05-03,8772,23133,8,6,bf4a39f808ef0818,267,1381,189,3667,817,1219,834,398,6961,4450,6597,1218,1247,2660
2025-05-04,8768,30996,8,6,e06e937e8977e5bb,239,1473,199,3989,785,891,773,419,7036,4665,7260,1318,7869,2848
2025-05-05,11081,27157,8,6,a9421e6378107231,293,1810,226,5086,1101,997,1070,498,7647,4932,7470,1613,2212,3283
2025-05-06,11162,29187,8,6,82c57d0f215c5dbf,347,1818,181,5087,1180,1008,968,573,7771,5278,8662,1860,2019,3597
2025-05-07,12416,28317,8,6,b50716acc4fd57cb,359,3070,192,5316,1169,874,925,511,7584,4695,8927,1883,1808,3420
2025-05-08,11829,27310,8,6,c0937dca28a4a47b,287,2871,220,5069,1076,858,947,501,8261,4864,7056,1977,1802,3350
2025-05-09,9575,25653,8,6,ac90af2836a2aad4,262,1718,177,4416,983,730,860,429,7475,5142,6489,1654,1592,3301
2025-05-10,7460,22353,8,6,aa476271bdc532c5,212,1442,147,3387,767,470,702,333,6166,4721,6741,1213,1231,2281
2025-05-11,7917,23374,8,6,4b8b8d6c1b866fb6,245,1373,147,3708,826,513,735,370,6550,4891,6781,1370,1416,2366
2025-05-12,9602,26077,8,6,7cb38248508c991e,294,1448,183,4339,1065,624,1162,487,7279,5207,6964,1812,1802,3013
2025-05-13,9652,27001,8,6,3dfd7285845fbd2a,267,1386,168,4541,1245,595,990,460,7123,5162,7392,1945,2048,3331
2025-05-14,9796,26939,8,6,73f106dc331c0796,289,1455,202,4548,1166,576,1072,488,7233,5124,7346,2038,1864,3334
2025-05-15,9119,31111,8,6,95ca0a2e7064e778,273,1455,191,4204,1064,563,929,440,7047,4525,12474,1901,1799,3365
2025-05-16,8293,37476,8,6,adc3ec19a79d50bb,233,1324,197,3761,909,550,949,370,6879,4585,19849,1532,1621,3010
2025-05-17,6798,34308,8,6,7ea628e0983ce696,243,1166,148,2946,762,413,775,345,6850,3929,18748,1308,1182,2291
2025-05-18,7233,33137,8,6,75a84beefc4519ea,260,1308,141,3272,797,404,726,325,6401,3943,17464,1443,1481,2405
2025-05-19,8977,34670,8,6,1045b732eb9728fb,316,1437,176,4034,950,541,1024,499,6935,4339,16562,1892,1790,3152
2025-05-20,8815,32019,8,6,c6250193032632bc,250,1482,170,4171,903,460,889,490,6714,4353,14178,1783,1783,3208
2025-05-21,9213,30250,8,6,e365441416a03fab,258,1465,233,4261,1092,510,920,474,6611,4440,12710,1804,1637,3048
2025-05-22,8693,29570,8,6,fad1b8afb523ec78,254,1551,177,3946,998,505,826,436,6709,4569,11833,1710,1728,3021
2025-05-23,8650,26847,8,6,2c43733bb2dac2f8,245,1983,186,3634,887,430,876,409,6234,4332,10463,1488,1492,2838
2025-05-24,6934,24391,8,6,ef3864fe7c123746,208,1228,172,2887,776,410,870,383,5770,3951,9920,1214,1208,2328
2025-05-25,7230,25474,8,6,c8a3d23ad3d7e583,220,1148,186,3302,827,419,745,383,6190,3969,10345,1328,1238,2404
2025-05-26,8111,27539,8,6,f82bcdc41382b818,251,1368,217,3543,919,422,962,429,6120,4190,11443,1502,1764,2520
2025-05-27,8848,29480,8,6,1073584ea631bfed,270,1375,199,4084,1003,457,1012,448,6481,4502,11865,1795,1891,2946
2025-05-28,8325,27323,8,6,9158e44b5789f4de,228,1448,198,3700,931,454,891,475,6552,4234,10024,1710,2031,2772
2025-05-29,8544,29665,8,6,eb98fdec3beb7193,250,1674,199,3665,948,475,884,449,6454,4457,12603,1839,1637,2675
2025-05-30,8243,27620,8,6,963d265487dfd96e,271,1571,176,3652,844,448,903,378,6147,4089,11537,1742,1367,2738
2025-05-31,6611,22896,8,6,143bac2bfb350615,231,1249,132,2842,751,310,755,341,5387,3839,9100,1163,1251,2156
2025-06-01,6504,23638,8,6,31dcb5d9cae8aef7,239,1129,164,2856,785,304,731,296,5700,3862,9264,1347,1268,2197
2025-06-02,7965,27297,8,6,195a8d9a5b12b0d9,234,1555,149,3554,816,402,868,387,6340,4127,9675,1787,2665,2703
2025-06-03,8134,25827,8,6,19f2e154a9c3ca42,394,1603,172,3493,826,384,886,376,5858,4170,8607,1771,2602,2819
2025-06-04,8908,24332,8,6,2e27b182e5d45498,333,2544,160,3345,911,412,850,353,6074,4082,7924,1695,1914,2643
2025-06-05,8188,23414,8,6,2c5e6322ef6eabe8,353,1590,173,3444,898,538,829,363,6206,4251,7342,1554,1581,2480
2025-06-06,7726,21523,8,6,8f13d5d4343d8294,361,1557,137,3145,793,580,838,315,5332,4177,7002,1269,1387,2356
2025-06-07,6568,21457,8,6,b3c7693715b9b527,334,1277,142,2752,679,406,706,272,5246,3943,7887,1103,1197,2081
2025-06-08,7028,23455,8,6,1e892d401b4ff638,323,1115,206,3030,765,446,839,304,5624,4227,8781,1226,1316,2281
2025-06-09,7503,23565,8,6,259f4f34719c5dce,290,1251,143,3352,871,369,892,335,5809,4686,7476,1590,1397,2607
2025-06-10,7371,23998,8,6,463c8b7675dae6b4,232,1274,178,3147,894,396,907,343,5615,5069,7363,1614,1477,2860
2025-06-11,7383,24336,8,6,497a9257520eada2,253,1332,195,3135,891,364,912,301,5464,5793,7315,1540,1478,2746
2025-06-12,7134,22778,8,6,fe5f1573dab69342,243,1317,146,3016,858,381,839,334,5313,4991,6911,1422,1377,2764
2025-06-13,6881,21416,8,6,57c6dd1bba4a8925,244,1305,206,2794,832,306,836,358,5247,4412,6807,1379,1243,2328
2025-06-14,6107,19677,8,6,31c94fa66241e09f,205,1070,219,2668,635,317,722,271,5198,3861,6341,1071,1081,2125
2025-06-15,6148,21280,8,6,63aca5f9a40fbbf3,207,1077,190,2747,677,300,687,263,5405,3835,7385,1236,1401,2018
2025-06-16,6924,21140,8,6,649b0fc7800cc874,273,1173,134,3001,761,381,854,347,5355,3881,6432,1578,1388,2506
2025-06-17,7174,22663,8,6,081bc23737257747,230,1312,168,2848,805,353,1058,400,5684,4243,6721,1656,1815,2544
2025-06-18,8267,22772,8,6,ba741cc6fef35f5f,259,2599,126,2823,760,373,949,378,5681,4251,6723,1593,1975,2549
2025-06-19,8576,21712,8,6,36c8916a40dd85df,277,2711,134,2825,838,527,867,397,5706,4093,6399,1547,1528,2439
2025-06-20,7613,21383,8,6,c5b07a952d8f01af,257,2080,168,2720,694,528,843,323,5399,3940,6875,1367,1443,2359
2025-06-21,6691,20719,8,6,b390ab0badb0494b,236,1653,134,2578,721,397,676,296,5324,3777,6985,1159,1300,2174
2025-06-22,7088,22233,8,6,e70878c4a62f73a6,228,1543,136,2890,756,444,761,330,5870,3953,7661,1182,1436,2131
2025-06-23,7806,22811,8,6,b650ff34f2509e23,291,1755,155,3041,843,455,868,398,5591,4622,6921,1500,1602,2575
2025-06-24,7853,21883,8,6,81187ae53c14a54c,247,1967,145,2972,925,430,840,327,5386,4605,6330,1415,1717,2430
2025-06-25,7455,22170,8,6,9482e11887ee8367,288,1952,160,2641,928,387,812,287,5565,4604,6370,1498,1652,2481
2025-06-26,7781,21800,8,6,08dd0908c132049d,304,2139,146,2570,918,428,913,363,5307,4498,6410,1492,1522,2571
2025-06-27,7143,20755,8,6,8fa1bab51eecebf4,275,1802,141,2629,739,365,850,342,5282,4101,6667,1144,1264,2297
2025-06-28,6542,19243,8,6,e6097e0e9ab155d5,184,1643,125,2603,657,295,718,317,5215,4034,5773,1055,1127,2039
2025-06-29,6671,20550,8,6,b6abcc8ec4e0ad02,247,1459,161,2795,686,300,692,331,5473,4101,6469,1224,1171,2112
2025-06-30,7486,21195,8,6,1a2bce1eb01acf19,250,1887,173,2846,724,401,809,396,5474,4201,6365,1353,1405,2397
2025-07-01,7347,20747,8,6,e31a867e50d600bc,222,2124,148,2673,783,336,737,324,5350,4133,6417,1243,1175,2429
2025-07-02,7252,21030,8,6,399e194a4cfa06f6,252,1846,141,2731,801,363,737,381,5179,4031,7299,1203,1165,2153
2025-07-03,7332,21303,8,6,d0ba852a2204d6e6,231,1957,134,2822,707,341,793,347,5217,4177,7203,1171,1245,2290
2025-07-04,6485,20517,8,6,861374d8ff27a5b2,212,1459,156,2665,647,317,709,320,4991,4326,7259,894,1080,1967
2025-07-05,6424,19948,8,6,ddb7c5e994357810,228,1409,137,2716,639,298,687,310,5212,3936,7069,805,1027,1899
2025-07-06,6264,21989,8,6,7e2a399ee672d36c,234,1391,134,2698,625,290,596,296,5521,4122,8186,1003,1175,1982
2025-07-07,7119,21986,8,6,93889687506469a4,267,1440,147,2930,786,342,766,441,5654,4326,7482,1116,1228,2180
2025-07-08,7756,22919,8,6,0de8e57c0c1d6a78,288,1503,165,3214,839,417,910,420,6436,4688,6749,1275,1414,2357
2025-07-09,7747,22105,8,6,38b1f8651970fdcc,297,1863,151,3027,897,344,810,358,5749,4645,6767,1205,1435,2304
2025-07-10,7518,22202,8,6,c7b3bb779f11ef08,256,1778,132,3115,777,303,820,337,5522,5033,6831,1170,1381,2265
2025-07-11,7652,26135,8,6,ad5557354b349a78,217,2026,126,2916,733,443,746,445,5582,5130,6459,1075,5800,2089
2025-07-12,6714,20785,8,6,1b1862cc54aa5836,232,1673,88,2817,677,277,644,306,5301,4704,6562,893,1357,1968
2025-07-13,7075,22420,8,6,5532e59fa3ed5890,175,1671,126,3134,711,266,634,358,5589,4444,7763,1157,1420,2047
2025-07-14,9034,24542,8,6,9be30d26b725f19a,284,2420,157,3704,901,379,767,422,6851,4486,7039,1316,1463,3387
2025-07-15,8513,22354,8,6,7f1fc77076b04fcf,277,2274,169,3043,1206,368,802,374,6345,4283,6601,1273,1334,2518
2025-07-16,11054,22928,8,6,b2c3f3af08fc577f,279,5089,170,2765,1166,385,798,402,6139,4168,7581,1158,1486,2396
2025-07-17,10301,22263,8,6,6f71ae31696b51ec,298,4349,149,2911,1018,355,855,366,5950,4039,7102,1207,1472,2493
2025-07-18,8685,20447,8,6,f869e68367ceb808,292,3165,137,2682,886,351,820,352,5839,3949,6039,1132,1146,2342
2025-07-19,7452,20542,8,6,46b68a944ac6bd73,254,2179,147,2721,739,299,703,410,5622,4295,6424,1014,1229,1958
2025-07-20,7394,31633,8,6,955ca45d0fed6b7b,241,1951,134,2887,769,314,697,401,6284,13576,7326,1089,1364,1994
2025-07-21,8876,26441,8,6,9e43f2a77b9ff97d,278,2770,186,3066,879,383,858,456,6750,8105,6764,1089,1396,2337
2025-07-22,9149,25857,8,6,5d689849337daae8,286,3079,188,3008,843,377,858,510,8985,4883,6734,1289,1412,2554
2025-07-23,8541,22083,8,6,5e7bd9e1b54b7d4d,259,2350,166,2966,1037,359,925,479,6066,4339,6510,1250,1292,2626
2025-07-24,12664,21913,8,6,50949004e85c1d63,263,6880,171,2929,814,405,786,416,6116,4323,6502,1276,1349,2347
2025-07-25,16899,22716,8,6,d8b2cbe6bb9ab3e0,263,10997,147,2937,983,338,794,440,6190,5666,6335,1047,1180,2298
2025-07-26,10414,24900,8,6,f4b2d307fc89f1ca,246,4934,154,2928,779,332,715,326,6038,7880,6900,989,1029,2064
2025-07-27,8623,24980,8,6,767b28fc80e83969,287,2863,169,3077,791,359,673,404,6369,6299,7858,1105,1243,2106
2025-07-28,9667,24226,8,6,2036dce20f6347f6,344,3007,180,3462,905,371,879,519,6904,4917,7565,1252,1283,2305
2025-07-29,9751,23942,8,6,f333ad6ca6dbc34d,363,2927,160,3486,890,413,941,571,6692,4974,7257,1213,1378,2428
2025-07-30,12251,26138,8,6,982cdbc122c8d835,320,5890,175,3041,931,441,957,496,6597,4558,8660,1223,2665,2435
2025-07-31,12450,24949,8,6,9248b9bc0f55ff09,413,5811,199,3172,987,448,981,439,6333,4515,8052,1152,2374,2523
2025-08-01,11269,22280,8,6,5c2d3f80e34004e4,505,4280,191,3169,995,504,953,672,6015,4439,6960,1152,1496,2218
2025-08-02,10031,21585,8,6,1e4da8142a398078,418,3535,162,3271,955,502,704,484,5783,4380,7109,1005,1211,2097
2025-08-03,8901,23961,8,6,5212d222ed2d8807,352,2505,182,3225,873,503,768,493,6175,4624,8046,1025,1982,2109
2025-08-04,9816,27170,8,6,da2aa6a38ae6d09e,412,2522,175,3439,1123,674,879,592,6714,4774,9903,1342,2073,2364
2025-08-05,8978,24444,8,6,39fd65ebb228b1b7,321,2313,200,3310,970,518,895,451,6360,5437,7317,1262,1618,2450
2025-08-06,9139,23782,8,6,e06534c031692c5e,380,2430,199,3286,991,446,877,530,6269,4946,7363,1254,1689,2261
2025-08-07,9346,23367,8,6,f72e42482dd36b56,276,2606,194,3556,834,429,950,501,6186,5101,6946,1279,1509,2346
2025-08-08,9725,22509,8,6,1dd594b13d008c96,301,2662,173,3893,851,395,970,480,5756,5742,6346,1131,1355,2179
2025-08-09,8425,22783,8,6,ebffd913370dd61d,260,2014,141,3784,746,336,706,438,5396,6302,6934,894,1228,2029
2025-08-10,8222,23652,8,6,a40f62ada4aaef27,263,1777,163,3573,859,354,765,468,5847,5940,7283,1057,1526,1999
2025-08-11,9081,23652,8,6,3a32a4aee3effc9a,404,1915,190,3705,912,460,949,546,5935,5345,7270,1289,1525,2288
2025-08-12,8914,26528,8,6,2968332bd8648984,267,2071,153,3407,1097,468,885,566,6171,6698,8179,1623,1510,2347
2025-08-13,9928,25102,8,6,17a3c89e47f342b0,279,2925,208,3500,1111,438,867,600,6178,5141,8134,1589,1469,2591
2025-08-14,8941,24306,8,6,2e1b21cff837601c,284,2191,178,3410,1042,432,781,623,6102,4749,8281,1443,1354,2377
2025-08-15,8193,21443,8,6,6111d5f02295fc58,331,1833,128,3234,911,453,763,540,5737,4566,6521,1204,1216,2199
2025-08-16,7842,19907,8,6,0efbdcfe55fcd6c7,273,2190,181,2987,765,320,675,451,5516,4371,5898,923,1103,2096
2025-08-17,7891,21357,8,6,1f03ffbc0d3bb4a1,274,1855,163,3266,887,340,651,455,5622,4445,6712,1058,1278,2242
2025-08-18,8489,24313,8,6,6ca82cd62206f014,288,1892,240,3502,826,358,853,530,6816,5037,6463,1965,1504,2528
2025-08-19,8449,22900,8,6,057e2c39c1cc16e5,276,1810,200,3528,895,376,783,581,6785,4659,5959,1439,1462,2596
2025-08-20,9768,22641,8,6,4e93ba48d9d56ae4,293,2903,219,3500,1008,350,868,627,6224,4563,6298,1458,1550,2548
2025-08-21,10001,23213,8,6,c0dc6e61b5ff601e,351,2983,215,3726,847,371,1000,508,6496,4673,6248,1425,1642,2729
2025-08-22,10008,22012,8,6,b9e8c5d1cee1db99,274,3415,206,3491,879,361,877,505,6065,4834,5830,1216,1518,2549
2025-08-23,7841,20226,8,6,7f3728894b6275d4,239,2232,142,3022,721,286,753,446,5656,4381,5766,1012,1248,2163
2025-08-24,8065,22105,8,6,10b87340189ae6a8,391,1958,260,3215,755,297,705,484,5703,4654,6569,1154,1611,2414
2025-08-25,8791,23483,8,6,28db713969c828c5,308,2104,190,3601,891,353,819,525,6172,4835,6691,1448,1638,2699
2025-08-26,20324,23611,8,6,78dadd01d7238ca3,328,13415,213,3565,1009,413,805,576,6206,4798,6575,1602,1730,2700
2025-08-27,13289,22953,8,6,fc80c212b480d9ca,313,6448,173,3647,969,399,823,517,6148,4642,6312,1403,1571,2877
2025-08-28,10959,22759,8,6,c2bc10ee4e1ed265,283,4132,183,3606,941,412,841,561,6026,4633,6171,1326,1578,3025
2025-08-29,10231,21544,8,6,dc97212dbc8af5ae,276,3528,182,3426,1020,467,769,563,5956,4322,5796,1391,1478,2601
2025-08-30,8260,19701,8,6,6c8572657c113cae,247,2363,155,3097,785,430,709,474,5330,4447,5647,1038,1134,2105
2025-08-31,7548,20873,8,6,5ed3970701284e25,226,1906,174,3037,786,280,744,395,5701,4575,5901,1087,1323,2286
2025-09-01,8432,21848,8,6,c5dcfd3475cd9bdd,260,2104,174,3409,834,376,823,452,5769,4815,6107,1323,1444,2390
2025-09-02,9278,23063,8,6,2a391d8ade145662,297,1939,212,3912,873,440,994,611,6038,4734,6457,1523,1580,2731
2025-09-03,9151,24701,8,6,1421a446a33887c5,243,1956,195,3962,1003,425,859,508,6028,5247,7556,1512,1587,2771
2025-09-04,9684,24539,8,6,e0c0a327660fac1d,297,2241,204,4120,898,434,991,499,6153,5149,7335,1464,1567,2871
2025-09-05,9331,24441,8,6,42f6da884828bed1,244,2300,167,3840,877,588,814,501,6069,5675,6862,1304,1547,2984
2025-09-06,8160,23054,8,6,c7022ba0bbf030bb,234,2110,180,3121,732,729,675,379,5995,6097,6693,1007,1170,2092
2025-09-07,8609,35553,8,6,80a1121b7b341a48,281,2059,229,3498,796,677,690,379,6102,17284,7227,1196,1537,2207
2025-09-08,9669,27589,8,6,186877d665d2c0b5,302,2189,210,4269,917,525,806,451,6070,8746,6697,1615,1656,2805
2025-09-09,9407,26267,8,6,972003c3b7586426,300,1953,208,4006,987,554,897,502,5915,6187,7731,1685,1699,3050
2025-09-10,9924,25837,8,6,e7b3034e17ae19a3,297,2311,177,4334,999,516,812,478,6041,5480,7877,1660,1645,3134
2025-09-11,9242,23847,8,6,701b9adb8e40bc0d,291,2016,183,3874,1090,477,817,494,5835,5250,6614,1902,1486,2760
2025-09-12,8469,23001,8,6,fd3ea5c15acc57be,274,1865,161,3639,904,375,814,437,5592,5210,6210,1540,1459,2990
2025-09-13,7129,20345,8,6,1694662ef7dc0c63,255,1601,138,3074,697,344,701,319,5020,4893,6148,1159,1110,2015
2025-09-14,7724,21246,8,6,fbdc6989d5f0403f,423,1735,128,3310,737,279,757,355,5486,4712,6384,1256,1204,2204
2025-09-15,9554,24438,8,6,1bb6b4d4563931bc,383,2338,150,3996,932,412,891,452,6301,4764,7128,1731,1643,2871
2025-09-16,10946,27016,8,6,6834384cb3546886,327,3538,241,4060,929,425,955,471,6052,4995,8466,1789,2468,3246
2025-09-17,13471,26628,8,6,4d1b3557ce39373a,255,5818,223,4108,1111,505,951,500,6096,5082,8873,1787,1733,3057
2025-09-18,11604,25235,8,6,97042d960538321a,302,4492,200,3752,976,466,941,475,6110,4766,8208,1671,1594,2886
2025-09-19,8966,24897,8,6,5754dc057fe9658d,276,2515,178,3514,804,410,787,482,5811,5082,7802,2114,1508,2580
2025-09-20,7295,23656,8,6,e22968bac065f53b,219,1863,148,2995,670,320,597,483,5167,4656,8215,2457,1114,2047
2025-09-21,7240,24360,8,6,f32b9c9652566d62,206,1605,155,3253,722,314,590,395,5389,4905,9166,1491,1347,2062
2025-09-22,8920,24800,8,6,797c743ccb80ae58,278,2066,191,3817,843,445,765,515,5676,4883,8158,1762,1673,2648
2025-09-23,9559,24365,8,6,541d50f91b626750,292,2241,185,4181,873,417,785,585,5930,4824,7260,1817,1805,2729
2025-09-24,9035,26863,8,6,36389dd8a4a91489,308,1929,179,3970,917,399,750,583,5983,4671,10059,1738,1637,2775
2025-09-25,9103,26201,8,6,b148a2b11ae66bde,327,2090,138,4010,786,374,787,591,6857,4955,8072,1901,1641,2775
2025-09-26,8437,26256,8,6,36edda5942a8e509,259,1884,171,3631,790,360,799,543,6534,4690,9205,1484,1366,2977
2025-09-27,7548,22884,8,6,ce0e6ffff4e58101,239,1527,142,3416,691,352,685,496,5741,4506,8383,1127,1069,2058
2025-09-28,7592,23649,8,6,75210babf3bcee53,260,1738,193,3217,725,318,630,511,5922,4821,8310,1255,1182,2159
2025-09-29,9718,24932,8,6,bc0ab02c6be529c8,288,1872,183,4061,789,408,719,1398,5900,5318,7793,1665,1549,2707
2025-09-30,8853,24848,8,6,1bc1611fd78f6343,262,1763,152,3920,780,457,745,774,6523,5172,7264,1633,1458,2798
2025-10-01,10245,24103,8,6,4b1ddbb92032d896,281,2313,203,3849,1775,422,784,618,5912,5151,6834,1765,1460,2981
2025-10-02,9284,24202,8,6,4d5e826cc99a80d2,258,1985,168,3859,1171,429,771,643,6511,5350,6630,1645,1437,2629
2025-10-03,8604,23050,8,6,d6d055211f9d867a,226,1754,171,3833,792,427,845,556,5858,5229,6550,1464,1428,2521
2025-10-04,7075,22664,8,6,1f8349976c503db3,213,1382,147,3024,672,328,796,513,5597,5338,7254,1083,1140,2252
2025-10-05,7462,30294,8,6,512e35f05c06c780,205,1412,178,3248,679,494,831,415,5627,5786,14100,1210,1402,2169
2025-10-06,11544,46743,8,6,467faf5b61a92f82,272,1703,191,6255,939,466,883,835,6049,7803,26756,1768,1541,2826
2025-10-07,9308,40712,8,6,2b84cc37497d7871,339,1653,200,4206,901,462,868,679,6165,10896,16403,1904,2439,2905
2025-10-08,9521,31731,8,6,c38611acb45884be,332,1727,185,4263,885,521,885,723,6218,6342,12744,1747,1782,2898
2025-10-09,9714,30856,8,6,3607f440fddd3218,309,1869,192,4175,1028,447,912,782,6492,6092,11971,1630,1715,2956
2025-10-10,9064,28276,8,6,57f42d181078c8d4,327,1691,164,3557,892,416,870,1147,5752,6611,10284,1384,1764,2481
2025-10-11,8647,23887,8,6,cc778c4a337f4f85,282,1344,176,3389,792,418,833,1413,5313,5018,9260,1002,1356,1938
2025-10-12,8658,25125,8,6,155153c96172c62c,282,1248,190,3788,771,381,709,1289,5321,4823,10131,1247,1457,2146
2025-10-13,9786,26977,8,6,79179bd6e719affb,261,1547,186,4204,952,415,942,1279,5967,5080,9912,1689,1683,2646
2025-10-14,9924,27434,8,6,0e95a7858c3be8ed,311,1703,233,4439,1024,398,921,895,6140,5230,8830,1790,1709,3735
2025-10-15,10115,26234,8,6,3a1ffb27fbb9936d,314,1775,217,4579,937,443,941,909,6101,5232,8514,1787,1554,3046
2025-10-16,9767,25796,8,6,76c0986c4626b50f,311,1754,202,4385,859,414,963,879,5838,4826,8858,1662,1787,2825
2025-10-17,9072,23993,8,6,ce89c19a907ff36e,306,1672,205,4030,771,400,798,890,5680,4759,8091,1608,1415,2440
2025-10-18,7459,20351,8,6,ac045604ae48b92a,373,1364,176,3251,675,285,707,628,5169,4309,6892,944,1155,1882
2025-10-19,7677,21064,8,6,8a758e18fd7fd4f1,297,1366,158,3543,706,306,631,670,5249,4330,7182,1066,1214,2023
2025-10-20,8952,23314,8,6,8e74c92f9bdc59ce,323,1552,206,4245,820,376,716,714,5796,5161,6957,1463,1388,2549
2025-10-21,9506,24749,8,6,ee1cda9018d0da86,335,1738,234,4376,913,376,826,708,6014,5994,6571,1851,1496,2823
2025-10-22,9808,26391,8,6,a0eb7e0d5bf7656f,371,1721,201,4440,966,415,938,756,6698,6810,6481,1770,1555,3077
2025-10-23,9734,25615,8,6,ce98f4b30df45b88,302,1803,198,4430,806,471,891,833,7141,5305,6690,1645,1798,3036
2025-10-24,14685,24522,8,6,0bae9991de36f34f,440,1699,197,8576,950,421,934,1468,6299,5309,6125,2724,1379,2686
2025-10-25,8000,21022,8,6,8a96fc7df8f70ef5,259,1370,163,3785,700,333,686,704,5926,4930,5605,1307,1260,1994
2025-10-26,8274,21548,8,6,1c7e4ea8f96c0390,256,1468,163,3921,796,328,799,543,5899,4736,6276,1194,1240,2203
2025-10-27,10058,25096,8,6,82b0953d08b9e8ed,329,1946,218,4728,860,457,848,672,6296,5100,7534,1776,1445,2945
2025-10-28,9820,23733,8,6,f4efefa77aec6cbe,278,1798,168,4686,893,471,874,652,5887,5058,6648,1715,1528,2897
2025-10-29,12531,23127,8,6,ad185ac86025fade,293,3134,186,5632,990,473,1034,789,5871,5145,6199,1558,1469,2885
2025-10-30,10586,22967,8,6,8237f5033a600cff,323,2427,183,4605,902,464,988,694,5912,4950,6084,1765,1461,2795
2025-10-31,8932,22345,8,6,98853ac3c718cc9c,283,1833,189,4052,785,385,777,628,5726,5116,5189,1269,2569,2476
2025-11-01,7324,19551,8,6,28ca17d1338d0a06,253,1491,124,3252,673,323,696,512,5442,4962,5141,957,1175,1874
2025-11-02,8311,20666,8,6,a121009d45c20b7a,283,1660,173,3832,681,383,664,635,5274,5580,5401,1108,1221,2082
2025-11-03,9775,23612,8,6,7352944128f0a61d,307,1891,186,4573,837,469,884,628,6002,5736,5838,1601,1690,2745
2025-11-04,10255,24983,8,6,71e8cf647d2c0079,312,1710,208,4806,925,442,1006,846,6006,6332,5999,1806,1891,2949
2025-11-05,10279,25664,8,6,5d37558e11751bb7,295,1654,221,4775,926,489,1013,906,5834,7624,5591,1730,1830,3055
2025-11-06,10456,25174,8,6,c1dbafc303275768,292,1939,212,4835,881,450,949,898,5699,7386,5401,1817,1899,2972
2025-11-07,10001,24005,8,6,868cffa3cd735547,268,1799,224,4668,804,474,850,914,5871,6262,5908,1596,1568,2800
2025-11-08,8253,22489,8,6,125b1772a3ce5eb4,208,1492,184,3901,725,389,751,603,5436,5642,7222,1037,1161,1991
2025-11-09,8446,23295,8,6,5b908fb52296269a,233,1337,186,4345,708,387,701,549,5482,5463,7465,1162,1377,2346
2025-11-10,9579,25458,8,6,424cfe6fe14ff330,279,1533,211,4742,824,469,889,632,5925,5474,7606,2016,1584,2853
2025-11-11,9172,24355,8,6,0d5e554690989389,248,1634,176,4485,825,429,820,555,5744,5298,7289,1562,1714,2748
2025-11-12,9847,24923,8,6,ac8e8e1065696486,256,1832,192,4724,970,427,809,637,5894,5800,6919,1739,1688,2883
2025-11-13,9793,25365,8,6,8c453fc96db95fc6,279,1764,191,4502,976,437,924,720,6142,5333,7114,2056,1918,2802
2025-11-14,9192,27621,8,6,5016b3542697824b,253,1718,197,4159,858,409,828,770,5765,4966,7428,5055,1598,2809
2025-11-15,6975,21999,8,6,e7b8fb31b3c8a7f4,194,1334,177,3106,707,305,662,490,5267,5017,7353,1162,1153,2047
2025-11-16,7782,22870,8,6,b57df49345de8999,234,1417,182,3631,826,358,638,496,5363,5073,7728,1132,1452,2122
2025-11-17,9876,25485,8,6,a8a4aeacf645b6ad,298,1806,189,4614,859,469,945,696,6112,5299,7324,1693,2192,2865
2025-11-18,10557,25712,8,6,9ab7c00f7da00aeb,297,1720,198,4966,924,549,964,939,6057,5569,7131,2008,1936,3011
2025-11-19,9959,25397,8,6,3c01e0cff5d5f468,291,1711,220,4629,914,485,944,765,5982,5780,7146,1777,1915,2797
2025-11-20,10037,25432,8,6,b7de52cc63904ebc,283,1819,263,4405,942,505,954,866,6124,5704,6994,1711,1968,2931
2025-11-21,9067,23561,8,6,7e421745c3993c11,267,1641,191,3975,802,393,928,870,5682,5567,6463,1441,1472,2936
2025-11-22,6988,20248,8,6,b6943c8e3c9f3a40,198,1285,190,3110,716,284,695,510,5007,4922,6162,906,1132,2119
2025-11-23,7739,21602,8,6,445b130578dff544,219,1362,201,3707,714,354,681,501,5370,4810,6794,1090,1358,2180
2025-11-24,8764,23196,8,6,deb940435f3cd997,271,1526,194,4100,786,446,943,498,5591,5122,6296,1504,2079,2604
2025-11-25,8705,24219,8,6,ee7eff51b3680be5,245,1655,221,4046,786,438,836,478,5789,5212,5914,1579,3128,2597
2025-11-26,8102,23283,8,6,f21178544d5ae3b7,271,1498,208,3644,883,408,765,425,5431,4984,6262,1343,2717,2546
2025-11-27,7805,21764,8,6,fe52623448862321,255,1310,224,3720,829,325,718,424,5427,4784,5756,1216,2235,2346
2025-11-28,7883,21619,8,6,cf2843cdf8270e90,445,1294,199,3655,679,339,775,497,5378,5059,5854,1206,1779,2343
2025-11-29,7481,20026,8,6,75b45d8c39b5fb06,238,1162,195,3792,718,293,657,426,5188,4878,5644,897,1456,1963
2025-11-30,7182,21397,8,6,b18f2becb78f2a56,240,1240,182,3407,772,306,618,417,5296,4849,6107,1501,1523,2121
2025-12-01,9154,23716,8,6,39b05d7a1e8022ba,309,1753,190,4315,834,387,773,593,5572,5268,6007,2353,1747,2769
2025-12-02,9289,23676,8,6,4bbb1583631595c2,331,1799,216,4415,888,413,724,503,5614,5213,5611,2357,1800,3081
2025-12-03,9590,23269,8,6,8ec292ad7e081988,307,2428,179,4134,871,424,779,468,5644,5756,5475,1742,1769,2883
2025-12-04,9537,24684,8,6,8cc1c2fb46ac5e60,296,2088,200,4229,853,475,838,558,5859,6648,5528,2026,1655,2968
2025-12-05,8610,24404,8,6,50fc6084c1e0767c,273,1707,158,4120,749,424,729,450,5797,6290,6406,1498,1547,2866
2025-12-06,6873,19423,8,6,842eb565c5f248b0,299,1249,140,3216,704,313,590,362,5276,5228,4823,950,1046,2100
2025-12-07,7142,20268,8,6,6c375f0cbf2eadc3,237,1272,177,3436,658,319,610,433,5433,5325,5081,978,1224,2227
2025-12-08,9338,23446,8,6,9848d0bfceecefdc,293,1848,190,4429,904,400,759,515,5865,5536,5303,1762,1835,3145
2025-12-09,9521,23642,8,6,c1a51ad086257b28,325,2015,215,4455,842,335,833,501,5955,5048,5253,2437,1662,3287
2025-12-10,10818,23858,8,6,9cce90ef9ec3df9c,290,3340,171,4388,923,398,798,510,6784,5174,5294,1751,1655,3200
2025-12-11,9995,27880,8,6,c9d2bed984369b71,295,2658,195,4375,861,399,779,433,6474,6204,8939,1563,1558,3142
2025-12-12,8668,22412,8,6,98abcf3aa5fb7144,276,1886,207,3830,765,409,833,462,5562,4813,6474,1454,1335,2774
2025-12-13,7182,18510,8,6,f79dcea3a6f2c491,353,1507,143,3171,723,306,646,333,4825,4765,4931,882,1045,2062
2025-12-14,6624,18754,8,6,773d8b90c90f7eed,275,1278,131,3111,718,235,542,334,5224,4463,5163,878,1068,1958
2025-12-15,8078,21519,8,6,224933a6affd4888,281,1445,203,3773,840,328,723,485,5547,4948,5396,1555,1381,2692
2025-12-16,8050,21040,8,6,41abefada01ac621,279,1441,176,3858,738,381,703,474,5647,4863,4839,1655,1333,2703
2025-12-17,8637,20634,8,6,3e66ae1d14cc5956,277,1899,151,3825,913,358,699,515,5712,4728,4625,1407,1262,2900
2025-12-18,8081,20482,8,6,07a5eaf04f73fd85,264,1538,147,3694,1029,390,663,356,5914,4560,4624,1335,1191,2858
2025-12-19,7469,19362,8,6,9f6cff4d1a8d73af,244,1489,121,3470,824,299,646,376,5360,4688,4740,971,1050,2553
2025-12-20,6003,17295,8,6,ccf70c65a5188e5d,253,1098,112,2817,694,238,512,279,4880,4588,4417,737,853,1820
2025-12-21,6347,17756,8,6,16ce12f24c5af176,279,1113,173,3045,671,251,530,285,4950,4184,4847,826,994,1955
2025-12-22,6937,26100,8,6,00d009d7635fe685,283,1375,148,3205,693,307,609,317,4934,4339,12758,984,1015,2070
2025-12-23,6834,18483,8,6,8cb41e79f3c35435,329,1426,157,2920,759,331,585,327,4850,4534,5206,989,1016,1888
2025-12-24,6822,17927,8,6,89d08840c74ae0c0,445,1242,131,2943,783,294,614,370,5006,4324,5015,880,961,1741
2025-12-25,7339,17704,8,6,3017e9292b2f863f,810,1160,150,3301,808,244,546,320,4977,4428,4817,877,917,1688
2025-12-26,7242,17949,8,6,e0ae4cb134e02bee,529,1538,121,3215,687,278,576,298,4805,4498,5169,806,890,1781
2025-12-27,6267,20504,8,6,a5ed77484088beee,313,1202,136,2933,616,246,509,312,4798,4474,7790,826,852,1764
2025-12-28,6657,19504,8,6,fbded5ea4ed2cee0,290,1286,107,3150,676,235,625,288,4767,4849,6190,906,960,1832
2025-12-29,6761,20410,8,6,36509eb9b5b38941,334,1478,120,2957,660,245,661,306,4844,4819,6764,887,1114,1982
2025-12-30,6985,19937,8,6,79726a987de276a7,306,1615,128,2927,765,243,654,347,4914,4737,6300,784,1223,1979
2025-12-31,6416,18631,8,6,dfa757e3c577c2e8,282,1352,121,2781,749,259,582,290,4834,4752,5524,771,843,1907
2026-01-01,6417,18477,8,6,56a3238ff7dad20a,215,1142,132,2827,758,222,824,297,4709,4672,5461,692,961,1982
2026-01-02,7535,21079,8,6,6dcc9fa9707c3c23,246,1380,148,3312,944,313,809,383,5075,5842,6211,846,1073,2032
2026-01-03,6759,23981,8,6,a998633d2c94812b,200,1351,144,2991,894,250,577,352,4852,6213,5622,833,4429,2032
2026-01-04,6999,20214,8,6,52382f6519fe429e,233,1360,143,3277,784,267,610,325,4721,5842,5559,924,1192,1976
2026-01-05,7775,20731,8,6,f2a67762bdbb900f,257,1405,155,3713,901,273,739,332,5119,5251,5336,1105,1462,2458
2026-01-06,8165,22873,8,6,ecc1498f0d5928d6,246,1365,158,4123,915,294,703,361,5538,5763,5677,1486,1728,2681
2026-01-07,8249,22462,8,6,edfd9cc85e40d129,285,1397,163,4185,907,279,677,356,5578,5095,5679,1571,1694,2845
2026-01-08,8286,22873,8,6,8a167cdfc632e74a,296,1288,167,4225,926,269,660,455,5740,5487,5504,1648,1576,2918
2026-01-09,8033,24472,8,6,9f3e4488cc10c7f3,319,1281,148,3970,860,289,729,437,6838,6191,5432,1638,1545,2828
2026-01-10,6330,19678,8,6,4ea9b29b3a7d8254,192,1145,141,3009,754,219,525,345,5246,5101,5274,994,1167,1896
2026-01-11,6514,20225,8,6,dff24e013a0c52d9,203,1139,183,3154,728,218,530,359,5453,4788,5675,1041,1415,1853
2026-01-12,21398,22606,8,6,aab5f1631c5de32c,301,13975,184,4392,906,491,723,426,5817,5162,5518,1618,1656,2835
2026-01-13,16157,25767,8,6,6f6a60e67b4d0bc4,291,8556,192,4457,1203,360,705,393,8791,5214,5379,1712,1719,2952
2026-01-14,12364,24614,8,6,a83b745154d332d8,259,5026,180,4278,1159,319,771,372,7069,5751,5487,1711,1717,2879
2026-01-15,10236,24150,8,6,0a254785d2e9d43b,240,3216,169,4126,980,303,810,392,7236,5279,5345,1717,1648,2925
2026-01-16,9271,22985,8,6,4dcfb8fb690d08b0,288,2544,137,4079,762,294,778,389,6687,5233,5282,1484,1563,2736
2026-01-17,7300,20463,8,6,b12db231143feab9,208,2034,113,3100,663,219,648,315,5602,4948,5975,989,1023,1926
2026-01-18,7621,20916,8,6,390f68dd3d650e55,209,2025,171,3302,670,225,658,361,5208,5277,5900,1066,1272,2193
2026-01-19,8412,22073,8,6,f47df42992fcfd1b,223,1896,161,3772,780,315,858,407,5282,5840,5661,1370,1453,2467
2026-01-20,9365,24985,8,6,d1501117f9dc3f18,259,1821,200,4201,877,331,969,707,6197,5424,5275,1786,3320,2983
2026-01-21,10669,22535,8,6,1c0694865524f640,256,2730,211,4465,1122,317,889,679,5979,5160,5108,1618,1909,2761
2026-01-22,9577,24285,8,6,995320e90ce6a6f7,275,2374,195,4126,911,313,882,501,6212,5569,5911,1512,1944,3137
2026-01-23,8534,23003,8,6,4bb235acde07cecd,255,1635,177,3568,794,255,1356,494,5887,5237,6040,1305,1659,2875
2026-01-24,6611,20732,8,6,aca496fdda436915,211,1465,143,2987,615,205,618,367,5545,5048,5803,884,1144,2308
2026-01-25,7355,20783,8,6,c9d1c12b2989f44f,458,1496,106,3291,572,203,896,333,5546,4870,6215,827,1116,2209
2026-01-26,9256,22368,8,6,ed4c4edbe5ad4863,1132,1660,158,4060,721,253,843,429,5695,4965,6303,1189,1510,2706
2026-01-27,9042,23684,8,6,b50fe6504a602196,659,1623,167,4095,918,271,859,450,5963,5494,6026,1530,1759,2912
2026-01-28,10566,23343,8,6,e87d54968cd04b82,353,3126,193,4298,948,290,912,446,5863,5551,5823,1435,1776,2895
2026-01-29,10472,23782,8,6,6439aa740b2eb8f5,359,2806,226,4259,854,334,969,665,5926,5563,5835,1693,1870,2895
2026-01-30,15295,24174,8,6,e176b7b08f9a960e,411,7598,198,4349,782,285,1001,671,5563,6208,5538,1896,1478,3491
2026-01-31,10886,20980,8,6,682437500f71291d,387,4653,193,3141,709,235,914,654,5186,5754,5827,1035,1016,2162
2026-02-01,9542,21916,8,6,fc6e1bcd4a56034b,464,2861,172,3402,748,263,934,698,5192,6305,5854,1064,1235,2266
2026-02-02,10905,25384,8,6,786489d7b8325b18,401,3113,181,4355,850,290,1021,694,6109,6607,6122,1532,1965,3049
2026-02-03,10489,24750,8,6,0ce8bced6fb73d2d,416,2507,211,4464,952,304,1067,568,5967,6407,5782,1617,1860,3117
2026-02-04,10001,24500,8,6,a08944bbe1fe77c4,331,2287,182,4391,851,366,1008,585,5952,6121,5611,1776,1898,3142
2026-02-05,10281,24692,8,6,95e4eb7774b141f8,299,2111,200,4527,854,364,1001,925,6239,6033,5728,1707,1931,3054
2026-02-06,8991,23334,8,6,e3d56c2052ab36b7,295,1793,203,4002,733,311,898,756,6049,6089,5266,1538,1579,2813
2026-02-07,6763,21400,8,6,2158e732d9e0c393,241,1421,140,2903,638,249,735,436,6468,5747,5157,997,1066,1965
2026-02-08,7064,20448,8,6,52c3e865fcbb3223,223,1497,145,3225,735,235,658,346,5592,5016,5536,1021,1272,2011
2026-02-09,8435,23618,8,6,38019bf8af63bded,269,1568,194,4084,769,291,802,458,5744,5665,5969,1623,1726,2891
2026-02-10,8675,23432,8,6,f5887412815991e4,254,1625,193,4211,785,301,869,437,5776,5801,4906,1734,2013,3202
2026-02-11,8580,23274,8,6,0a182c9957c00ecb,294,1569,160,4042,799,294,944,478,5896,5916,4984,1745,1815,2918
2026-02-12,8894,22447,8,6,da15e5083ea4877e,264,1596,177,4439,686,315,903,514,5944,5384,5009,1719,1597,2794
2026-02-13,12126,20979,8,6,02fbdd5dab4363c8,4218,1410,156,3926,689,404,840,483,5705,5191,4677,1475,1399,2532
2026-02-14,6523,18531,8,6,409b2493a0cd8626,360,1167,136,2962,526,264,766,342,4956,5145,4554,864,1105,1907
2026-02-15,6820,19413,8,6,9414d08c8b6f7cb4,247,1231,157,3236,590,229,659,471,5237,5203,4764,954,1139,2116
2026-02-16,7946,20639,8,6,b75d36d305fc6b8f,212,1414,178,3819,706,316,880,421,5445,5420,4653,1365,1445,2311
2026-02-17,8342,23531,8,6,34c6b490de451aff,306,1434,193,4066,801,241,845,456,5596,6721,5111,1830,1461,2812
2026-02-18,8506,23674,8,6,6a9eb7999ab29bc1,461,1481,203,4062,798,274,838,389,5847,6439,5465,1658,1503,2762
2026-02-19,8690,23745,8,6,6a7ac074613a6905,256,1483,193,4303,735,282,885,553,5702,6424,4998,1956,1648,3017
2026-02-20,8107,21760,8,6,738173309dd66ccd,251,1612,171,3792,737,302,779,463,5594,6264,4580,1428,1357,2537
2026-02-21,6365,19073,8,6,2a938c97c23ac4d1,210,1324,147,2939,644,215,548,338,5040,5641,4391,1008,962,2031
2026-02-22,6580,21237,8,6,4f5e103b66692629,230,1132,141,3090,656,211,719,401,5221,6572,4950,1091,1308,2095
2026-02-23,8383,23326,8,6,8e5a5587408752ab,244,1324,176,4320,771,303,773,472,5817,5634,5198,1916,1867,2894
2026-02-24,8247,23017,8,6,7b9fbc7bd242179e,250,1352,195,4111,660,263,944,472,5690,5736,4808,2137,1660,2986
2026-02-25,8398,23301,8,6,c1758ee263625938,292,1361,183,4101,895,288,864,414,6550,5674,4501,2084,1672,2820
2026-02-26,8901,23605,8,6,cb3889e03cf7899b,281,1378,175,4364,1122,334,902,345,6366,6020,4517,1910,1774,3018
2026-02-27,10407,23872,8,6,f721245e33a86111,231,1214,178,3846,3492,272,818,356,6330,6673,4386,1811,1815,2857
2026-02-28,8468,19418,8,6,5355f34eef9595c5,178,1096,145,2844,2865,202,807,331,5187,6299,3784,1021,1307,1820
2026-03-01,7095,22258,8,6,9b87ddba3221b953,168,1133,177,3092,1141,250,766,368,5220,8403,4306,1245,1043,2041
2026-03-02,8720,38323,8,6,fa96312d7e0ba27c,275,1253,186,4161,1000,285,1001,559,6191,21508,4383,1846,1628,2767
2026-03-03,9830,51740,8,6,cca3c035b11af5f4,225,1526,149,4188,1815,268,974,685,5558,35690,4456,1698,1556,2782
2026-03-04,9049,38629,8,6,3b3c2d5cb12a3a5a,382,1438,231,4017,1215,286,858,622,5617,22084,4637,1807,1556,2928
2026-03-05,8666,27978,8,6,572d557d75231925,343,1365,221,4105,960,305,892,475,5770,11513,4174,1871,1682,2968
2026-03-06,8736,21424,8,6,9577753e2931b3db,259,1236,182,4249,948,415,911,536,5604,5686,4096,2152,1265,2621
2026-03-07,6884,18727,8,6,68647db52504f2ea,257,1159,134,3211,685,327,710,401,5388,5255,3857,1413,917,1897
2026-03-08,7546,22180,8,6,71ba392d04210dbf,213,1023,167,3692,895,341,687,528,7922,5292,4181,1532,1066,2187
2026-03-09,10044,24085,8,6,6dd850cae562ece1,315,1221,190,4790,1073,504,1070,881,7196,5494,4656,2470,1509,2760
2026-03-10,9034,22913,8,6,9bf65d1a7738e701,387,1210,178,4594,937,444,884,400,6161,5268,4597,2425,1461,3001
2026-03-11,8718,22480,8,6,1e68ada4c02f7c5a,304,1150,191,4482,948,408,836,399,6181,5276,4526,2136,1607,2754
2026-03-12,8907,23623,8,6,a0a000ab623dc509,254,1191,146,4663,820,514,866,453,6355,6473,4587,2109,1322,2777
2026-03-13,8971,21888,8,6,b9626e8a91bfe706,296,1532,177,4337,917,496,730,486,6195,5465,4333,2060,1272,2563
2026-03-14,6894,18434,8,6,5cadd6f793498900,216,1430,150,3260,640,310,570,318,5439,4822,3948,1415,985,1825
2026-03-15,7320,19860,8,6,fa4b7774b2e55e92,265,1198,181,3588,804,332,546,406,5517,5206,4047,1954,1000,2136
2026-03-16,8903,21971,8,6,9079f5b9a3e2fd0b,287,1348,178,4417,1182,414,767,310,5952,5295,4292,2457,1317,2658
2026-03-17,9210,21997,8,6,9d6cf7a84e1ee19f,260,1352,216,4472,984,909,647,370,5678,5503,4236,2576,1430,2574
2026-03-18,10667,22169,8,6,5a7b1b00ce155ff6,226,2402,197,4842,1008,962,654,376,5524,5931,4037,2666,1195,2816
2026-03-19,10334,21990,8,6,da0bcdf6009dbbac,260,2110,172,4817,969,789,607,610,5567,6522,3831,2153,1285,2632
2026-03-20,8702,19731,8,6,393275c4d82e202a,231,1492,195,4109,849,644,620,562,5081,5182,3639,2057,1317,2455
2026-03-21,6990,17809,8,6,b0b18031d7a4ebe2,195,1131,131,3325,740,531,536,401,4886,4851,3740,1648,860,1824
2026-03-22,7618,18709,8,6,02a73f62753ec7ff,212,1142,186,3834,763,564,555,362,5048,5041,3975,1751,1028,1866
2026-03-23,9898,21683,8,6,024e919dd43a5629,266,1286,178,5042,977,702,859,588,5782,5302,4132,2467,1431,2569
2026-03-24,9579,22182,8,6,f90d6de0a4fdd6a7,269,1224,162,4926,997,687,883,431,5846,5521,4054,2572,1366,2823
2026-03-25,10212,23279,8,6,8d48b0f80f0d0cb4,302,1256,211,5470,990,831,724,428,6691,5564,4108,2776,1384,2756
2026-03-26,10093,21903,8,6,017c4729d71430ef,241,1333,179,4974,1442,750,714,460,5835,5457,4145,2346,1415,2705
2026-03-27,9541,21777,8,6,d60016e54749be34,228,1271,149,4696,1237,745,611,604,5849,5415,3831,2917,1184,2581
2026-03-28,7440,18877,8,6,1bb0d5b6bf3553dd,200,1029,113,3827,786,548,483,454,4917,5179,3627,2127,1146,1881
2026-03-29,7730,20526,8,6,a6d58ba47d42dc5d,187,1016,128,4125,790,613,470,401,5332,5958,4146,2016,1183,1891
2026-03-30,11200,22201,8,6,1cb46a0083dc9c69,247,2222,134,5126,1229,1050,630,562,5522,6270,3991,2411,1360,2647
2026-03-31,9897,21805,8,6,6b50f691814ceb23,267,1989,192,4820,819,714,664,432,5402,6537,3801,2206,1290,2569
2026-04-01,9003,29570,8,6,f697c3c3bc958520,258,1813,133,4290,817,633,671,388,5634,14228,4069,1865,1276,2498
2026-04-02,8622,33288,8,6,4e0343aba38e1478,194,1894,151,3989,815,521,678,380,5689,17546,4447,1915,1154,2537
2026-04-03,7881,30243,8,6,6369ae3b19b2fe56,189,1461,141,3825,742,529,674,320,5349,14936,5225,1636,949,2148
2026-04-04,7401,27703,8,6,d20a8eff7780a94d,181,1410,136,3667,806,429,510,262,5232,13790,4330,1522,841,1988
2026-04-05,6858,30107,8,6,1e1b01b8a77814fe,142,1136,131,3611,759,399,420,260,5273,15700,4717,1647,855,1915
2026-04-06,8194,48856,8,6,0655940a00e02385,256,1289,136,4332,818,472,605,286,5474,33336,4718,2077,1037,2214
2026-04-07,8960,45975,8,6,11bb6d07748f8cce,283,1242,166,5069,817,491,563,329,5788,28587,5765,2146,1198,2491
2026-04-08,8599,34521,8,6,d5dd81bc75e8f475,209,1189,156,4694,824,493,659,375,6452,17603,4797,2090,1161,2418
2026-04-09,8301,30063,8,6,b5f0da0cd5e21b57,185,1293,144,4437,753,484,669,336,5855,13453,5044,2130,1133,2448
2026-04-10,8100,32267,8,6,d3faca991622264f,211,1222,146,4193,840,545,626,317,6036,12698,4819,2232,4142,2340
2026-04-11,6645,29669,8,6,287fc67a7ecce326,169,1003,114,3478,706,457,452,266,5431,15669,4209,1476,1018,1866
2026-04-12,6878,25839,8,6,3930aaad40dd8473,188,1134,129,3596,670,485,441,235,5401,11588,4508,1414,1031,1897
2026-04-13,8911,26246,8,6,fa17e9a83889613b,230,1292,155,4655,900,570,672,437,5939,9656,4515,2190,1348,2598
2026-04-14,9378,25541,8,6,453029bd7f19ae92,203,1486,164,4793,907,674,705,446,6065,8792,4137,2382,1399,2766
2026-04-15,9972,24820,8,6,bb09245e82b90785,225,1935,149,4782,992,714,734,441,5906,7925,4333,2559,1437,2660
2026-04-16,9680,24648,8,6,5fb532e4cefea577,247,1757,189,4730,1062,522,784,389,6292,7523,4522,2260,1277,2774
2026-04-17,8137,23655,8,6,b0f637105b1d01e7,211,1337,142,4221,725,375,762,364,6264,7154,4193,2072,1166,2806
2026-04-18,6361,20355,8,6,13ff40bc0854c3b2,193,995,140,3283,542,270,637,301,5278,6790,4023,1488,883,1893
2026-04-19,6766,21246,8,6,5adbf359eb43dbd9,235,1003,158,3507,588,362,626,287,5435,6793,4441,1644,1053,1880
2026-04-20,8614,24850,8,6,04ddb7a7b829b548,252,1333,155,4533,759,466,714,402,6283,7368,4592,2431,1270,2906
2026-04-21,9004,24464,8,6,20d999126402373e,214,2103,137,4279,824,378,717,352,6215,7138,4920,2030,1577,2584
2026-04-22,8912,24547,8,6,bf6060ea474252fa,233,1906,151,4386,786,336,767,347,6564,6976,4536,2234,1419,2818
2026-04-23,8543,25509,8,6,ad1d94f5160d4d78,277,1523,160,4391,718,374,747,353,7176,6743,5521,1960,1378,2731
2026-04-24,7931,24889,8,6,3a4847e149a296d1,222,1674,147,3917,605,342,671,353,7521,6496,5181,1810,1261,2620
2026-04-25,6781,22108,8,6,ff9909a815314316,165,1460,141,3190,619,307,571,328,6077,6737,5083,1383,939,1889
2026-04-26,6853,20543,8,6,4d50d5d689ec34c2,182,1447,148,3452,582,279,516,247,5157,6174,4878,1412,1024,1898
2026-04-27,8868,24636,8,6,13fed224e439d47d,217,1422,154,4471,984,367,915,338,6603,6634,4901,2404,1407,2687
2026-04-28,8941,25293,8,6,1f61de42629c0f62,221,1330,162,4325,1148,350,1029,376,6607,6645,5397,2405,1426,2813
2026-04-29,10201,26439,8,6,724b7b2e8687b74b,300,2970,292,4414,759,416,615,435,7321,6926,5238,2160,1479,3315
2026-04-30,10099,26447,8,6,dbaac882d0eb2304,225,3394,261,4091,743,414,615,356,7354,6969,5039,2036,1440,3609
2026-05-01,8049,24203,8,6,73c637caa63a91ef,185,1912,131,3853,695,349,614,310,6627,6748,4850,1713,1288,2977
2026-05-02,6556,19737,8,6,8b18881661e2870e,193,1436,170,3037,578,320,540,282,5277,6020,4284,1226,912,2018
2026-05-03,6881,20378,8,6,c89ee37587cf291c,186,1537,143,3375,554,268,551,267,5839,5567,4514,1474,1042,1942
2026-05-04,8215,23128,8,6,ef15caa8a387201c,214,1529,193,4106,696,490,651,336,6306,5811,4807,1884,1557,2763
2026-05-05,8593,23655,8,6,77d091a324da29b3,266,1388,191,4313,879,529,698,329,6503,6108,4660,2121,1484,2779
2026-05-06,8431,23275,8,6,10889f7f7bb17be6,441,1314,175,4241,752,434,679,395,6258,5620,4933,2248,1446,2770
2026-05-07,8204,24145,8,6,316ffefe4d5dab95,218,1453,164,4359,660,316,706,328,6977,5624,4979,2115,1598,2852
2026-05-08,7726,23217,8,6,98c080a6e9254ba8,221,1283,159,4029,599,358,738,339,6577,5383,5006,2106,1516,2629
2026-05-09,6418,20775,8,6,21b8ce1bb6bb9d0d,247,1225,145,3125,512,278,594,292,5899,5082,5208,1603,1096,1887
2026-05-10,6951,21031,8,6,5b9bf2548ca74f8c,215,1362,136,3451,590,306,592,299,6221,4891,5336,1568,1164,1851
2026-05-11,8817,25436,8,6,16a02f96addcd199,247,1599,164,4469,749,426,693,470,7174,5480,6186,2230,1555,2811
2026-05-12,9279,25593,8,6,1bcfffcc03ef7933,260,1758,197,4415,985,446,709,509,7723,5184,5952,2296,1586,2852
2026-05-13,9933,24539,8,6,21ae567e14aa4bf3,258,2607,182,4380,961,429,711,405,7149,5252,5820,2055,1364,2899
2026-05-14,9610,26166,8,6,a74ea133e09f58b9,230,2477,159,4465,794,368,712,405,7067,5574,6818,2067,1507,3133
2026-05-15,8956,23504,8,6,f43922f9c08f2a6a,241,2258,183,3986,801,339,726,422,6468,5173,5710,2021,1365,2767
2026-05-16,6951,21908,8,6,22510d71c445eb1a,215,1790,134,2841,653,311,712,295,6484,4778,6327,1523,941,1855
2026-05-17,6955,22365,8,6,3d4c97135e368dbc,176,1532,135,3263,679,272,639,259,6401,4707,6510,1468,1120,2159
2026-05-18,8549,25844,8,6,13ca9ed82f34c378,220,1658,185,4217,743,330,829,367,6490,5100,7927,2066,1429,2832
2026-05-19,8749,27747,8,6,e53910dfa5ed0469,237,1719,214,4284,734,367,829,365,6404,5267,8107,2221,2603,3145
2026-05-20,8388,28449,8,6,f9afcec0cb6da0f8,243,1635,211,4037,797,374,764,327,9330,5237,7438,1920,1666,2858
2026-05-21,8051,27541,8,6,d3d9eb8f6fd7f89e,206,1618,189,3878,670,330,793,367,7898,5201,8215,1887,1410,2930
2026-05-22,9251,25361,8,6,c3c84b76fc06a054,445,2735,147,3787,641,324,871,301,6451,5076,8118,1790,1280,2646
2026-05-23,7685,22642,8,6,fc4c23f7bdd57ab3,325,2114,146,3219,584,296,733,268,5593,4961,7743,1286,1047,2012
2026-05-24,6806,21894,8,6,6f507ee413e95706,265,1543,122,3258,512,264,533,309,5689,4733,7339,1092,1015,2026
2026-05-25,7614,23219,8,6,052e5d7ef5da3759,232,1556,160,3518,623,321,800,404,5769,5165,7344,1314,1193,2434
2026-05-26,7869,24642,8,6,23a2570b02bdf9c5,210,1353,166,3939,644,294,883,380,5907,4967,8060,1319,1441,2948
2026-05-27,8026,23803,8,6,ee51ef8bb96653fa,211,1355,175,4018,766,328,838,335,5809,5588,7005,1412,1326,2663
2026-05-28,9052,24338,8,6,d19b2098b19ed5d2,208,1681,174,4497,786,459,844,403,6128,5540,7121,1357,1449,2743
2026-05-29,9171,28699,8,6,d385cacfabf31fd5,202,1652,193,4041,804,1057,821,401,6210,5593,11238,1396,1339,2923
2026-05-30,6595,22266,8,6,00496f88bbc71109,167,970,137,3330,524,687,534,246,5118,5201,7929,905,924,2189
2026-05-31,6635,22686,8,6,1db309a928b2a6d0,198,960,127,3588,575,452,495,240,5031,5539,7944,1088,1040,2044
2026-06-01,8108,24556,8,6,ac59bf248b31b343,228,1534,164,4035,621,599,601,326,5504,5276,8513,1357,1254,2652
2026-06-02,8138,23392,8,6,50abe6936a67dda5,234,1230,154,3932,753,627,829,379,5829,4924,7260,1503,1214,2662
2026-06-03,7722,22278,8,6,51208b101779af88,238,1171,157,3670,648,505,932,401,5471,4697,6536,1353,1352,2869
2026-06-04,7225,24283,8,6,74daf1429a6fd419,204,1160,140,3465,634,428,822,372,5564,4836,8261,1283,1736,2603
2026-06-05,7392,22491,8,6,0c0ff63220f4bef1,300,1146,161,3183,653,452,872,625,5286,4439,7987,1169,1267,2343
2026-06-06,6207,19323,8,6,80c20906f1546715,191,1061,127,2971,510,320,549,478,4884,3984,6559,873,966,2057
2026-06-07,6370,19527,8,6,765abe29bf719f0f,207,1005,151,3224,505,351,499,428,5167,4061,6180,972,1123,2024
2026-06-08,7820,21218,8,6,9e33950630c9f8d5,257,1225,167,3696,671,529,717,558,5399,4292,6456,1354,1334,2383
2026-06-09,6949,20852,8,6,76cfc75308950922,212,978,163,3443,595,354,758,446,5556,4671,5454,1359,1287,2525
2026-06-10,7477,20682,8,6,032c281bc75a4a5c,252,1128,169,3459,947,262,813,447,5513,4726,5234,1329,1269,2611
2026-06-11,7422,20861,8,6,7b549e31f67bce5f,203,1141,170,3568,1049,311,624,356,5781,4395,5691,1286,1109,2599
2026-06-12,6693,19746,8,6,4bf3701dba0162d5,195,991,144,3277,680,282,791,333,5773,4359,4944,1214,1063,2393
2026-06-13,5808,19306,8,6,10f711827cedc06a,179,898,149,2896,581,270,602,233,5789,3999,5387,958,932,2241
2026-06-14,6103,21031,8,6,daa67c7329ca0fd5,194,879,146,3223,566,254,572,269,7323,3933,5342,1027,949,2457
2026-06-15,6732,21386,8,6,cc2b0a25888a64d1,193,1034,152,3331,605,334,825,258,6071,4693,5452,1262,1347,2561
2026-06-16,6546,20263,8,6,c4b4a9e009f26c9c,209,1188,135,3073,633,310,695,303,5867,4204,5127,1283,1103,2679
2026-06-17,8051,20128,8,6,6a494346122e4e33,223,2442,147,3305,654,287,659,334,6002,4507,4917,1150,1046,2506
2026-06-18,7969,20434,8,6,2768765bd1d1e1f0,331,2198,127,3289,784,269,697,274,5748,4293,5406,1223,1187,2577
2026-06-19,6579,19199,8,6,ef11b9d8ce44bfa2,249,1232,138,3181,598,220,653,308,5602,4475,4756,1030,923,2413
2026-06-20,5603,18014,8,6,e4c96e834707a75b,200,973,124,2862,460,212,528,244,5201,4137,4666,915,945,2150
2026-06-21,5806,19469,8,6,db4b9857d04c362f,158,929,145,2990,547,231,504,302,5388,4894,5014,965,989,2219
2026-06-22,8174,20325,8,6,461c2c8a9d9ee4d9,248,2425,155,3346,760,287,628,325,5830,4232,5243,1393,1118,2509
2026-06-23,7096,19747,8,6,37a73d7caf2bb322,305,1682,127,2956,594,250,778,404,5406,4380,5142,1072,1089,2658
2026-06-24,6563,19628,8,6,3176dad5c7a1c729,266,1371,133,2893,585,252,734,329,5165,4614,5195,1046,1046,2562
2026-06-25,6739,19081,8,6,9993122a5d9e35dd,204,1616,136,2727,666,257,836,297,5181,4513,4932,1003,1121,2331
2026-06-26,6284,18978,8,6,7b2f0408b5beae83,213,1500,129,2675,578,257,642,290,5222,4441,4982,1010,1083,2240
2026-06-27,5703,17867,8,6,0fb11074152d356f,212,1131,155,2584,510,242,633,236,4815,4183,5118,802,911,2038
2026-06-28,5758,19150,8,6,8926a113bcf63daa,210,1070,147,2696,502,244,653,236,4821,4736,5406,945,1169,2073
2026-06-29,7730,20371,8,6,900f046ba1841487,271,2660,144,2813,543,246,799,254,5248,4963,5435,1085,1289,2351
2026-06-30,7255,20264,8,6,c2b35e3ac4fab6c5,220,2330,125,2736,664,223,683,274,4900,5199,5082,1256,1224,2603
2026-07-01,6608,20092,8,6,04461e4e322105f9,210,1661,103,2802,586,232,752,262,4958,4525,5258,1084,1737,2530
2026-07-02,6313,18953,8,6,69891e31e94632e9,205,1348,152,2764,563,268,721,292,4970,4321,5064,1138,1003,2457
2026-07-03,5737,18649,8,6,d540229e364141d5,177,1137,154,2645,508,215,679,222,4703,4111,5123,1018,1338,2356
2026-07-04,5652,17025,8,6,a2aeb062b1d638f0,171,993,111,2852,466,210,619,230,4584,3807,4507,925,1093,2109
2026-07-05,5398,18646,8,6,c2127d072de2cc62,154,855,132,2828,494,209,525,201,4939,3888,5584,992,997,2246
2026-07-06,6019,19776,8,6,6e254c088ddb8546,198,1112,138,2785,574,260,733,219,4937,4004,5323,1076,1838,2598
2026-07-07,6098,18083,8,6,06453ac745bdba23,182,1009,180,2913,562,277,724,251,4701,4173,4410,1075,1223,2501
2026-07-08,6305,18157,8,6,27e6af79e40794dc,197,1131,115,3119,495,253,655,340,5108,3939,4417,1106,1113,2474
2026-07-09,6133,18407,8,6,b9dbf93e2f418b19,183,1272,137,2711,569,292,713,256,4997,3844,4806,1161,1230,2369
2026-07-10,5836,18143,8,6,4bcf301ac8c4c663,185,1385,108,2596,472,244,592,254,4924,4186,4681,966,1002,2384
2026-07-11,5671,16487,8,6,d7dc3d5feb12ecb2,170,1125,133,2616,453,410,550,214,4745,3803,4391,848,798,1902
2026-07-12,5473,17326,8,6,3a56d719b82eec14,205,954,190,2715,396,249,554,210,5051,3788,4593,959,991,1944
2026-07-13,6243,18891,8,6,75a7d831db8501fd,229,1098,167,2991,534,254,705,265,5329,3636,5400,1192,1119,2215
2026-07-14,6637,20368,8,6,a4561112fdce80e9,173,1383,238,2984,599,219,698,343,5012,4054,4732,1171,3095,2304
2026-07-15,6284,18108,8,6,113df0d94e3f4a33,205,1330,157,2916,589,207,624,256,5127,3794,4485,1083,1170,2449
2026-07-16,6390,19100,8,6,e00d0f07e55c3b62,188,1467,183,2934,583,224,519,292,5110,3900,5266,1111,1289,2424
2026-07-17,6000,20744,8,6,37d31c5ecfd41dfb,177,1221,168,2816,547,213,553,305,6590,4149,4568,2178,1005,2254
2026-07-18,5157,19551,8,6,3191d4d048016cdd,161,899,149,2609,459,170,472,238,4957,4063,5633,1734,1032,2132
2026-07-19,5172,18485,8,6,ad48ae2d65b457cf,125,861,165,2719,494,264,369,175,5413,3913,4998,892,1113,2156
2026-07-20,5597,19610,8,6,1c787a40878083d1,183,1047,175,2728,477,220,532,235,5159,5293,4904,943,1112,2199
2026-07-21,5896,18468,8,6,924b8416cae23bf3,208,1180,170,2816,551,234,516,221,5060,4265,4158,1511,1040,2434
2026-07-22,5936,18049,8,6,432b4551045c31e7,192,1002,169,2884,593,254,588,254,5133,4187,4150,1116,1145,2318
2026-07-23,5951,17970,8,6,1d3fb0097986b281,261,1131,197,2642,543,219,673,285,5074,4227,4196,991,1093,2389
2026-07-24,5701,17241,8,6,ed3983722f96122b,238,929,196,2587,460,246,808,237,4833,4122,4196,939,948,2203
2026-07-25,5034,16768,8,6,c37b5f569edf8c34,165,772,159,2607,430,179,487,235,4922,3778,4168,934,930,2036
2026-07-26,5193,18072,8,6,8e283b6db24b9731,137,743,160,2815,450,183,489,216,5008,4213,4757,971,933,2190
2026-07-27,5991,18903,8,6,6b089568c376bf0e,207,1147,179,2796,521,217,628,296,5201,4332,4923,1059,1057,2331
2026-07-28,6311,19922,8,6,8a1d4680ba7de67b,230,1145,167,2959,593,229,682,306,5260,4273,5340,1155,1064,2830
2026-07-29,7635,19459,8,6,2099262639d326b2,210,2188,190,2923,613,235,884,392,5512,4606,4855,1186,1013,2287
2026-07-30,7059,18750,8,6,c5d05d0f12959ee4,229,1849,219,2699,663,341,746,313,5347,4399,4556,1048,1146,2254
2026-07-31,6034,21355,8,6,50d1d1855c3e9846,194,1350,171,2593,514,229,732,251,5057,4438,7611,969,1007,2273
2026-08-01,5458,24140,8,6,56fd84e1eee1b4a8,181,1002,149,2588,538,172,592,236,4875,4101,11163,833,1052,2116
2026-08-02,5452,25077,8,6,a26c7a3acbae4e77,211,905,160,2743,488,219,519,207,5131,4608,11310,863,1094,2071
2026-08-03,6098,22862,8,6,df8c6db79dc441b1,215,970,174,2999,592,281,621,246,5291,4388,8561,1117,1174,2331
2026-08-04,6092,23032,8,6,3636f146b998b56d,207,992,155,2893,603,308,629,305,5222,4793,8171,1019,1217,2610
2026-08-05,6328,25623,8,6,c96aadc052a9d657,197,1231,154,2780,601,289,708,368,5374,7893,7757,1072,1275,2252
2026-08-06,5820,21843,8,6,a828f65ace1cecc5,196,1072,173,2600,594,325,592,268,5197,5163,7166,1013,1119,2185
2026-08-07,5566,20055,8,6,6f669c6b4d264eeb,184,1084,153,2497,543,244,595,266,4983,4462,6287,872,1090,2361
2026-08-08,5109,21059,8,6,b5b99e6851498966,173,1022,163,2292,532,182,501,244,4929,4126,8110,674,1374,1846
2026-08-09,5494,19807,8,6,80fcd92335e15f91,199,886,144,2774,578,210,474,229,4920,4051,7074,844,972,1946
2026-08-10,6131,19436,8,6,361665aedb834d1e,213,1276,157,2761,597,273,589,265,4847,3856,6379,1020,1130,2204
2026-08-11,5870,19785,8,6,aaaf147298c54909,234,1093,157,2684,568,259,595,280,5076,4560,5717,999,1105,2328
2026-08-12,5727,21079,8,6,31aab17d1d084d53,200,1077,184,2647,590,207,588,234,4883,6851,4921,1129,1087,2208
2026-08-13,6046,20383,8,6,dda4624b536391d7,243,1029,272,2618,584,343,688,269,4973,5353,5475,1059,1158,2365
2026-08-14,5857,19454,8,6,3487cb6baf32e63f,213,909,169,2716,549,395,634,272,5468,4561,5147,1012,1133,2133
2026-08-15,5583,18141,8,6,80c6d8f2f07f45b6,170,1086,167,2500,494,276,595,295,5164,4127,4978,840,1078,1954
2026-08-16,6005,19444,8,6,9d0082aa5d08a14d,295,964,226,2583,523,419,745,250,6275,4251,5017,830,1093,1978
2026-08-17,6225,19632,8,6,e72181e0c6718396,243,881,231,2958,662,290,670,290,5449,4398,5110,1057,1211,2407
2026-08-18,6486,18936,8,6,a036d2163123cdc7,228,948,174,3058,546,380,823,329,5138,4272,4843,996,1073,2614
2026-08-19,6494,18801,8,6,5bcfc111bba9ee54,316,1139,142,2998,612,309,674,304,5109,4296,4607,1123,1135,2531
2026-08-20,6461,18744,8,6,248af4443bd59052,288,1272,184,2905,597,301,609,305,5468,4271,4496,1094,1106,2309
2026-08-21,6130,19131,8,6,3391f591531e696c,281,1104,174,2953,561,249,532,276,5433,4490,4585,1038,1176,2409
2026-08-22,5491,19223,8,6,7a601240ad92b6fa,187,966,178,2645,508,240,477,290,5543,4661,4883,933,1135,2068
2026-08-23,5855,19442,8,6,066ea739ce3ee143,228,918,183,2707,523,257,798,241,5147,4534,5466,940,1130,2225
2026-08-24,6445,21513,8,6,5b138a23911ce5d2,334,1193,194,3124,540,243,576,241,5345,5335,5095,1235,1293,3210
2026-08-25,7017,22368,8,6,1eedf44d8ca08c27,261,1302,197,3306,734,374,581,262,5592,5797,5144,1491,1265,3079
2026-08-26,7015,24504,8,6,ed6cee3cfd8519ac,269,1193,179,3281,763,355,695,280,5988,5066,8209,1380,1205,2656
2026-08-27,6716,34152,8,6,ed41999a4b1db81f,219,1414,199,3085,624,293,636,246,5157,5746,17985,1334,1233,2697
2026-08-28,6949,36124,8,6,9abd874a801742b3,239,1709,164,2921,590,363,688,275,5649,8442,16909,1312,1231,2581
2026-08-29,6297,27536,8,6,f2b6b7f6a5943aaa,207,1252,163,2793,688,295,610,289,5232,5017,13067,1180,975,2065
2026-08-30,6275,25943,8,6,797a0e4cdd7cb113,256,1354,189,2895,567,251,564,199,5129,4818,11765,1108,1051,2072
2026-08-31,7399,25220,8,6,b6d38c8c34b7de8b,257,1316,326,3131,861,370,773,365,5314,4974,9962,1270,1190,2510
2026-09-01,7166,24087,8,6,87556954776668b7,237,1220,219,3328,759,328,757,318,5509,4898,8335,1427,1216,2702
2026-09-02,7683,24339,8,6,e61760ac847548e6,246,1421,217,3722,633,367,741,336,5568,4974,7978,1519,1321,2979
2026-09-03,6907,22237,8,6,2660991e1f5edced,260,1190,170,3455,600,273,634,325,5615,4533,6427,1508,1398,2756
2026-09-04,6362,21691,8,6,7386a2a7a61976fb,209,1270,177,2993,585,267,578,283,5562,4865,5745,1309,1457,2753
